design,block_num,trial_dir,word_idx,word_text,item_type,result,timestamp
three_3_syllable_words,1,trial_1,1,蒸馏水,word,y,2026-03-15 14:47:29
three_3_syllable_words,1,trial_1,2,乒乓球,word,y,2026-03-15 14:47:38
three_3_syllable_words,1,trial_1,3,责任感,word,y,2026-03-15 14:47:44
three_3_syllable_words,1,trial_1,cue,水,cue,n,2026-03-15 14:47:50
three_3_syllable_words,1,trial_2,1,神经元,word,y,2026-03-15 14:47:56
three_3_syllable_words,1,trial_2,2,工艺品,word,y,2026-03-15 14:48:01
three_3_syllable_words,1,trial_2,3,主人翁,word,n,2026-03-15 14:48:09
three_3_syllable_words,1,trial_2,cue,主,cue,y,2026-03-15 14:48:13
three_3_syllable_words,1,trial_3,1,魔术师,word,y,2026-03-15 14:48:18
three_3_syllable_words,1,trial_3,2,写字台,word,n,2026-03-15 14:48:24
three_3_syllable_words,1,trial_3,3,反动派,word,y,2026-03-15 14:48:30
three_3_syllable_words,1,trial_3,cue,动,cue,y,2026-03-15 14:48:33
three_3_syllable_words,1,trial_4,1,志愿军,word,y,2026-03-15 14:48:39
three_3_syllable_words,1,trial_4,2,氨基酸,word,n,2026-03-15 14:48:46
three_3_syllable_words,1,trial_4,3,手榴弹,word,n,2026-03-15 14:48:54
three_3_syllable_words,1,trial_4,cue,氨,cue,y,2026-03-15 14:48:58
three_3_syllable_words,1,trial_5,1,直辖市,word,y,2026-03-15 14:49:03
three_3_syllable_words,1,trial_5,2,公安局,word,y,2026-03-15 14:49:09
three_3_syllable_words,1,trial_5,3,天花板,word,y,2026-03-15 14:49:15
three_3_syllable_words,1,trial_5,cue,市,cue,y,2026-03-15 14:49:19
three_3_syllable_words,1,trial_6,1,反动派,word,y,2026-03-15 14:49:24
three_3_syllable_words,1,trial_6,2,银河系,word,y,2026-03-15 14:49:29
three_3_syllable_words,1,trial_6,3,病原体,word,n,2026-03-15 14:49:41
three_3_syllable_words,1,trial_6,cue,派,cue,y,2026-03-15 14:49:45
three_3_syllable_words,1,trial_7,1,进行曲,word,n,2026-03-15 14:49:52
three_3_syllable_words,1,trial_7,2,视网膜,word,y,2026-03-15 14:49:58
three_3_syllable_words,1,trial_7,3,国务院,word,n,2026-03-15 14:50:05
three_3_syllable_words,1,trial_7,cue,膜,cue,y,2026-03-15 14:50:08
three_3_syllable_words,1,trial_8,1,同位素,word,n,2026-03-15 14:50:16
three_3_syllable_words,1,trial_8,2,责任感,word,y,2026-03-15 14:50:21
three_3_syllable_words,1,trial_8,3,西红柿,word,y,2026-03-15 14:50:50
three_3_syllable_words,1,trial_8,cue,位,cue,y,2026-03-15 14:50:54
three_3_syllable_words,1,trial_9,1,呼吸道,word,y,2026-03-15 14:50:59
three_3_syllable_words,1,trial_9,2,金黄色,word,n,2026-03-15 14:51:06
three_3_syllable_words,1,trial_9,3,望远镜,word,y,2026-03-15 14:51:11
three_3_syllable_words,1,trial_9,cue,道,cue,y,2026-03-15 14:51:14
three_3_syllable_words,1,trial_10,1,交响悦,word,n,2026-03-15 14:51:21
three_3_syllable_words,1,trial_10,2,同位素,word,y,2026-03-15 14:51:30
three_3_syllable_words,1,trial_10,3,幼儿园,word,y,2026-03-15 14:51:36
three_3_syllable_words,1,trial_10,cue,儿,cue,y,2026-03-15 14:51:39
three_3_syllable_words,1,trial_11,1,同位素,word,y,2026-03-15 14:51:44
three_3_syllable_words,1,trial_11,2,重要性,word,y,2026-03-15 14:51:49
three_3_syllable_words,1,trial_11,3,参谋掌,word,y,2026-03-15 14:51:56
three_3_syllable_words,1,trial_11,cue,谋,cue,y,2026-03-15 14:51:59
three_3_syllable_words,1,trial_12,1,出版社,word,y,2026-03-15 14:52:04
three_3_syllable_words,1,trial_12,2,紫外线,word,y,2026-03-15 14:52:10
three_3_syllable_words,1,trial_12,3,公安局,word,y,2026-03-15 14:52:16
three_3_syllable_words,1,trial_12,cue,版,cue,y,2026-03-15 14:52:25
three_3_syllable_words,1,trial_13,1,望远镜,word,y,2026-03-15 14:52:37
three_3_syllable_words,1,trial_13,2,金黄色,word,n,2026-03-15 14:52:45
three_3_syllable_words,1,trial_13,3,代表团,word,n,2026-03-15 14:52:53
three_3_syllable_words,1,trial_13,cue,金,cue,y,2026-03-15 14:54:25
three_3_syllable_words,1,trial_14,1,内分泌,word,y,2026-03-15 14:54:31
three_3_syllable_words,1,trial_14,2,科学家,word,y,2026-03-15 14:54:36
three_3_syllable_words,1,trial_14,3,方程式,word,n,2026-03-15 14:54:42
three_3_syllable_words,1,trial_14,cue,泌,cue,n,2026-03-15 14:54:48
three_3_syllable_words,1,trial_15,1,传叫士,word,y,2026-03-15 14:54:53
three_3_syllable_words,1,trial_15,2,荧光屏,word,n,2026-03-15 14:54:59
three_3_syllable_words,1,trial_15,3,障碍物,word,y,2026-03-15 14:55:04
three_3_syllable_words,1,trial_15,cue,叫,cue,y,2026-03-15 14:55:08
three_3_syllable_words,1,trial_16,1,志愿军,word,y,2026-03-15 14:55:13
three_3_syllable_words,1,trial_16,2,氨基酸,word,n,2026-03-15 14:55:20
three_3_syllable_words,1,trial_16,3,代表团,word,y,2026-03-15 14:55:26
three_3_syllable_words,1,trial_16,cue,表,cue,n,2026-03-15 14:55:30
three_3_syllable_words,1,trial_17,1,穿山甲,word,y,2026-03-15 14:55:36
three_3_syllable_words,1,trial_17,2,病原体,word,n,2026-03-15 14:55:42
three_3_syllable_words,1,trial_17,3,超声波,word,y,2026-03-15 14:55:48
three_3_syllable_words,1,trial_17,cue,超,cue,y,2026-03-15 14:55:51
three_3_syllable_words,1,trial_18,1,奴隶制,word,n,2026-03-15 14:55:59
three_3_syllable_words,1,trial_18,2,病原体,word,n,2026-03-15 14:56:04
three_3_syllable_words,1,trial_18,3,荧光屏,word,n,2026-03-15 14:56:10
three_3_syllable_words,1,trial_18,cue,体,cue,n,2026-03-15 14:56:14
three_3_syllable_words,1,trial_19,1,笔记本,word,n,2026-03-15 14:56:21
three_3_syllable_words,1,trial_19,2,写字台,word,n,2026-03-15 14:56:30
three_3_syllable_words,1,trial_19,3,视网膜,word,y,2026-03-15 14:56:35
three_3_syllable_words,1,trial_19,cue,本,cue,y,2026-03-15 14:56:45
three_3_syllable_words,1,trial_20,1,锦标赛,word,y,2026-03-15 14:56:51
three_3_syllable_words,1,trial_20,2,西红柿,word,y,2026-03-15 14:56:56
three_3_syllable_words,1,trial_20,3,介绍信,word,y,2026-03-15 14:57:11
three_3_syllable_words,1,trial_20,cue,绍,cue,y,2026-03-15 14:57:14
three_3_syllable_words,1,trial_21,1,单细胞,word,y,2026-03-15 14:57:24
three_3_syllable_words,1,trial_21,2,笔记本,word,y,2026-03-15 14:57:30
three_3_syllable_words,1,trial_21,3,相对论,word,n,2026-03-15 14:57:37
three_3_syllable_words,1,trial_21,cue,对,cue,y,2026-03-15 14:57:40
three_3_syllable_words,1,trial_22,1,进行曲,word,n,2026-03-15 14:57:48
three_3_syllable_words,1,trial_22,2,蒸馏水,word,y,2026-03-15 14:57:54
three_3_syllable_words,1,trial_22,3,反动派,word,y,2026-03-15 14:58:00
three_3_syllable_words,1,trial_22,cue,水,cue,y,2026-03-15 14:58:04
three_3_syllable_words,1,trial_23,1,男籽汉,word,n,2026-03-15 14:58:10
three_3_syllable_words,1,trial_23,2,神经元,word,y,2026-03-15 14:58:15
three_3_syllable_words,1,trial_23,3,参谋掌,word,y,2026-03-15 14:58:20
three_3_syllable_words,1,trial_23,cue,籽,cue,n,2026-03-15 14:58:25
three_3_syllable_words,1,trial_24,1,青哨年,word,y,2026-03-15 14:58:31
three_3_syllable_words,1,trial_24,2,手榴弹,word,n,2026-03-15 14:58:36
three_3_syllable_words,1,trial_24,3,奴隶制,word,y,2026-03-15 14:58:43
three_3_syllable_words,1,trial_24,cue,年,cue,y,2026-03-15 14:58:46
three_3_syllable_words,1,trial_25,1,普通话,word,n,2026-03-15 14:58:51
three_3_syllable_words,1,trial_25,2,冷空气,word,y,2026-03-15 14:58:56
three_3_syllable_words,1,trial_25,3,淋巴结,word,n,2026-03-15 14:59:02
three_3_syllable_words,1,trial_25,cue,淋,cue,y,2026-03-15 14:59:04
three_3_syllable_words,1,trial_26,1,太阳能,word,y,2026-03-15 14:59:10
three_3_syllable_words,1,trial_26,2,自然界,word,y,2026-03-15 14:59:14
three_3_syllable_words,1,trial_26,3,冷空气,word,y,2026-03-15 14:59:20
three_3_syllable_words,1,trial_26,cue,空,cue,y,2026-03-15 14:59:23
three_3_syllable_words,1,trial_27,1,录音机,word,n,2026-03-15 14:59:29
three_3_syllable_words,1,trial_27,2,检察官,word,y,2026-03-15 14:59:33
three_3_syllable_words,1,trial_27,3,蒸馏水,word,y,2026-03-15 14:59:39
three_3_syllable_words,1,trial_27,cue,馏,cue,y,2026-03-15 14:59:42
three_3_syllable_words,1,trial_28,1,检察官,word,y,2026-03-15 14:59:47
three_3_syllable_words,1,trial_28,2,锦标赛,word,y,2026-03-15 14:59:52
three_3_syllable_words,1,trial_28,3,海平面,word,y,2026-03-15 14:59:57
three_3_syllable_words,1,trial_28,cue,海,cue,y,2026-03-15 15:00:01
three_3_syllable_words,1,trial_29,1,耗奇心,word,y,2026-03-15 15:00:05
three_3_syllable_words,1,trial_29,2,乒乓球,word,y,2026-03-15 15:00:11
three_3_syllable_words,1,trial_29,3,望远镜,word,y,2026-03-15 15:00:16
three_3_syllable_words,1,trial_29,cue,乒,cue,y,2026-03-15 15:00:20
three_3_syllable_words,1,trial_30,1,直辖市,word,y,2026-03-15 15:00:29
three_3_syllable_words,1,trial_30,2,超声波,word,y,2026-03-15 15:00:34
three_3_syllable_words,1,trial_30,3,创造力,word,y,2026-03-15 15:00:40
three_3_syllable_words,1,trial_30,cue,辖,cue,y,2026-03-15 15:00:42
three_3_syllable_words,1,trial_31,1,宇航员,word,y,2026-03-15 15:00:47
three_3_syllable_words,1,trial_31,2,图书馆,word,y,2026-03-15 15:00:52
three_3_syllable_words,1,trial_31,3,西红柿,word,y,2026-03-15 15:00:58
three_3_syllable_words,1,trial_31,cue,图,cue,y,2026-03-15 15:01:02
three_3_syllable_words,1,trial_32,1,介绍信,word,y,2026-03-15 15:01:07
three_3_syllable_words,1,trial_32,2,海平面,word,y,2026-03-15 15:01:12
three_3_syllable_words,1,trial_32,3,金黄色,word,y,2026-03-15 15:01:17
three_3_syllable_words,1,trial_32,cue,海,cue,y,2026-03-15 15:01:19
three_3_syllable_words,1,trial_33,1,俱乐部,word,y,2026-03-15 15:01:24
three_3_syllable_words,1,trial_33,2,检察官,word,y,2026-03-15 15:01:29
three_3_syllable_words,1,trial_33,3,多边形,word,y,2026-03-15 15:01:34
three_3_syllable_words,1,trial_33,cue,乐,cue,n,2026-03-15 15:01:40
three_3_syllable_words,1,trial_34,1,天花板,word,y,2026-03-15 15:01:46
three_3_syllable_words,1,trial_34,2,传叫士,word,y,2026-03-15 15:01:51
three_3_syllable_words,1,trial_34,3,暴风雨,word,y,2026-03-15 15:01:56
three_3_syllable_words,1,trial_34,cue,士,cue,y,2026-03-15 15:01:59
three_3_syllable_words,1,trial_35,1,电冰箱,word,n,2026-03-15 15:02:05
three_3_syllable_words,1,trial_35,2,普通话,word,n,2026-03-15 15:02:16
three_3_syllable_words,1,trial_35,3,消费者,word,y,2026-03-15 15:02:26
three_3_syllable_words,1,trial_35,cue,话,cue,y,2026-03-15 15:02:28
three_3_syllable_words,1,trial_36,1,畜牧业,word,n,2026-03-15 15:02:34
three_3_syllable_words,1,trial_36,2,灵敏度,word,n,2026-03-15 15:02:39
three_3_syllable_words,1,trial_36,3,病原体,word,n,2026-03-15 15:02:51
three_3_syllable_words,1,trial_36,cue,灵,cue,y,2026-03-15 15:02:54
three_3_syllable_words,1,trial_37,1,志愿军,word,y,2026-03-15 15:02:59
three_3_syllable_words,1,trial_37,2,太阳能,word,y,2026-03-15 15:03:06
three_3_syllable_words,1,trial_37,3,俱乐部,word,y,2026-03-15 15:03:11
three_3_syllable_words,1,trial_37,cue,军,cue,y,2026-03-15 15:03:14
three_3_syllable_words,1,trial_38,1,电冰箱,word,y,2026-03-15 15:03:20
three_3_syllable_words,1,trial_38,2,超声波,word,y,2026-03-15 15:03:27
three_3_syllable_words,1,trial_38,3,内分泌,word,y,2026-03-15 15:03:32
three_3_syllable_words,1,trial_38,cue,波,cue,y,2026-03-15 15:03:35
three_3_syllable_words,1,trial_39,1,代表团,word,n,2026-03-15 15:03:40
three_3_syllable_words,1,trial_39,2,介绍信,word,y,2026-03-15 15:03:45
three_3_syllable_words,1,trial_39,3,障碍物,word,n,2026-03-15 15:03:51
three_3_syllable_words,1,trial_39,cue,信,cue,y,2026-03-15 15:03:53
three_3_syllable_words,1,trial_40,1,西红柿,word,y,2026-03-15 15:03:58
three_3_syllable_words,1,trial_40,2,宇航员,word,y,2026-03-15 15:04:04
three_3_syllable_words,1,trial_40,3,氨基酸,word,y,2026-03-15 15:04:15
three_3_syllable_words,1,trial_40,cue,宇,cue,y,2026-03-15 15:04:31
three_3_syllable_words,1,trial_41,1,银河系,word,y,2026-03-15 15:09:48
three_3_syllable_words,1,trial_41,2,乒乓球,word,y,2026-03-15 15:09:53
three_3_syllable_words,1,trial_41,3,灵敏度,word,n,2026-03-15 15:10:01
three_3_syllable_words,1,trial_41,cue,系,cue,y,2026-03-15 15:10:10
three_3_syllable_words,2,trial_1,1,会议室,word,y,2026-03-15 15:10:16
three_3_syllable_words,2,trial_1,2,党中央,word,y,2026-03-15 15:10:20
three_3_syllable_words,2,trial_1,3,代表团,word,n,2026-03-15 15:10:30
three_3_syllable_words,2,trial_1,cue,央,cue,y,2026-03-15 15:10:32
three_3_syllable_words,2,trial_2,1,直辖市,word,y,2026-03-15 15:10:38
three_3_syllable_words,2,trial_2,2,穿山甲,word,y,2026-03-15 15:10:43
three_3_syllable_words,2,trial_2,3,主人翁,word,y,2026-03-15 15:10:49
three_3_syllable_words,2,trial_2,cue,穿,cue,y,2026-03-15 15:10:51
three_3_syllable_words,2,trial_3,1,直辖市,word,y,2026-03-15 15:10:56
three_3_syllable_words,2,trial_3,2,乒乓球,word,y,2026-03-15 15:11:01
three_3_syllable_words,2,trial_3,3,写字台,word,y,2026-03-15 15:11:07
three_3_syllable_words,2,trial_3,cue,球,cue,y,2026-03-15 15:11:09
three_3_syllable_words,2,trial_4,1,出版社,word,y,2026-03-15 15:11:14
three_3_syllable_words,2,trial_4,2,创造力,word,y,2026-03-15 15:11:24
three_3_syllable_words,2,trial_4,3,银河系,word,y,2026-03-15 15:11:28
three_3_syllable_words,2,trial_4,cue,河,cue,y,2026-03-15 15:11:30
three_3_syllable_words,2,trial_5,1,介绍信,word,y,2026-03-15 15:11:39
three_3_syllable_words,2,trial_5,2,直辖市,word,y,2026-03-15 22:30:30
three_3_syllable_words,2,trial_5,3,变压器,word,y,2026-03-15 22:30:35
three_3_syllable_words,2,trial_5,cue,直,cue,y,2026-03-15 22:30:37
three_3_syllable_words,2,trial_6,1,多边形,word,y,2026-03-15 22:30:45
three_3_syllable_words,2,trial_6,2,国务院,word,n,2026-03-15 22:30:57
three_3_syllable_words,2,trial_6,3,科学家,word,y,2026-03-15 22:31:02
three_3_syllable_words,2,trial_6,cue,院,cue,y,2026-03-15 22:31:05
three_3_syllable_words,2,trial_7,1,笔记本,word,y,2026-03-15 22:31:11
three_3_syllable_words,2,trial_7,2,写字台,word,y,2026-03-15 22:31:17
three_3_syllable_words,2,trial_7,3,党中央,word,y,2026-03-15 22:31:22
three_3_syllable_words,2,trial_7,cue,中,cue,y,2026-03-15 22:31:24
three_3_syllable_words,2,trial_8,1,直辖市,word,y,2026-03-15 22:31:29
three_3_syllable_words,2,trial_8,2,海平面,word,y,2026-03-15 22:31:34
three_3_syllable_words,2,trial_8,3,国务院,word,y,2026-03-15 22:31:40
three_3_syllable_words,2,trial_8,cue,国,cue,y,2026-03-15 22:31:43
three_3_syllable_words,2,trial_9,1,价值观,word,y,2026-03-15 22:31:48
three_3_syllable_words,2,trial_9,2,婚姻法,word,y,2026-03-15 22:31:54
three_3_syllable_words,2,trial_9,3,工艺品,word,y,2026-03-15 22:31:58
three_3_syllable_words,2,trial_9,cue,值,cue,y,2026-03-15 22:32:01
three_3_syllable_words,2,trial_10,1,障碍物,word,y,2026-03-15 22:32:06
three_3_syllable_words,2,trial_10,2,重要性,word,y,2026-03-15 22:32:11
three_3_syllable_words,2,trial_10,3,科学家,word,y,2026-03-15 22:32:17
three_3_syllable_words,2,trial_10,cue,物,cue,y,2026-03-15 22:32:21
three_3_syllable_words,2,trial_11,1,望远镜,word,y,2026-03-15 22:32:27
three_3_syllable_words,2,trial_11,2,同位素,word,y,2026-03-15 22:32:32
three_3_syllable_words,2,trial_11,3,代表团,word,y,2026-03-15 22:32:37
three_3_syllable_words,2,trial_11,cue,同,cue,y,2026-03-15 22:32:40
three_3_syllable_words,2,trial_12,1,紫外线,word,n,2026-03-15 22:32:48
three_3_syllable_words,2,trial_12,2,单细胞,word,y,2026-03-15 22:32:53
three_3_syllable_words,2,trial_12,3,超声波,word,y,2026-03-15 22:32:58
three_3_syllable_words,2,trial_12,cue,胞,cue,y,2026-03-15 22:33:00
three_3_syllable_words,2,trial_13,1,招待所,word,y,2026-03-15 22:33:05
three_3_syllable_words,2,trial_13,2,公安局,word,y,2026-03-15 22:33:11
three_3_syllable_words,2,trial_13,3,银河系,word,y,2026-03-15 22:33:16
three_3_syllable_words,2,trial_13,cue,公,cue,y,2026-03-15 22:33:18
three_3_syllable_words,2,trial_14,1,公安局,word,y,2026-03-15 22:33:23
three_3_syllable_words,2,trial_14,2,写字台,word,y,2026-03-15 22:33:27
three_3_syllable_words,2,trial_14,3,传叫士,word,y,2026-03-15 22:33:32
three_3_syllable_words,2,trial_14,cue,局,cue,y,2026-03-15 22:33:34
three_3_syllable_words,2,trial_15,1,出版社,word,y,2026-03-15 22:33:39
three_3_syllable_words,2,trial_15,2,视网膜,word,y,2026-03-15 22:33:44
three_3_syllable_words,2,trial_15,3,灵敏度,word,n,2026-03-15 22:33:52
three_3_syllable_words,2,trial_15,cue,敏,cue,y,2026-03-15 22:33:55
three_3_syllable_words,2,trial_16,1,耗奇心,word,y,2026-03-15 22:34:00
three_3_syllable_words,2,trial_16,2,普通话,word,y,2026-03-15 22:34:05
three_3_syllable_words,2,trial_16,3,畜牧业,word,n,2026-03-15 22:34:14
three_3_syllable_words,2,trial_16,cue,心,cue,y,2026-03-15 22:34:18
three_3_syllable_words,2,trial_17,1,单细胞,word,y,2026-03-15 22:34:23
three_3_syllable_words,2,trial_17,2,检察官,word,y,2026-03-15 22:34:28
three_3_syllable_words,2,trial_17,3,催化剂,word,y,2026-03-15 22:34:32
three_3_syllable_words,2,trial_17,cue,催,cue,y,2026-03-15 22:34:35
three_3_syllable_words,2,trial_18,1,责任感,word,y,2026-03-15 22:34:40
three_3_syllable_words,2,trial_18,2,穿山甲,word,y,2026-03-15 22:34:44
three_3_syllable_words,2,trial_18,3,党中央,word,y,2026-03-15 22:34:48
three_3_syllable_words,2,trial_18,cue,感,cue,y,2026-03-15 22:34:50
three_3_syllable_words,2,trial_19,1,氨基酸,word,y,2026-03-15 22:34:54
three_3_syllable_words,2,trial_19,2,奴隶制,word,n,2026-03-15 22:35:00
three_3_syllable_words,2,trial_19,3,魔术师,word,y,2026-03-15 22:35:05
three_3_syllable_words,2,trial_19,cue,基,cue,y,2026-03-15 22:35:08
three_3_syllable_words,2,trial_20,1,高利贷,word,y,2026-03-15 22:35:13
three_3_syllable_words,2,trial_20,2,电冰箱,word,y,2026-03-15 22:35:24
three_3_syllable_words,2,trial_20,3,畜牧业,word,n,2026-03-15 22:35:31
three_3_syllable_words,2,trial_20,cue,利,cue,n,2026-03-15 22:35:34
three_3_syllable_words,2,trial_21,1,淋巴结,word,y,2026-03-15 22:35:39
three_3_syllable_words,2,trial_21,2,荧光屏,word,n,2026-03-15 22:35:47
three_3_syllable_words,2,trial_21,3,魔术师,word,y,2026-03-15 22:35:52
three_3_syllable_words,2,trial_21,cue,屏,cue,n,2026-03-15 22:35:57
three_3_syllable_words,2,trial_22,1,销售额,word,y,2026-03-15 22:36:58
three_3_syllable_words,2,trial_22,2,进行曲,word,n,2026-03-15 22:37:05
three_3_syllable_words,2,trial_22,3,笔记本,word,y,2026-03-15 22:37:10
three_3_syllable_words,2,trial_22,cue,进,cue,y,2026-03-15 22:37:13
three_3_syllable_words,2,trial_23,1,招待所,word,y,2026-03-15 22:37:19
three_3_syllable_words,2,trial_23,2,视网膜,word,y,2026-03-15 22:37:25
three_3_syllable_words,2,trial_23,3,奴隶制,word,n,2026-03-15 22:37:31
three_3_syllable_words,2,trial_23,cue,奴,cue,n,2026-03-15 22:37:34
three_3_syllable_words,2,trial_24,1,男籽汉,word,y,2026-03-15 22:37:40
three_3_syllable_words,2,trial_24,2,金黄色,word,y,2026-03-15 22:37:45
three_3_syllable_words,2,trial_24,3,淋巴结,word,y,2026-03-15 22:37:50
three_3_syllable_words,2,trial_24,cue,汉,cue,y,2026-03-15 22:37:52
three_3_syllable_words,2,trial_25,1,国务院,word,y,2026-03-15 22:37:57
three_3_syllable_words,2,trial_25,2,会议室,word,y,2026-03-15 22:38:01
three_3_syllable_words,2,trial_25,3,天花板,word,y,2026-03-15 22:38:06
three_3_syllable_words,2,trial_25,cue,室,cue,y,2026-03-15 22:38:09
three_3_syllable_words,2,trial_26,1,会议室,word,y,2026-03-15 22:38:13
three_3_syllable_words,2,trial_26,2,手榴弹,word,n,2026-03-15 22:38:24
three_3_syllable_words,2,trial_26,3,冷空气,word,y,2026-03-15 22:38:31
three_3_syllable_words,2,trial_26,cue,弹,cue,n,2026-03-15 22:38:37
three_3_syllable_words,2,trial_27,1,障碍物,word,y,2026-03-15 22:38:42
three_3_syllable_words,2,trial_27,2,锦标赛,word,y,2026-03-15 22:38:47
three_3_syllable_words,2,trial_27,3,方程式,word,n,2026-03-15 22:38:54
three_3_syllable_words,2,trial_27,cue,碍,cue,y,2026-03-15 22:38:57
three_3_syllable_words,2,trial_28,1,淋巴结,word,y,2026-03-15 22:39:02
three_3_syllable_words,2,trial_28,2,国务院,word,y,2026-03-15 22:39:09
three_3_syllable_words,2,trial_28,3,传叫士,word,y,2026-03-15 22:39:13
three_3_syllable_words,2,trial_28,cue,结,cue,y,2026-03-15 22:39:16
three_3_syllable_words,2,trial_29,1,销售额,word,y,2026-03-15 22:39:21
three_3_syllable_words,2,trial_29,2,主人翁,word,y,2026-03-15 22:39:26
three_3_syllable_words,2,trial_29,3,金黄色,word,y,2026-03-15 22:39:33
three_3_syllable_words,2,trial_29,cue,额,cue,y,2026-03-15 22:39:36
three_3_syllable_words,2,trial_30,1,暴风雨,word,y,2026-03-15 22:39:40
three_3_syllable_words,2,trial_30,2,公安局,word,y,2026-03-15 22:39:45
three_3_syllable_words,2,trial_30,3,直辖市,word,y,2026-03-15 22:39:50
three_3_syllable_words,2,trial_30,cue,公,cue,y,2026-03-15 22:39:53
three_3_syllable_words,2,trial_31,1,高利贷,word,y,2026-03-15 22:39:57
three_3_syllable_words,2,trial_31,2,幼儿园,word,y,2026-03-15 22:40:02
three_3_syllable_words,2,trial_31,3,魔术师,word,y,2026-03-15 22:40:10
three_3_syllable_words,2,trial_31,cue,园,cue,y,2026-03-15 22:40:14
three_3_syllable_words,2,trial_32,1,穿山甲,word,y,2026-03-15 22:46:31
three_3_syllable_words,2,trial_32,2,蒸馏水,word,y,2026-03-15 22:46:36
three_3_syllable_words,2,trial_32,3,国务院,word,y,2026-03-15 22:46:41
three_3_syllable_words,2,trial_32,cue,国,cue,y,2026-03-15 22:46:43
three_3_syllable_words,2,trial_33,1,呼吸道,word,y,2026-03-15 22:46:49
three_3_syllable_words,2,trial_33,2,公安局,word,y,2026-03-15 22:46:54
three_3_syllable_words,2,trial_33,3,笔记本,word,y,2026-03-15 22:47:00
three_3_syllable_words,2,trial_33,cue,局,cue,y,2026-03-15 22:47:08
three_3_syllable_words,2,trial_34,1,淋巴结,word,y,2026-03-15 22:47:23
three_3_syllable_words,2,trial_34,2,出版社,word,y,2026-03-15 22:47:32
three_3_syllable_words,2,trial_34,3,研究生,word,y,2026-03-15 22:47:39
three_3_syllable_words,2,trial_34,cue,结,cue,y,2026-03-15 22:47:47
three_3_syllable_words,2,trial_35,1,马铃薯,word,y,2026-03-15 22:47:59
three_3_syllable_words,2,trial_35,2,同位素,word,y,2026-03-15 22:48:11
three_3_syllable_words,2,trial_35,3,出版社,word,y,2026-03-15 22:48:22
three_3_syllable_words,2,trial_35,cue,素,cue,y,2026-03-15 22:48:26
three_3_syllable_words,2,trial_36,1,自然界,word,y,2026-03-15 22:48:30
three_3_syllable_words,2,trial_36,2,会议室,word,y,2026-03-15 22:48:48
three_3_syllable_words,2,trial_36,3,奴隶制,word,n,2026-03-15 22:51:17
three_3_syllable_words,2,trial_36,cue,会,cue,y,2026-03-15 22:51:20
three_3_syllable_words,2,trial_37,1,检察官,word,y,2026-03-15 22:51:25
three_3_syllable_words,2,trial_37,2,出版社,word,y,2026-03-15 22:51:30
three_3_syllable_words,2,trial_37,3,荧光屏,word,n,2026-03-15 22:51:35
three_3_syllable_words,2,trial_37,cue,社,cue,y,2026-03-15 22:51:37
three_3_syllable_words,2,trial_38,1,金黄色,word,y,2026-03-15 22:51:42
three_3_syllable_words,2,trial_38,2,蒸馏水,word,y,2026-03-15 22:51:47
three_3_syllable_words,2,trial_38,3,灵敏度,word,n,2026-03-15 22:51:52
three_3_syllable_words,2,trial_38,cue,蒸,cue,y,2026-03-15 22:51:55
three_3_syllable_words,2,trial_39,1,障碍物,word,y,2026-03-15 22:52:00
three_3_syllable_words,2,trial_39,2,奴隶制,word,n,2026-03-15 22:52:05
three_3_syllable_words,2,trial_39,3,图书馆,word,y,2026-03-15 22:52:10
three_3_syllable_words,2,trial_39,cue,书,cue,y,2026-03-15 22:52:11
three_3_syllable_words,2,trial_40,1,变压器,word,y,2026-03-15 22:52:15
three_3_syllable_words,2,trial_40,2,传叫士,word,y,2026-03-15 22:52:20
three_3_syllable_words,2,trial_40,3,婚姻法,word,y,2026-03-15 22:52:25
three_3_syllable_words,2,trial_40,cue,传,cue,y,2026-03-15 22:52:27
three_3_syllable_words,2,trial_41,1,直辖市,word,y,2026-03-15 22:52:32
three_3_syllable_words,2,trial_41,2,录音机,word,y,2026-03-15 22:52:37
three_3_syllable_words,2,trial_41,3,天花板,word,y,2026-03-15 22:52:42
three_3_syllable_words,2,trial_41,cue,录,cue,y,2026-03-15 22:52:44
three_3_syllable_words,3,trial_1,1,出版社,word,y,2026-03-15 22:52:48
three_3_syllable_words,3,trial_1,2,检察官,word,y,2026-03-15 22:52:53
three_3_syllable_words,3,trial_1,3,代表团,word,y,2026-03-15 22:52:58
three_3_syllable_words,3,trial_1,cue,检,cue,y,2026-03-15 22:53:00
three_3_syllable_words,3,trial_2,1,会议室,word,y,2026-03-15 22:53:05
three_3_syllable_words,3,trial_2,2,图书馆,word,y,2026-03-15 22:53:09
three_3_syllable_words,3,trial_2,3,暴风雨,word,y,2026-03-15 22:53:14
three_3_syllable_words,3,trial_2,cue,室,cue,y,2026-03-15 22:53:16
three_3_syllable_words,3,trial_3,1,研究生,word,y,2026-03-15 22:53:21
three_3_syllable_words,3,trial_3,2,紫外线,word,n,2026-03-15 22:53:26
three_3_syllable_words,3,trial_3,3,交响悦,word,y,2026-03-15 22:53:30
three_3_syllable_words,3,trial_3,cue,紫,cue,n,2026-03-15 22:53:33
three_3_syllable_words,3,trial_4,1,西红柿,word,y,2026-03-15 22:53:39
three_3_syllable_words,3,trial_4,2,荧光屏,word,n,2026-03-15 22:53:43
three_3_syllable_words,3,trial_4,3,锦标赛,word,y,2026-03-15 22:53:48
three_3_syllable_words,3,trial_4,cue,柿,cue,y,2026-03-15 22:53:50
three_3_syllable_words,3,trial_5,1,主人翁,word,y,2026-03-15 22:53:55
three_3_syllable_words,3,trial_5,2,研究生,word,y,2026-03-15 22:53:59
three_3_syllable_words,3,trial_5,3,出版社,word,y,2026-03-15 22:54:04
three_3_syllable_words,3,trial_5,cue,版,cue,y,2026-03-15 22:54:06
three_3_syllable_words,3,trial_6,1,党中央,word,y,2026-03-15 22:54:11
three_3_syllable_words,3,trial_6,2,同位素,word,y,2026-03-15 22:54:16
three_3_syllable_words,3,trial_6,3,自然界,word,y,2026-03-15 22:54:21
three_3_syllable_words,3,trial_6,cue,然,cue,y,2026-03-15 22:54:23
three_3_syllable_words,3,trial_7,1,奴隶制,word,n,2026-03-15 22:54:29
three_3_syllable_words,3,trial_7,2,葡萄糖,word,n,2026-03-15 22:54:34
three_3_syllable_words,3,trial_7,3,魔术师,word,y,2026-03-15 22:54:39
three_3_syllable_words,3,trial_7,cue,隶,cue,n,2026-03-15 22:54:41
three_3_syllable_words,3,trial_8,1,幼儿园,word,y,2026-03-15 22:54:46
three_3_syllable_words,3,trial_8,2,穿山甲,word,y,2026-03-15 22:54:50
three_3_syllable_words,3,trial_8,3,直辖市,word,y,2026-03-15 22:54:55
three_3_syllable_words,3,trial_8,cue,穿,cue,y,2026-03-15 22:54:57
three_3_syllable_words,3,trial_9,1,变压器,word,y,2026-03-15 22:55:02
three_3_syllable_words,3,trial_9,2,科学家,word,y,2026-03-15 22:55:07
three_3_syllable_words,3,trial_9,3,录音机,word,y,2026-03-15 22:55:11
three_3_syllable_words,3,trial_9,cue,录,cue,y,2026-03-15 22:55:14
three_3_syllable_words,3,trial_10,1,高利贷,word,y,2026-03-15 22:55:19
three_3_syllable_words,3,trial_10,2,内分泌,word,y,2026-03-15 22:55:23
three_3_syllable_words,3,trial_10,3,责任感,word,y,2026-03-15 22:55:28
three_3_syllable_words,3,trial_10,cue,任,cue,y,2026-03-15 22:55:30
three_3_syllable_words,3,trial_11,1,传叫士,word,y,2026-03-15 22:55:35
three_3_syllable_words,3,trial_11,2,婚姻法,word,y,2026-03-15 22:55:39
three_3_syllable_words,3,trial_11,3,太阳能,word,y,2026-03-15 22:55:44
three_3_syllable_words,3,trial_11,cue,阳,cue,y,2026-03-15 22:55:46
three_3_syllable_words,3,trial_12,1,畜牧业,word,n,2026-03-15 22:55:51
three_3_syllable_words,3,trial_12,2,自然界,word,y,2026-03-15 22:55:56
three_3_syllable_words,3,trial_12,3,国务院,word,y,2026-03-15 22:56:01
three_3_syllable_words,3,trial_12,cue,业,cue,y,2026-03-15 22:56:03
three_3_syllable_words,3,trial_13,1,检察官,word,y,2026-03-15 22:56:08
three_3_syllable_words,3,trial_13,2,多边形,word,y,2026-03-15 22:56:13
three_3_syllable_words,3,trial_13,3,单细胞,word,y,2026-03-15 22:56:17
three_3_syllable_words,3,trial_13,cue,官,cue,y,2026-03-15 22:56:20
three_3_syllable_words,3,trial_14,1,铁矿石,word,y,2026-03-15 22:56:24
three_3_syllable_words,3,trial_14,2,猫头鹰,word,y,2026-03-15 22:56:29
three_3_syllable_words,3,trial_14,3,变压器,word,y,2026-03-15 22:56:34
three_3_syllable_words,3,trial_14,cue,矿,cue,y,2026-03-15 22:56:36
three_3_syllable_words,3,trial_15,1,同位素,word,y,2026-03-15 22:56:40
three_3_syllable_words,3,trial_15,2,多边形,word,y,2026-03-15 22:56:43
three_3_syllable_words,3,trial_15,3,铁矿石,word,y,2026-03-15 22:56:48
three_3_syllable_words,3,trial_15,cue,素,cue,y,2026-03-15 22:56:53
three_3_syllable_words,3,trial_16,1,相对论,word,y,2026-03-15 22:56:58
three_3_syllable_words,3,trial_16,2,重要性,word,y,2026-03-15 22:57:02
three_3_syllable_words,3,trial_16,3,银河系,word,y,2026-03-15 22:57:07
three_3_syllable_words,3,trial_16,cue,银,cue,y,2026-03-15 22:57:11
three_3_syllable_words,3,trial_17,1,方程式,word,y,2026-03-15 22:57:15
three_3_syllable_words,3,trial_17,2,创造力,word,y,2026-03-15 22:57:20
three_3_syllable_words,3,trial_17,3,重要性,word,y,2026-03-15 22:57:31
three_3_syllable_words,3,trial_17,cue,式,cue,y,2026-03-15 22:57:34
three_3_syllable_words,3,trial_18,1,紫外线,word,n,2026-03-15 22:57:47
three_3_syllable_words,3,trial_18,2,科学家,word,y,2026-03-15 22:57:52
three_3_syllable_words,3,trial_18,3,视网膜,word,y,2026-03-15 22:57:57
three_3_syllable_words,3,trial_18,cue,视,cue,y,2026-03-15 22:57:59
three_3_syllable_words,3,trial_19,1,银河系,word,y,2026-03-15 22:58:03
three_3_syllable_words,3,trial_19,2,相对论,word,y,2026-03-15 22:58:07
three_3_syllable_words,3,trial_19,3,荧光屏,word,y,2026-03-15 22:58:12
three_3_syllable_words,3,trial_19,cue,光,cue,y,2026-03-15 22:58:14
three_3_syllable_words,3,trial_20,1,国务院,word,y,2026-03-15 22:58:25
three_3_syllable_words,3,trial_20,2,反动派,word,y,2026-03-15 22:59:04
three_3_syllable_words,3,trial_20,3,畜牧业,word,n,2026-03-15 22:59:37
three_3_syllable_words,3,trial_20,cue,牧,cue,y,2026-03-15 22:59:42
three_3_syllable_words,3,trial_21,1,笔记本,word,y,2026-03-15 23:00:08
three_3_syllable_words,3,trial_21,2,出版社,word,y,2026-03-15 23:00:13
three_3_syllable_words,3,trial_21,3,锦标赛,word,y,2026-03-15 23:00:19
three_3_syllable_words,3,trial_21,cue,记,cue,y,2026-03-15 23:00:23
three_3_syllable_words,3,trial_22,1,相对论,word,y,2026-03-15 23:00:28
three_3_syllable_words,3,trial_22,2,检察官,word,y,2026-03-15 23:00:39
three_3_syllable_words,3,trial_22,3,锦标赛,word,y,2026-03-15 23:00:44
three_3_syllable_words,3,trial_22,cue,官,cue,y,2026-03-15 23:00:46
three_3_syllable_words,3,trial_23,1,同位素,word,y,2026-03-15 23:00:59
three_3_syllable_words,3,trial_23,2,代表团,word,y,2026-03-15 23:01:06
three_3_syllable_words,3,trial_23,3,葡萄糖,word,y,2026-03-15 23:01:14
three_3_syllable_words,3,trial_23,cue,代,cue,y,2026-03-15 23:01:16
three_3_syllable_words,3,trial_24,1,望远镜,word,y,2026-03-15 23:01:21
three_3_syllable_words,3,trial_24,2,金黄色,word,y,2026-03-15 23:01:26
three_3_syllable_words,3,trial_24,3,俱乐部,word,y,2026-03-15 23:01:39
three_3_syllable_words,3,trial_24,cue,金,cue,y,2026-03-15 23:01:42
three_3_syllable_words,3,trial_25,1,催化剂,word,y,2026-03-15 23:01:47
three_3_syllable_words,3,trial_25,2,耗奇心,word,y,2026-03-15 23:01:52
three_3_syllable_words,3,trial_25,3,葡萄糖,word,n,2026-03-15 23:01:57
three_3_syllable_words,3,trial_25,cue,耗,cue,n,2026-03-15 23:02:00
three_3_syllable_words,3,trial_26,1,催化剂,word,y,2026-03-15 23:02:05
three_3_syllable_words,3,trial_26,2,党中央,word,y,2026-03-15 23:02:10
three_3_syllable_words,3,trial_26,3,宇航员,word,y,2026-03-15 23:02:15
three_3_syllable_words,3,trial_26,cue,宇,cue,y,2026-03-15 23:02:17
three_3_syllable_words,3,trial_27,1,方程式,word,y,2026-03-15 23:02:22
three_3_syllable_words,3,trial_27,2,催化剂,word,y,2026-03-15 23:02:27
three_3_syllable_words,3,trial_27,3,内分泌,word,y,2026-03-15 23:02:31
three_3_syllable_words,3,trial_27,cue,内,cue,y,2026-03-15 23:02:34
three_3_syllable_words,3,trial_28,1,招待所,word,y,2026-03-15 23:02:38
three_3_syllable_words,3,trial_28,2,图书馆,word,y,2026-03-15 23:02:44
three_3_syllable_words,3,trial_28,3,乒乓球,word,y,2026-03-15 23:02:50
three_3_syllable_words,3,trial_28,cue,乓,cue,y,2026-03-15 23:02:52
three_3_syllable_words,3,trial_29,1,病原体,word,y,2026-03-15 23:03:02
three_3_syllable_words,3,trial_29,2,销售额,word,y,2026-03-15 23:03:08
three_3_syllable_words,3,trial_29,3,科学家,word,y,2026-03-15 23:03:15
three_3_syllable_words,3,trial_29,cue,科,cue,y,2026-03-15 23:03:18
three_3_syllable_words,3,trial_30,1,手榴弹,word,n,2026-03-15 23:03:26
three_3_syllable_words,3,trial_30,2,紫外线,word,y,2026-03-15 23:03:31
three_3_syllable_words,3,trial_30,3,婚姻法,word,y,2026-03-15 23:03:49
three_3_syllable_words,3,trial_30,cue,姻,cue,y,2026-03-15 23:03:54
three_3_syllable_words,3,trial_31,1,公安局,word,y,2026-03-15 23:04:02
three_3_syllable_words,3,trial_31,2,笔记本,word,y,2026-03-15 23:04:07
three_3_syllable_words,3,trial_31,3,猫头鹰,word,y,2026-03-15 23:04:12
three_3_syllable_words,3,trial_31,cue,笔,cue,y,2026-03-15 23:04:14
three_3_syllable_words,3,trial_32,1,变压器,word,y,2026-03-15 23:04:38
three_3_syllable_words,3,trial_32,2,志愿军,word,y,2026-03-15 23:04:44
three_3_syllable_words,3,trial_32,3,科学家,word,y,2026-03-15 23:04:55
three_3_syllable_words,3,trial_32,cue,压,cue,y,2026-03-15 23:04:57
three_3_syllable_words,3,trial_33,1,俱乐部,word,y,2026-03-15 23:05:01
three_3_syllable_words,3,trial_33,2,进行曲,word,n,2026-03-15 23:05:13
three_3_syllable_words,3,trial_33,3,交响悦,word,y,2026-03-15 23:05:18
three_3_syllable_words,3,trial_33,cue,曲,cue,n,2026-03-15 23:05:20
three_3_syllable_words,3,trial_34,1,魔术师,word,y,2026-03-15 23:05:25
three_3_syllable_words,3,trial_34,2,变压器,word,y,2026-03-15 23:05:29
three_3_syllable_words,3,trial_34,3,单细胞,word,y,2026-03-15 23:05:34
three_3_syllable_words,3,trial_34,cue,细,cue,y,2026-03-15 23:05:36
three_3_syllable_words,3,trial_35,1,暴风雨,word,y,2026-03-15 23:05:40
three_3_syllable_words,3,trial_35,2,电冰箱,word,y,2026-03-15 23:05:45
three_3_syllable_words,3,trial_35,3,青哨年,word,y,2026-03-15 23:05:50
three_3_syllable_words,3,trial_35,cue,箱,cue,y,2026-03-15 23:05:53
three_3_syllable_words,3,trial_36,1,同位素,word,y,2026-03-15 23:05:57
three_3_syllable_words,3,trial_36,2,方程式,word,y,2026-03-15 23:06:03
three_3_syllable_words,3,trial_36,3,催化剂,word,y,2026-03-15 23:06:07
three_3_syllable_words,3,trial_36,cue,化,cue,y,2026-03-15 23:06:09
three_3_syllable_words,3,trial_37,1,单细胞,word,y,2026-03-15 23:06:14
three_3_syllable_words,3,trial_37,2,写字台,word,y,2026-03-15 23:06:19
three_3_syllable_words,3,trial_37,3,蒸馏水,word,y,2026-03-15 23:06:24
three_3_syllable_words,3,trial_37,cue,台,cue,y,2026-03-15 23:06:30
three_3_syllable_words,3,trial_38,1,主人翁,word,y,2026-03-15 23:06:35
three_3_syllable_words,3,trial_38,2,普通话,word,y,2026-03-15 23:06:40
three_3_syllable_words,3,trial_38,3,猫头鹰,word,y,2026-03-15 23:06:44
three_3_syllable_words,3,trial_38,cue,话,cue,y,2026-03-15 23:06:46
three_3_syllable_words,3,trial_39,1,笔记本,word,y,2026-03-15 23:06:51
three_3_syllable_words,3,trial_39,2,西红柿,word,y,2026-03-15 23:06:56
three_3_syllable_words,3,trial_39,3,神经元,word,y,2026-03-15 23:07:00
three_3_syllable_words,3,trial_39,cue,神,cue,y,2026-03-15 23:07:02
three_3_syllable_words,3,trial_40,1,淋巴结,word,y,2026-03-15 23:07:07
three_3_syllable_words,3,trial_40,2,穿山甲,word,y,2026-03-15 23:07:12
three_3_syllable_words,3,trial_40,3,图书馆,word,y,2026-03-15 23:07:17
three_3_syllable_words,3,trial_40,cue,图,cue,y,2026-03-15 23:07:19
three_3_syllable_words,3,trial_41,1,呼吸道,word,y,2026-03-15 23:07:24
three_3_syllable_words,3,trial_41,2,志愿军,word,y,2026-03-15 23:07:29
three_3_syllable_words,3,trial_41,3,太阳能,word,y,2026-03-15 23:07:34
three_3_syllable_words,3,trial_41,cue,太,cue,y,2026-03-15 23:07:37
three_3_syllable_words,4,trial_1,1,国务院,word,y,2026-03-15 23:07:42
three_3_syllable_words,4,trial_1,2,重要性,word,y,2026-03-15 23:07:48
three_3_syllable_words,4,trial_1,3,呼吸道,word,y,2026-03-15 23:07:53
three_3_syllable_words,4,trial_1,cue,院,cue,y,2026-03-15 23:07:55
three_3_syllable_words,4,trial_2,1,单细胞,word,y,2026-03-15 23:08:00
three_3_syllable_words,4,trial_2,2,超声波,word,y,2026-03-15 23:08:05
three_3_syllable_words,4,trial_2,3,图书馆,word,y,2026-03-15 23:08:10
three_3_syllable_words,4,trial_2,cue,胞,cue,y,2026-03-15 23:08:11
three_3_syllable_words,4,trial_3,1,同位素,word,y,2026-03-15 23:08:15
three_3_syllable_words,4,trial_3,2,传叫士,word,y,2026-03-15 23:08:20
three_3_syllable_words,4,trial_3,3,志愿军,word,y,2026-03-15 23:08:25
three_3_syllable_words,4,trial_3,cue,志,cue,y,2026-03-15 23:08:31
three_3_syllable_words,4,trial_4,1,责任感,word,y,2026-03-15 23:08:36
three_3_syllable_words,4,trial_4,2,太阳能,word,y,2026-03-15 23:08:41
three_3_syllable_words,4,trial_4,3,病原体,word,y,2026-03-15 23:08:46
three_3_syllable_words,4,trial_4,cue,能,cue,y,2026-03-15 23:08:48
three_3_syllable_words,4,trial_5,1,主人翁,word,y,2026-03-15 23:08:53
three_3_syllable_words,4,trial_5,2,价值观,word,y,2026-03-15 23:08:58
three_3_syllable_words,4,trial_5,3,宇航员,word,y,2026-03-15 23:09:03
three_3_syllable_words,4,trial_5,cue,航,cue,y,2026-03-15 23:09:05
three_3_syllable_words,4,trial_6,1,图书馆,word,y,2026-03-15 23:09:10
three_3_syllable_words,4,trial_6,2,责任感,word,y,2026-03-15 23:09:15
three_3_syllable_words,4,trial_6,3,公安局,word,y,2026-03-15 23:09:21
three_3_syllable_words,4,trial_6,cue,感,cue,y,2026-03-15 23:09:24
three_3_syllable_words,4,trial_7,1,内分泌,word,y,2026-03-15 23:09:29
three_3_syllable_words,4,trial_7,2,魔术师,word,y,2026-03-15 23:09:34
three_3_syllable_words,4,trial_7,3,笔记本,word,y,2026-03-15 23:09:39
three_3_syllable_words,4,trial_7,cue,师,cue,y,2026-03-15 23:09:41
three_3_syllable_words,4,trial_8,1,工艺品,word,y,2026-03-15 23:09:46
three_3_syllable_words,4,trial_8,2,图书馆,word,y,2026-03-15 23:09:51
three_3_syllable_words,4,trial_8,3,天花板,word,y,2026-03-15 23:09:56
three_3_syllable_words,4,trial_8,cue,天,cue,y,2026-03-15 23:09:58
three_3_syllable_words,4,trial_9,1,相对论,word,y,2026-03-15 23:10:03
three_3_syllable_words,4,trial_9,2,灵敏度,word,n,2026-03-15 23:10:15
three_3_syllable_words,4,trial_9,3,暴风雨,word,y,2026-03-15 23:10:20
three_3_syllable_words,4,trial_9,cue,暴,cue,y,2026-03-15 23:10:22
three_3_syllable_words,4,trial_10,1,方程式,word,n,2026-03-15 23:10:28
three_3_syllable_words,4,trial_10,2,蒸馏水,word,y,2026-03-15 23:10:33
three_3_syllable_words,4,trial_10,3,呼吸道,word,y,2026-03-15 23:10:39
three_3_syllable_words,4,trial_10,cue,呼,cue,y,2026-03-15 23:10:42
three_3_syllable_words,4,trial_11,1,宇航员,word,y,2026-03-15 23:10:47
three_3_syllable_words,4,trial_11,2,马铃薯,word,y,2026-03-15 23:10:51
three_3_syllable_words,4,trial_11,3,太阳能,word,y,2026-03-15 23:10:55
three_3_syllable_words,4,trial_11,cue,阳,cue,y,2026-03-15 23:10:57
three_3_syllable_words,4,trial_12,1,荧光屏,word,n,2026-03-15 23:11:26
three_3_syllable_words,4,trial_12,2,价值观,word,y,2026-03-15 23:11:31
three_3_syllable_words,4,trial_12,3,录音机,word,y,2026-03-15 23:11:36
three_3_syllable_words,4,trial_12,cue,价,cue,y,2026-03-15 23:11:38
three_3_syllable_words,4,trial_13,1,奴隶制,word,n,2026-03-15 23:11:48
three_3_syllable_words,4,trial_13,2,西红柿,word,y,2026-03-15 23:11:54
three_3_syllable_words,4,trial_13,3,普通话,word,y,2026-03-15 23:11:59
three_3_syllable_words,4,trial_13,cue,普,cue,y,2026-03-15 23:12:02
three_3_syllable_words,4,trial_14,1,穿山甲,word,y,2026-03-15 23:12:43
three_3_syllable_words,4,trial_14,2,铁矿石,word,y,2026-03-15 23:12:48
three_3_syllable_words,4,trial_14,3,呼吸道,word,y,2026-03-15 23:12:52
three_3_syllable_words,4,trial_14,cue,山,cue,y,2026-03-15 23:12:54
three_3_syllable_words,4,trial_15,1,党中央,word,y,2026-03-15 23:12:59
three_3_syllable_words,4,trial_15,2,猫头鹰,word,y,2026-03-15 23:13:04
three_3_syllable_words,4,trial_15,3,写字台,word,y,2026-03-15 23:13:09
three_3_syllable_words,4,trial_15,cue,央,cue,y,2026-03-15 23:13:11
three_3_syllable_words,4,trial_16,1,创造力,word,y,2026-03-15 23:13:15
three_3_syllable_words,4,trial_16,2,视网膜,word,y,2026-03-15 23:13:20
three_3_syllable_words,4,trial_16,3,写字台,word,y,2026-03-15 23:13:27
three_3_syllable_words,4,trial_16,cue,写,cue,y,2026-03-15 23:13:31
three_3_syllable_words,4,trial_17,1,呼吸道,word,y,2026-03-15 23:13:36
three_3_syllable_words,4,trial_17,2,海平面,word,y,2026-03-15 23:13:41
three_3_syllable_words,4,trial_17,3,工艺品,word,y,2026-03-15 23:13:45
three_3_syllable_words,4,trial_17,cue,艺,cue,y,2026-03-15 23:13:47
three_3_syllable_words,4,trial_18,1,障碍物,word,y,2026-03-15 23:13:52
three_3_syllable_words,4,trial_18,2,幼儿园,word,y,2026-03-15 23:13:56
three_3_syllable_words,4,trial_18,3,电冰箱,word,y,2026-03-15 23:14:08
three_3_syllable_words,4,trial_18,cue,碍,cue,n,2026-03-15 23:14:13
three_3_syllable_words,4,trial_19,1,写字台,word,y,2026-03-15 23:14:18
three_3_syllable_words,4,trial_19,2,进行曲,word,n,2026-03-15 23:14:25
three_3_syllable_words,4,trial_19,3,冷空气,word,y,2026-03-15 23:14:30
three_3_syllable_words,4,trial_19,cue,冷,cue,y,2026-03-15 23:14:32
three_3_syllable_words,4,trial_20,1,会议室,word,y,2026-03-15 23:14:37
three_3_syllable_words,4,trial_20,2,志愿军,word,y,2026-03-15 23:14:42
three_3_syllable_words,4,trial_20,3,主人翁,word,y,2026-03-15 23:14:47
three_3_syllable_words,4,trial_20,cue,议,cue,y,2026-03-15 23:14:50
three_3_syllable_words,4,trial_21,1,铁矿石,word,y,2026-03-15 23:14:56
three_3_syllable_words,4,trial_21,2,冷空气,word,y,2026-03-15 23:15:04
three_3_syllable_words,4,trial_21,3,海平面,word,y,2026-03-15 23:15:08
three_3_syllable_words,4,trial_21,cue,矿,cue,y,2026-03-15 23:15:10
three_3_syllable_words,4,trial_22,1,写字台,word,y,2026-03-15 23:15:16
three_3_syllable_words,4,trial_22,2,铁矿石,word,y,2026-03-15 23:15:21
three_3_syllable_words,4,trial_22,3,招待所,word,y,2026-03-15 23:15:25
three_3_syllable_words,4,trial_22,cue,待,cue,y,2026-03-15 23:15:27
three_3_syllable_words,4,trial_23,1,西红柿,word,y,2026-03-15 23:15:32
three_3_syllable_words,4,trial_23,2,多边形,word,y,2026-03-15 23:15:37
three_3_syllable_words,4,trial_23,3,招待所,word,y,2026-03-15 23:15:41
three_3_syllable_words,4,trial_23,cue,柿,cue,y,2026-03-15 23:15:43
three_3_syllable_words,4,trial_24,1,研究生,word,y,2026-03-15 23:15:49
three_3_syllable_words,4,trial_24,2,神经元,word,y,2026-03-15 23:15:54
three_3_syllable_words,4,trial_24,3,奴隶制,word,n,2026-03-15 23:16:00
three_3_syllable_words,4,trial_24,cue,究,cue,y,2026-03-15 23:16:03
three_3_syllable_words,4,trial_25,1,天花板,word,y,2026-03-15 23:16:07
three_3_syllable_words,4,trial_25,2,写字台,word,y,2026-03-15 23:16:17
three_3_syllable_words,4,trial_25,3,穿山甲,word,y,2026-03-15 23:16:22
three_3_syllable_words,4,trial_25,cue,山,cue,y,2026-03-15 23:16:24
three_3_syllable_words,4,trial_26,1,志愿军,word,y,2026-03-15 23:16:29
three_3_syllable_words,4,trial_26,2,责任感,word,y,2026-03-15 23:16:34
three_3_syllable_words,4,trial_26,3,检察官,word,y,2026-03-15 23:16:38
three_3_syllable_words,4,trial_26,cue,愿,cue,y,2026-03-15 23:16:40
three_3_syllable_words,4,trial_27,1,太阳能,word,y,2026-03-15 23:16:45
three_3_syllable_words,4,trial_27,2,相对论,word,y,2026-03-15 23:16:50
three_3_syllable_words,4,trial_27,3,马铃薯,word,y,2026-03-15 23:16:55
three_3_syllable_words,4,trial_27,cue,马,cue,y,2026-03-15 23:16:57
three_3_syllable_words,4,trial_28,1,锦标赛,word,y,2026-03-15 23:17:01
three_3_syllable_words,4,trial_28,2,婚姻法,word,y,2026-03-15 23:17:10
three_3_syllable_words,4,trial_28,3,志愿军,word,y,2026-03-15 23:17:15
three_3_syllable_words,4,trial_28,cue,法,cue,y,2026-03-15 23:17:18
three_3_syllable_words,4,trial_29,1,神经元,word,y,2026-03-15 23:17:22
three_3_syllable_words,4,trial_29,2,西红柿,word,y,2026-03-15 23:17:27
three_3_syllable_words,4,trial_29,3,内分泌,word,y,2026-03-15 23:17:32
three_3_syllable_words,4,trial_29,cue,经,cue,y,2026-03-15 23:17:49
three_3_syllable_words,4,trial_30,1,价值观,word,y,2026-03-15 23:17:53
three_3_syllable_words,4,trial_30,2,青哨年,word,y,2026-03-15 23:17:58
three_3_syllable_words,4,trial_30,3,畜牧业,word,n,2026-03-15 23:18:03
three_3_syllable_words,4,trial_30,cue,观,cue,y,2026-03-15 23:18:06
three_3_syllable_words,4,trial_31,1,销售额,word,y,2026-03-15 23:18:10
three_3_syllable_words,4,trial_31,2,党中央,word,y,2026-03-15 23:18:15
three_3_syllable_words,4,trial_31,3,录音机,word,y,2026-03-15 23:18:20
three_3_syllable_words,4,trial_31,cue,音,cue,y,2026-03-15 23:18:33
three_3_syllable_words,4,trial_32,1,责任感,word,y,2026-03-15 23:18:38
three_3_syllable_words,4,trial_32,2,研究生,word,y,2026-03-15 23:20:38
three_3_syllable_words,4,trial_32,3,电冰箱,word,y,2026-03-15 23:20:44
three_3_syllable_words,4,trial_32,cue,生,cue,y,2026-03-15 23:20:47
three_3_syllable_words,4,trial_33,1,介绍信,word,y,2026-03-15 23:20:51
three_3_syllable_words,4,trial_33,2,紫外线,word,n,2026-03-15 23:21:00
three_3_syllable_words,4,trial_33,3,荧光屏,word,n,2026-03-15 23:21:09
three_3_syllable_words,4,trial_33,cue,荧,cue,n,2026-03-15 23:21:17
three_3_syllable_words,4,trial_34,1,传叫士,word,y,2026-03-15 23:21:23
three_3_syllable_words,4,trial_34,2,马铃薯,word,y,2026-03-15 23:21:28
three_3_syllable_words,4,trial_34,3,价值观,word,y,2026-03-15 23:21:33
three_3_syllable_words,4,trial_34,cue,值,cue,y,2026-03-15 23:21:35
three_3_syllable_words,4,trial_35,1,方程式,word,y,2026-03-15 23:21:40
three_3_syllable_words,4,trial_35,2,电冰箱,word,y,2026-03-15 23:21:44
three_3_syllable_words,4,trial_35,3,反动派,word,y,2026-03-15 23:21:49
three_3_syllable_words,4,trial_35,cue,式,cue,y,2026-03-15 23:21:51
three_3_syllable_words,4,trial_36,1,相对论,word,y,2026-03-15 23:21:56
three_3_syllable_words,4,trial_36,2,穿山甲,word,y,2026-03-15 23:22:03
three_3_syllable_words,4,trial_36,3,普通话,word,y,2026-03-15 23:22:07
three_3_syllable_words,4,trial_36,cue,甲,cue,y,2026-03-15 23:22:08
three_3_syllable_words,4,trial_37,1,男籽汉,word,y,2026-03-15 23:22:19
three_3_syllable_words,4,trial_37,2,银河系,word,y,2026-03-15 23:22:24
three_3_syllable_words,4,trial_37,3,灵敏度,word,y,2026-03-15 23:22:35
three_3_syllable_words,4,trial_37,cue,灵,cue,n,2026-03-15 23:22:40
three_3_syllable_words,4,trial_38,1,耗奇心,word,y,2026-03-15 23:22:45
three_3_syllable_words,4,trial_38,2,研究生,word,y,2026-03-15 23:22:52
three_3_syllable_words,4,trial_38,3,神经元,word,y,2026-03-15 23:22:57
three_3_syllable_words,4,trial_38,cue,神,cue,y,2026-03-15 23:23:00
three_3_syllable_words,4,trial_39,1,录音机,word,y,2026-03-15 23:23:05
three_3_syllable_words,4,trial_39,2,病原体,word,y,2026-03-15 23:23:09
three_3_syllable_words,4,trial_39,3,代表团,word,y,2026-03-15 23:23:14
three_3_syllable_words,4,trial_39,cue,病,cue,y,2026-03-15 23:23:16
three_3_syllable_words,4,trial_40,1,氨基酸,word,y,2026-03-15 23:23:21
three_3_syllable_words,4,trial_40,2,重要性,word,y,2026-03-15 23:23:27
three_3_syllable_words,4,trial_40,3,视网膜,word,y,2026-03-15 23:23:33
three_3_syllable_words,4,trial_40,cue,网,cue,y,2026-03-15 23:23:36
three_3_syllable_words,4,trial_41,1,价值观,word,y,2026-03-15 23:23:42
three_3_syllable_words,4,trial_41,2,银河系,word,y,2026-03-15 23:23:47
three_3_syllable_words,4,trial_41,3,参谋掌,word,y,2026-03-15 23:23:56
three_3_syllable_words,4,trial_41,cue,银,cue,y,2026-03-15 23:24:01
three_3_syllable_words,5,trial_1,1,国务院,word,y,2026-03-15 23:24:07
three_3_syllable_words,5,trial_1,2,荧光屏,word,n,2026-03-15 23:24:14
three_3_syllable_words,5,trial_1,3,锦标赛,word,y,2026-03-15 23:24:23
three_3_syllable_words,5,trial_1,cue,标,cue,y,2026-03-15 23:24:26
three_3_syllable_words,5,trial_2,1,单细胞,word,y,2026-03-15 23:24:34
three_3_syllable_words,5,trial_2,2,畜牧业,word,n,2026-03-15 23:24:40
three_3_syllable_words,5,trial_2,3,会议室,word,y,2026-03-15 23:24:45
three_3_syllable_words,5,trial_2,cue,业,cue,y,2026-03-15 23:24:50
three_3_syllable_words,5,trial_3,1,淋巴结,word,y,2026-03-15 23:24:55
three_3_syllable_words,5,trial_3,2,进行曲,word,y,2026-03-15 23:25:02
three_3_syllable_words,5,trial_3,3,代表团,word,y,2026-03-15 23:25:11
three_3_syllable_words,5,trial_3,cue,表,cue,y,2026-03-15 23:25:14
three_3_syllable_words,5,trial_4,1,直辖市,word,y,2026-03-15 23:25:20
three_3_syllable_words,5,trial_4,2,高利贷,word,y,2026-03-15 23:25:26
three_3_syllable_words,5,trial_4,3,检察官,word,y,2026-03-15 23:25:32
three_3_syllable_words,5,trial_4,cue,高,cue,y,2026-03-15 23:25:37
three_3_syllable_words,5,trial_5,1,淋巴结,word,y,2026-03-15 23:25:44
three_3_syllable_words,5,trial_5,2,天花板,word,y,2026-03-15 23:25:51
three_3_syllable_words,5,trial_5,3,西红柿,word,y,2026-03-15 23:25:58
three_3_syllable_words,5,trial_5,cue,板,cue,y,2026-03-15 23:26:03
three_3_syllable_words,5,trial_6,1,灵敏度,word,n,2026-03-15 23:26:08
three_3_syllable_words,5,trial_6,2,望远镜,word,y,2026-03-15 23:26:15
three_3_syllable_words,5,trial_6,3,公安局,word,y,2026-03-15 23:26:21
three_3_syllable_words,5,trial_6,cue,镜,cue,y,2026-03-15 23:26:24
three_3_syllable_words,5,trial_7,1,参谋掌,word,y,2026-03-15 23:26:31
three_3_syllable_words,5,trial_7,2,冷空气,word,y,2026-03-15 23:26:42
three_3_syllable_words,5,trial_7,3,销售额,word,y,2026-03-15 23:26:47
three_3_syllable_words,5,trial_7,cue,销,cue,y,2026-03-15 23:27:36
three_3_syllable_words,5,trial_8,1,研究生,word,y,2026-03-15 23:27:41
three_3_syllable_words,5,trial_8,2,销售额,word,y,2026-03-15 23:27:47
three_3_syllable_words,5,trial_8,3,猫头鹰,word,y,2026-03-15 23:27:52
three_3_syllable_words,5,trial_8,cue,头,cue,y,2026-03-15 23:27:54
three_3_syllable_words,5,trial_9,1,紫外线,word,y,2026-03-15 23:28:00
three_3_syllable_words,5,trial_9,2,冷空气,word,y,2026-03-15 23:28:05
three_3_syllable_words,5,trial_9,3,交响悦,word,y,2026-03-15 23:28:11
three_3_syllable_words,5,trial_9,cue,外,cue,y,2026-03-15 23:28:16
three_3_syllable_words,5,trial_10,1,太阳能,word,y,2026-03-15 23:28:32
three_3_syllable_words,5,trial_10,2,交响悦,word,y,2026-03-15 23:28:39
three_3_syllable_words,5,trial_10,3,病原体,word,y,2026-03-15 23:29:31
three_3_syllable_words,5,trial_10,cue,原,cue,y,2026-03-15 23:29:35
three_3_syllable_words,5,trial_11,1,马铃薯,word,y,2026-03-15 23:29:40
three_3_syllable_words,5,trial_11,2,重要性,word,y,2026-03-15 23:29:51
three_3_syllable_words,5,trial_11,3,传叫士,word,y,2026-03-15 23:30:07
three_3_syllable_words,5,trial_11,cue,铃,cue,y,2026-03-15 23:30:11
three_3_syllable_words,5,trial_12,1,障碍物,word,y,2026-03-15 23:30:16
three_3_syllable_words,5,trial_12,2,冷空气,word,y,2026-03-15 23:30:24
three_3_syllable_words,5,trial_12,3,传叫士,word,y,2026-03-15 23:30:34
three_3_syllable_words,5,trial_12,cue,冷,cue,y,2026-03-15 23:30:38
three_3_syllable_words,5,trial_13,1,招待所,word,y,2026-03-15 23:30:47
three_3_syllable_words,5,trial_13,2,青哨年,word,y,2026-03-15 23:30:54
three_3_syllable_words,5,trial_13,3,冷空气,word,y,2026-03-15 23:30:59
three_3_syllable_words,5,trial_13,cue,所,cue,y,2026-03-15 23:31:05
three_3_syllable_words,5,trial_14,1,方程式,word,n,2026-03-15 23:31:11
three_3_syllable_words,5,trial_14,2,志愿军,word,y,2026-03-15 23:31:18
three_3_syllable_words,5,trial_14,3,呼吸道,word,y,2026-03-15 23:31:25
three_3_syllable_words,5,trial_14,cue,呼,cue,y,2026-03-15 23:31:32
three_3_syllable_words,5,trial_15,1,内分泌,word,y,2026-03-15 23:31:41
three_3_syllable_words,5,trial_15,2,传叫士,word,y,2026-03-15 23:31:46
three_3_syllable_words,5,trial_15,3,研究生,word,y,2026-03-15 23:31:55
three_3_syllable_words,5,trial_15,cue,究,cue,y,2026-03-15 23:31:58
three_3_syllable_words,5,trial_16,1,葡萄糖,word,n,2026-03-15 23:32:08
three_3_syllable_words,5,trial_16,2,多边形,word,y,2026-03-15 23:32:12
three_3_syllable_words,5,trial_16,3,销售额,word,y,2026-03-15 23:32:22
three_3_syllable_words,5,trial_16,cue,糖,cue,y,2026-03-15 23:32:25
three_3_syllable_words,5,trial_17,1,重要性,word,y,2026-03-15 23:32:30
three_3_syllable_words,5,trial_17,2,耗奇心,word,y,2026-03-15 23:32:35
three_3_syllable_words,5,trial_17,3,代表团,word,y,2026-03-15 23:32:41
three_3_syllable_words,5,trial_17,cue,耗,cue,y,2026-03-15 23:32:44
three_3_syllable_words,5,trial_18,1,招待所,word,y,2026-03-15 23:32:49
three_3_syllable_words,5,trial_18,2,灵敏度,word,n,2026-03-15 23:32:54
three_3_syllable_words,5,trial_18,3,葡萄糖,word,n,2026-03-15 23:33:00
three_3_syllable_words,5,trial_18,cue,待,cue,y,2026-03-15 23:33:04
three_3_syllable_words,5,trial_19,1,检察官,word,y,2026-03-15 23:33:10
three_3_syllable_words,5,trial_19,2,太阳能,word,y,2026-03-15 23:33:15
three_3_syllable_words,5,trial_19,3,多边形,word,y,2026-03-15 23:33:20
three_3_syllable_words,5,trial_19,cue,多,cue,y,2026-03-15 23:33:22
three_3_syllable_words,5,trial_20,1,价值观,word,y,2026-03-15 23:33:28
three_3_syllable_words,5,trial_20,2,金黄色,word,y,2026-03-15 23:33:33
three_3_syllable_words,5,trial_20,3,主人翁,word,y,2026-03-15 23:33:38
three_3_syllable_words,5,trial_20,cue,人,cue,y,2026-03-15 23:33:40
three_3_syllable_words,5,trial_21,1,普通话,word,y,2026-03-15 23:33:44
three_3_syllable_words,5,trial_21,2,宇航员,word,y,2026-03-15 23:33:49
three_3_syllable_words,5,trial_21,3,创造力,word,y,2026-03-15 23:33:55
three_3_syllable_words,5,trial_21,cue,创,cue,y,2026-03-15 23:33:57
three_3_syllable_words,5,trial_22,1,催化剂,word,y,2026-03-15 23:34:02
three_3_syllable_words,5,trial_22,2,科学家,word,y,2026-03-15 23:34:08
three_3_syllable_words,5,trial_22,3,电冰箱,word,y,2026-03-15 23:34:14
three_3_syllable_words,5,trial_22,cue,电,cue,y,2026-03-15 23:34:16
three_3_syllable_words,5,trial_23,1,高利贷,word,y,2026-03-15 23:34:20
three_3_syllable_words,5,trial_23,2,超声波,word,y,2026-03-15 23:34:25
three_3_syllable_words,5,trial_23,3,畜牧业,word,n,2026-03-15 23:34:30
three_3_syllable_words,5,trial_23,cue,超,cue,y,2026-03-15 23:34:33
three_3_syllable_words,5,trial_24,1,望远镜,word,y,2026-03-15 23:34:40
three_3_syllable_words,5,trial_24,2,电冰箱,word,y,2026-03-15 23:34:46
three_3_syllable_words,5,trial_24,3,俱乐部,word,y,2026-03-15 23:34:52
three_3_syllable_words,5,trial_24,cue,镜,cue,y,2026-03-15 23:34:57
three_3_syllable_words,5,trial_25,1,传叫士,word,y,2026-03-15 23:35:02
three_3_syllable_words,5,trial_25,2,荧光屏,word,n,2026-03-15 23:35:08
three_3_syllable_words,5,trial_25,3,呼吸道,word,y,2026-03-15 23:35:14
three_3_syllable_words,5,trial_25,cue,士,cue,y,2026-03-15 23:35:18
three_3_syllable_words,5,trial_26,1,锦标赛,word,y,2026-03-15 23:35:23
three_3_syllable_words,5,trial_26,2,国务院,word,y,2026-03-15 23:35:28
three_3_syllable_words,5,trial_26,3,笔记本,word,y,2026-03-15 23:35:33
three_3_syllable_words,5,trial_26,cue,赛,cue,y,2026-03-15 23:35:36
three_3_syllable_words,5,trial_27,1,创造力,word,y,2026-03-15 23:35:42
three_3_syllable_words,5,trial_27,2,铁矿石,word,y,2026-03-15 23:35:49
three_3_syllable_words,5,trial_27,3,紫外线,word,y,2026-03-15 23:35:55
three_3_syllable_words,5,trial_27,cue,造,cue,y,2026-03-15 23:35:57
three_3_syllable_words,5,trial_28,1,科学家,word,y,2026-03-15 23:36:03
three_3_syllable_words,5,trial_28,2,马铃薯,word,y,2026-03-15 23:36:10
three_3_syllable_words,5,trial_28,3,暴风雨,word,y,2026-03-15 23:36:15
three_3_syllable_words,5,trial_28,cue,学,cue,y,2026-03-15 23:36:18
three_3_syllable_words,5,trial_29,1,内分泌,word,y,2026-03-15 23:36:24
three_3_syllable_words,5,trial_29,2,猫头鹰,word,y,2026-03-15 23:36:29
three_3_syllable_words,5,trial_29,3,代表团,word,y,2026-03-15 23:36:35
three_3_syllable_words,5,trial_29,cue,鹰,cue,y,2026-03-15 23:36:38
three_3_syllable_words,5,trial_30,1,主人翁,word,y,2026-03-15 23:36:46
three_3_syllable_words,5,trial_30,2,暴风雨,word,y,2026-03-15 23:36:56
three_3_syllable_words,5,trial_30,3,乒乓球,word,y,2026-03-15 23:37:02
three_3_syllable_words,5,trial_30,cue,雨,cue,y,2026-03-15 23:37:06
three_3_syllable_words,5,trial_31,1,介绍信,word,y,2026-03-15 23:37:11
three_3_syllable_words,5,trial_31,2,宇航员,word,y,2026-03-15 23:37:16
three_3_syllable_words,5,trial_31,3,代表团,word,y,2026-03-15 23:37:22
three_3_syllable_words,5,trial_31,cue,代,cue,y,2026-03-15 23:37:26
three_3_syllable_words,5,trial_32,1,青哨年,word,y,2026-03-15 23:37:30
three_3_syllable_words,5,trial_32,2,高利贷,word,y,2026-03-15 23:37:35
three_3_syllable_words,5,trial_32,3,耗奇心,word,y,2026-03-15 23:37:41
three_3_syllable_words,5,trial_32,cue,年,cue,y,2026-03-15 23:37:43
three_3_syllable_words,5,trial_33,1,自然界,word,y,2026-03-15 23:37:49
three_3_syllable_words,5,trial_33,2,病原体,word,y,2026-03-15 23:37:56
three_3_syllable_words,5,trial_33,3,会议室,word,y,2026-03-15 23:38:01
three_3_syllable_words,5,trial_33,cue,议,cue,y,2026-03-15 23:38:03
three_3_syllable_words,5,trial_34,1,研究生,word,y,2026-03-15 23:38:09
three_3_syllable_words,5,trial_34,2,科学家,word,y,2026-03-15 23:38:15
three_3_syllable_words,5,trial_34,3,手榴弹,word,n,2026-03-15 23:38:21
three_3_syllable_words,5,trial_34,cue,家,cue,y,2026-03-15 23:38:24
three_3_syllable_words,5,trial_35,1,呼吸道,word,y,2026-03-15 23:38:30
three_3_syllable_words,5,trial_35,2,锦标赛,word,y,2026-03-15 23:38:36
three_3_syllable_words,5,trial_35,3,电冰箱,word,y,2026-03-15 23:38:41
three_3_syllable_words,5,trial_35,cue,电,cue,y,2026-03-15 23:38:44
three_3_syllable_words,5,trial_36,1,氨基酸,word,y,2026-03-15 23:38:49
three_3_syllable_words,5,trial_36,2,单细胞,word,y,2026-03-15 23:38:55
three_3_syllable_words,5,trial_36,3,海平面,word,y,2026-03-15 23:39:00
three_3_syllable_words,5,trial_36,cue,单,cue,y,2026-03-15 23:39:04
three_3_syllable_words,5,trial_37,1,进行曲,word,n,2026-03-15 23:39:09
three_3_syllable_words,5,trial_37,2,青哨年,word,y,2026-03-15 23:39:15
three_3_syllable_words,5,trial_37,3,太阳能,word,y,2026-03-15 23:39:21
three_3_syllable_words,5,trial_37,cue,青,cue,y,2026-03-15 23:39:24
three_3_syllable_words,5,trial_38,1,淋巴结,word,y,2026-03-15 23:39:30
three_3_syllable_words,5,trial_38,2,交响悦,word,y,2026-03-15 23:39:36
three_3_syllable_words,5,trial_38,3,超声波,word,y,2026-03-15 23:39:42
three_3_syllable_words,5,trial_38,cue,交,cue,y,2026-03-15 23:39:45
three_3_syllable_words,5,trial_39,1,代表团,word,y,2026-03-15 23:39:50
three_3_syllable_words,5,trial_39,2,望远镜,word,y,2026-03-15 23:39:55
three_3_syllable_words,5,trial_39,3,天花板,word,y,2026-03-15 23:40:01
three_3_syllable_words,5,trial_39,cue,花,cue,y,2026-03-15 23:40:03
three_3_syllable_words,5,trial_40,1,葡萄糖,word,n,2026-03-15 23:40:14
three_3_syllable_words,5,trial_40,2,天花板,word,y,2026-03-15 23:40:20
three_3_syllable_words,5,trial_40,3,锦标赛,word,y,2026-03-15 23:40:26
three_3_syllable_words,5,trial_40,cue,糖,cue,y,2026-03-15 23:40:29
three_3_syllable_words,5,trial_41,1,党中央,word,y,2026-03-15 23:40:34
three_3_syllable_words,5,trial_41,2,手榴弹,word,n,2026-03-15 23:40:39
three_3_syllable_words,5,trial_41,3,病原体,word,y,2026-03-15 23:40:44
three_3_syllable_words,5,trial_41,cue,手,cue,y,2026-03-15 23:40:47
three_3_syllable_words,6,trial_1,1,公安局,word,y,2026-03-15 23:40:52
three_3_syllable_words,6,trial_1,2,猫头鹰,word,y,2026-03-15 23:41:00
three_3_syllable_words,6,trial_1,3,多边形,word,y,2026-03-15 23:41:06
three_3_syllable_words,6,trial_1,cue,鹰,cue,y,2026-03-15 23:41:09
three_3_syllable_words,6,trial_2,1,图书馆,word,y,2026-03-15 23:41:15
three_3_syllable_words,6,trial_2,2,交响悦,word,y,2026-03-15 23:41:21
three_3_syllable_words,6,trial_2,3,海平面,word,y,2026-03-15 23:41:29
three_3_syllable_words,6,trial_2,cue,悦,cue,y,2026-03-15 23:41:35
three_3_syllable_words,6,trial_3,1,销售额,word,y,2026-03-15 23:41:40
three_3_syllable_words,6,trial_3,2,视网膜,word,y,2026-03-15 23:41:45
three_3_syllable_words,6,trial_3,3,幼儿园,word,y,2026-03-15 23:41:51
three_3_syllable_words,6,trial_3,cue,膜,cue,y,2026-03-15 23:41:53
three_3_syllable_words,6,trial_4,1,创造力,word,y,2026-03-15 23:41:59
three_3_syllable_words,6,trial_4,2,单细胞,word,y,2026-03-15 23:42:04
three_3_syllable_words,6,trial_4,3,自然界,word,y,2026-03-15 23:42:09
three_3_syllable_words,6,trial_4,cue,单,cue,y,2026-03-15 23:42:11
three_3_syllable_words,6,trial_5,1,淋巴结,word,y,2026-03-15 23:42:16
three_3_syllable_words,6,trial_5,2,幼儿园,word,y,2026-03-15 23:42:22
three_3_syllable_words,6,trial_5,3,研究生,word,y,2026-03-15 23:42:27
three_3_syllable_words,6,trial_5,cue,巴,cue,y,2026-03-15 23:42:30
three_3_syllable_words,6,trial_6,1,催化剂,word,y,2026-03-15 23:42:36
three_3_syllable_words,6,trial_6,2,研究生,word,y,2026-03-15 23:42:42
three_3_syllable_words,6,trial_6,3,耗奇心,word,y,2026-03-15 23:42:47
three_3_syllable_words,6,trial_6,cue,奇,cue,y,2026-03-15 23:42:50
three_3_syllable_words,6,trial_7,1,党中央,word,y,2026-03-15 23:42:54
three_3_syllable_words,6,trial_7,2,奴隶制,word,y,2026-03-15 23:43:00
three_3_syllable_words,6,trial_7,3,介绍信,word,y,2026-03-15 23:43:05
three_3_syllable_words,6,trial_7,cue,制,cue,y,2026-03-15 23:43:08
three_3_syllable_words,6,trial_8,1,马铃薯,word,y,2026-03-15 23:43:14
three_3_syllable_words,6,trial_8,2,荧光屏,word,n,2026-03-15 23:43:20
three_3_syllable_words,6,trial_8,3,变压器,word,y,2026-03-15 23:43:25
three_3_syllable_words,6,trial_8,cue,薯,cue,y,2026-03-15 23:43:29
three_3_syllable_words,6,trial_9,1,公安局,word,y,2026-03-15 23:43:38
three_3_syllable_words,6,trial_9,2,方程式,word,y,2026-03-15 23:43:45
three_3_syllable_words,6,trial_9,3,幼儿园,word,y,2026-03-15 23:43:51
three_3_syllable_words,6,trial_9,cue,方,cue,y,2026-03-15 23:43:53
three_3_syllable_words,6,trial_10,1,西红柿,word,y,2026-03-15 23:43:58
three_3_syllable_words,6,trial_10,2,乒乓球,word,y,2026-03-15 23:44:03
three_3_syllable_words,6,trial_10,3,内分泌,word,y,2026-03-15 23:44:08
three_3_syllable_words,6,trial_10,cue,红,cue,y,2026-03-15 23:44:16
three_3_syllable_words,6,trial_11,1,宇航员,word,y,2026-03-15 23:44:20
three_3_syllable_words,6,trial_11,2,障碍物,word,y,2026-03-15 23:44:26
three_3_syllable_words,6,trial_11,3,会议室,word,y,2026-03-15 23:44:33
three_3_syllable_words,6,trial_11,cue,员,cue,y,2026-03-15 23:44:37
three_3_syllable_words,6,trial_12,1,金黄色,word,y,2026-03-15 23:44:43
three_3_syllable_words,6,trial_12,2,主人翁,word,y,2026-03-15 23:44:50
three_3_syllable_words,6,trial_12,3,马铃薯,word,y,2026-03-15 23:44:56
three_3_syllable_words,6,trial_12,cue,主,cue,y,2026-03-15 23:45:00
three_3_syllable_words,6,trial_13,1,乒乓球,word,y,2026-03-15 23:45:07
three_3_syllable_words,6,trial_13,2,笔记本,word,y,2026-03-15 23:45:14
three_3_syllable_words,6,trial_13,3,会议室,word,y,2026-03-15 23:45:21
three_3_syllable_words,6,trial_13,cue,本,cue,y,2026-03-15 23:45:25
three_3_syllable_words,6,trial_14,1,病原体,word,y,2026-03-15 23:45:32
three_3_syllable_words,6,trial_14,2,研究生,word,y,2026-03-15 23:45:40
three_3_syllable_words,6,trial_14,3,单细胞,word,y,2026-03-15 23:45:47
three_3_syllable_words,6,trial_14,cue,体,cue,y,2026-03-15 23:45:50
three_3_syllable_words,6,trial_15,1,进行曲,word,n,2026-03-15 23:45:57
three_3_syllable_words,6,trial_15,2,研究生,word,y,2026-03-15 23:46:03
three_3_syllable_words,6,trial_15,3,招待所,word,y,2026-03-15 23:46:10
three_3_syllable_words,6,trial_15,cue,行,cue,y,2026-03-15 23:46:18
three_3_syllable_words,6,trial_16,1,传叫士,word,y,2026-03-15 23:46:23
three_3_syllable_words,6,trial_16,2,研究生,word,y,2026-03-15 23:46:31
three_3_syllable_words,6,trial_16,3,多边形,word,y,2026-03-15 23:46:39
three_3_syllable_words,6,trial_16,cue,边,cue,y,2026-03-15 23:46:42
three_3_syllable_words,6,trial_17,1,锦标赛,word,y,2026-03-15 23:46:48
three_3_syllable_words,6,trial_17,2,相对论,word,y,2026-03-15 23:46:54
three_3_syllable_words,6,trial_17,3,会议室,word,y,2026-03-15 23:47:01
three_3_syllable_words,6,trial_17,cue,论,cue,y,2026-03-15 23:47:09
three_3_syllable_words,6,trial_18,1,高利贷,word,y,2026-03-15 23:47:14
three_3_syllable_words,6,trial_18,2,障碍物,word,y,2026-03-15 23:47:19
three_3_syllable_words,6,trial_18,3,俱乐部,word,y,2026-03-15 23:47:26
three_3_syllable_words,6,trial_18,cue,俱,cue,y,2026-03-15 23:47:29
three_3_syllable_words,6,trial_19,1,高利贷,word,y,2026-03-15 23:47:36
three_3_syllable_words,6,trial_19,2,手榴弹,word,n,2026-03-15 23:47:41
three_3_syllable_words,6,trial_19,3,党中央,word,y,2026-03-15 23:47:49
three_3_syllable_words,6,trial_19,cue,利,cue,y,2026-03-15 23:47:54
three_3_syllable_words,6,trial_20,1,重要性,word,y,2026-03-15 23:48:00
three_3_syllable_words,6,trial_20,2,介绍信,word,y,2026-03-15 23:48:10
three_3_syllable_words,6,trial_20,3,出版社,word,y,2026-03-15 23:48:17
three_3_syllable_words,6,trial_20,cue,出,cue,y,2026-03-15 23:48:21
three_3_syllable_words,6,trial_21,1,销售额,word,y,2026-03-15 23:48:27
three_3_syllable_words,6,trial_21,2,呼吸道,word,y,2026-03-15 23:48:32
three_3_syllable_words,6,trial_21,3,畜牧业,word,n,2026-03-15 23:48:38
three_3_syllable_words,6,trial_21,cue,畜,cue,n,2026-03-15 23:48:40
three_3_syllable_words,6,trial_22,1,俱乐部,word,y,2026-03-15 23:48:48
three_3_syllable_words,6,trial_22,2,相对论,word,y,2026-03-15 23:48:57
three_3_syllable_words,6,trial_22,3,高利贷,word,y,2026-03-15 23:49:03
three_3_syllable_words,6,trial_22,cue,高,cue,y,2026-03-15 23:49:09
three_3_syllable_words,6,trial_23,1,多边形,word,y,2026-03-15 23:49:18
three_3_syllable_words,6,trial_23,2,婚姻法,word,y,2026-03-15 23:49:24
three_3_syllable_words,6,trial_23,3,工艺品,word,y,2026-03-15 23:49:29
three_3_syllable_words,6,trial_23,cue,形,cue,y,2026-03-15 23:49:34
three_3_syllable_words,6,trial_24,1,电冰箱,word,y,2026-03-15 23:49:42
three_3_syllable_words,6,trial_24,2,宇航员,word,y,2026-03-15 23:49:49
three_3_syllable_words,6,trial_24,3,高利贷,word,y,2026-03-15 23:49:57
three_3_syllable_words,6,trial_24,cue,冰,cue,y,2026-03-15 23:50:01
three_3_syllable_words,6,trial_25,1,志愿军,word,y,2026-03-15 23:50:09
three_3_syllable_words,6,trial_25,2,检察官,word,y,2026-03-15 23:50:16
three_3_syllable_words,6,trial_25,3,多边形,word,y,2026-03-15 23:50:23
three_3_syllable_words,6,trial_25,cue,检,cue,y,2026-03-15 23:50:26
three_3_syllable_words,6,trial_26,1,金黄色,word,y,2026-03-15 23:50:32
three_3_syllable_words,6,trial_26,2,科学家,word,y,2026-03-15 23:50:40
three_3_syllable_words,6,trial_26,3,魔术师,word,y,2026-03-15 23:50:46
three_3_syllable_words,6,trial_26,cue,家,cue,y,2026-03-15 23:50:51
three_3_syllable_words,6,trial_27,1,销售额,word,y,2026-03-15 23:51:04
three_3_syllable_words,6,trial_27,2,单细胞,word,y,2026-03-15 23:51:11
three_3_syllable_words,6,trial_27,3,耗奇心,word,y,2026-03-15 23:51:17
three_3_syllable_words,6,trial_27,cue,奇,cue,y,2026-03-15 23:51:20
three_3_syllable_words,6,trial_28,1,幼儿园,word,y,2026-03-15 23:51:26
three_3_syllable_words,6,trial_28,2,暴风雨,word,y,2026-03-15 23:51:31
three_3_syllable_words,6,trial_28,3,价值观,word,y,2026-03-15 23:51:37
three_3_syllable_words,6,trial_28,cue,价,cue,y,2026-03-15 23:51:40
three_3_syllable_words,6,trial_29,1,神经元,word,y,2026-03-15 23:51:46
three_3_syllable_words,6,trial_29,2,穿山甲,word,y,2026-03-15 23:51:53
three_3_syllable_words,6,trial_29,3,超声波,word,y,2026-03-15 23:51:58
three_3_syllable_words,6,trial_29,cue,经,cue,y,2026-03-15 23:52:03
three_3_syllable_words,6,trial_30,1,望远镜,word,y,2026-03-15 23:52:09
three_3_syllable_words,6,trial_30,2,党中央,word,y,2026-03-15 23:52:22
three_3_syllable_words,6,trial_30,3,婚姻法,word,y,2026-03-15 23:52:29
three_3_syllable_words,6,trial_30,cue,党,cue,y,2026-03-15 23:52:32
three_3_syllable_words,6,trial_31,1,冷空气,word,y,2026-03-15 23:52:41
three_3_syllable_words,6,trial_31,2,写字台,word,y,2026-03-15 23:52:50
three_3_syllable_words,6,trial_31,3,电冰箱,word,y,2026-03-15 23:52:56
three_3_syllable_words,6,trial_31,cue,气,cue,y,2026-03-15 23:53:00
three_3_syllable_words,6,trial_32,1,超声波,word,y,2026-03-15 23:53:06
three_3_syllable_words,6,trial_32,2,银河系,word,y,2026-03-15 23:53:12
three_3_syllable_words,6,trial_32,3,重要性,word,y,2026-03-15 23:53:20
three_3_syllable_words,6,trial_32,cue,要,cue,y,2026-03-15 23:53:25
three_3_syllable_words,6,trial_33,1,青哨年,word,y,2026-03-15 23:53:32
three_3_syllable_words,6,trial_33,2,参谋掌,word,y,2026-03-15 23:53:37
three_3_syllable_words,6,trial_33,3,多边形,word,y,2026-03-15 23:53:45
three_3_syllable_words,6,trial_33,cue,哨,cue,y,2026-03-15 23:53:49
three_3_syllable_words,6,trial_34,1,马铃薯,word,y,2026-03-15 23:53:54
three_3_syllable_words,6,trial_34,2,招待所,word,y,2026-03-15 23:53:59
three_3_syllable_words,6,trial_34,3,天花板,word,y,2026-03-15 23:54:04
three_3_syllable_words,6,trial_34,cue,招,cue,y,2026-03-15 23:54:08
three_3_syllable_words,6,trial_35,1,电冰箱,word,y,2026-03-15 23:54:14
three_3_syllable_words,6,trial_35,2,党中央,word,y,2026-03-15 23:54:19
three_3_syllable_words,6,trial_35,3,天花板,word,y,2026-03-15 23:54:25
three_3_syllable_words,6,trial_35,cue,天,cue,y,2026-03-15 23:54:30
three_3_syllable_words,6,trial_36,1,锦标赛,word,y,2026-03-15 23:54:39
three_3_syllable_words,6,trial_36,2,主人翁,word,y,2026-03-15 23:54:46
three_3_syllable_words,6,trial_36,3,参谋掌,word,y,2026-03-15 23:54:56
three_3_syllable_words,6,trial_36,cue,翁,cue,y,2026-03-15 23:55:01
three_3_syllable_words,6,trial_37,1,普通话,word,y,2026-03-15 23:55:12
three_3_syllable_words,6,trial_37,2,魔术师,word,y,2026-03-15 23:55:18
three_3_syllable_words,6,trial_37,3,猫头鹰,word,y,2026-03-15 23:55:25
three_3_syllable_words,6,trial_37,cue,头,cue,y,2026-03-15 23:55:28
three_3_syllable_words,6,trial_38,1,宇航员,word,y,2026-03-15 23:55:34
three_3_syllable_words,6,trial_38,2,奴隶制,word,n,2026-03-15 23:55:39
three_3_syllable_words,6,trial_38,3,淋巴结,word,y,2026-03-15 23:55:45
three_3_syllable_words,6,trial_38,cue,淋,cue,y,2026-03-15 23:55:48
three_3_syllable_words,6,trial_39,1,志愿军,word,y,2026-03-15 23:55:53
three_3_syllable_words,6,trial_39,2,变压器,word,y,2026-03-15 23:55:59
three_3_syllable_words,6,trial_39,3,太阳能,word,y,2026-03-15 23:56:06
three_3_syllable_words,6,trial_39,cue,太,cue,y,2026-03-15 23:56:10
three_3_syllable_words,6,trial_40,1,公安局,word,y,2026-03-15 23:56:17
three_3_syllable_words,6,trial_40,2,魔术师,word,y,2026-03-15 23:56:24
three_3_syllable_words,6,trial_40,3,葡萄糖,word,n,2026-03-15 23:56:29
three_3_syllable_words,6,trial_40,cue,安,cue,y,2026-03-15 23:56:32
three_3_syllable_words,6,trial_41,1,消费者,word,y,2026-03-15 23:56:39
three_3_syllable_words,6,trial_41,2,录音机,word,y,2026-03-15 23:56:44
three_3_syllable_words,6,trial_41,3,魔术师,word,y,2026-03-15 23:56:50
three_3_syllable_words,6,trial_41,cue,者,cue,y,2026-03-15 23:56:53
three_3_syllable_words,7,trial_1,1,自然界,word,y,2026-03-15 23:56:58
three_3_syllable_words,7,trial_1,2,畜牧业,word,n,2026-03-15 23:57:04
three_3_syllable_words,7,trial_1,3,价值观,word,y,2026-03-15 23:57:11
three_3_syllable_words,7,trial_1,cue,界,cue,y,2026-03-15 23:57:19
three_3_syllable_words,7,trial_2,1,银河系,word,y,2026-03-15 23:57:29
three_3_syllable_words,7,trial_2,2,望远镜,word,y,2026-03-15 23:57:38
three_3_syllable_words,7,trial_2,3,重要性,word,y,2026-03-15 23:57:44
three_3_syllable_words,7,trial_2,cue,要,cue,y,2026-03-15 23:57:47
three_3_syllable_words,7,trial_3,1,紫外线,word,n,2026-03-15 23:57:52
three_3_syllable_words,7,trial_3,2,超声波,word,y,2026-03-15 23:58:00
three_3_syllable_words,7,trial_3,3,葡萄糖,word,n,2026-03-15 23:58:05
three_3_syllable_words,7,trial_3,cue,葡,cue,n,2026-03-15 23:58:07
three_3_syllable_words,7,trial_4,1,方程式,word,y,2026-03-15 23:58:16
three_3_syllable_words,7,trial_4,2,招待所,word,y,2026-03-15 23:58:23
three_3_syllable_words,7,trial_4,3,冷空气,word,y,2026-03-15 23:58:30
three_3_syllable_words,7,trial_4,cue,空,cue,y,2026-03-15 23:58:33
three_3_syllable_words,7,trial_5,1,乒乓球,word,y,2026-03-15 23:58:40
three_3_syllable_words,7,trial_5,2,手榴弹,word,n,2026-03-15 23:58:46
three_3_syllable_words,7,trial_5,3,进行曲,word,n,2026-03-15 23:58:52
three_3_syllable_words,7,trial_5,cue,手,cue,y,2026-03-15 23:58:55
three_3_syllable_words,7,trial_6,1,销售额,word,y,2026-03-15 23:59:01
three_3_syllable_words,7,trial_6,2,神经元,word,y,2026-03-15 23:59:07
three_3_syllable_words,7,trial_6,3,太阳能,word,y,2026-03-15 23:59:15
three_3_syllable_words,7,trial_6,cue,售,cue,y,2026-03-15 23:59:18
three_3_syllable_words,7,trial_7,1,同位素,word,y,2026-03-15 23:59:25
three_3_syllable_words,7,trial_7,2,婚姻法,word,y,2026-03-15 23:59:32
three_3_syllable_words,7,trial_7,3,荧光屏,word,n,2026-03-15 23:59:41
three_3_syllable_words,7,trial_7,cue,法,cue,y,2026-03-15 23:59:43
three_3_syllable_words,7,trial_8,1,催化剂,word,y,2026-03-15 23:59:49
three_3_syllable_words,7,trial_8,2,神经元,word,y,2026-03-15 23:59:55
three_3_syllable_words,7,trial_8,3,相对论,word,y,2026-03-16 00:00:00
three_3_syllable_words,7,trial_8,cue,化,cue,y,2026-03-16 00:00:04
three_3_syllable_words,7,trial_9,1,锦标赛,word,y,2026-03-16 00:00:10
three_3_syllable_words,7,trial_9,2,高利贷,word,y,2026-03-16 00:00:16
three_3_syllable_words,7,trial_9,3,乒乓球,word,y,2026-03-16 00:00:23
three_3_syllable_words,7,trial_9,cue,贷,cue,y,2026-03-16 00:00:27
three_3_syllable_words,7,trial_10,1,图书馆,word,y,2026-03-16 00:00:40
three_3_syllable_words,7,trial_10,2,紫外线,word,n,2026-03-16 00:00:45
three_3_syllable_words,7,trial_10,3,志愿军,word,y,2026-03-16 00:00:50
three_3_syllable_words,7,trial_10,cue,馆,cue,y,2026-03-16 00:00:53
three_3_syllable_words,7,trial_11,1,变压器,word,y,2026-03-16 00:00:59
three_3_syllable_words,7,trial_11,2,铁矿石,word,y,2026-03-16 00:01:05
three_3_syllable_words,7,trial_11,3,交响悦,word,y,2026-03-16 00:01:12
three_3_syllable_words,7,trial_11,cue,交,cue,y,2026-03-16 00:01:16
three_3_syllable_words,7,trial_12,1,交响悦,word,y,2026-03-16 00:01:21
three_3_syllable_words,7,trial_12,2,自然界,word,y,2026-03-16 00:01:26
three_3_syllable_words,7,trial_12,3,会议室,word,y,2026-03-16 00:01:31
three_3_syllable_words,7,trial_12,cue,悦,cue,y,2026-03-16 00:01:34
three_3_syllable_words,7,trial_13,1,责任感,word,y,2026-03-16 00:01:41
three_3_syllable_words,7,trial_13,2,视网膜,word,y,2026-03-16 00:01:46
three_3_syllable_words,7,trial_13,3,参谋掌,word,y,2026-03-16 00:02:03
three_3_syllable_words,7,trial_13,cue,参,cue,y,2026-03-16 00:02:09
three_3_syllable_words,7,trial_14,1,葡萄糖,word,n,2026-03-16 00:02:15
three_3_syllable_words,7,trial_14,2,单细胞,word,y,2026-03-16 00:02:21
three_3_syllable_words,7,trial_14,3,宇航员,word,y,2026-03-16 00:02:29
three_3_syllable_words,7,trial_14,cue,航,cue,y,2026-03-16 00:02:32
three_3_syllable_words,7,trial_15,1,公安局,word,y,2026-03-16 00:02:39
three_3_syllable_words,7,trial_15,2,灵敏度,word,n,2026-03-16 00:02:45
three_3_syllable_words,7,trial_15,3,望远镜,word,y,2026-03-16 00:02:51
three_3_syllable_words,7,trial_15,cue,安,cue,y,2026-03-16 00:02:58
three_3_syllable_words,7,trial_16,1,葡萄糖,word,n,2026-03-16 00:03:06
three_3_syllable_words,7,trial_16,2,蒸馏水,word,y,2026-03-16 00:03:13
three_3_syllable_words,7,trial_16,3,病原体,word,y,2026-03-16 00:03:20
three_3_syllable_words,7,trial_16,cue,原,cue,y,2026-03-16 00:03:26
three_3_syllable_words,7,trial_17,1,葡萄糖,word,n,2026-03-16 00:03:31
three_3_syllable_words,7,trial_17,2,销售额,word,y,2026-03-16 00:03:36
three_3_syllable_words,7,trial_17,3,国务院,word,y,2026-03-16 00:03:41
three_3_syllable_words,7,trial_17,cue,额,cue,y,2026-03-16 00:03:47
three_3_syllable_words,7,trial_18,1,代表团,word,y,2026-03-16 00:03:56
three_3_syllable_words,7,trial_18,2,障碍物,word,y,2026-03-16 00:04:01
three_3_syllable_words,7,trial_18,3,视网膜,word,y,2026-03-16 00:04:07
three_3_syllable_words,7,trial_18,cue,视,cue,y,2026-03-16 00:04:13
three_3_syllable_words,7,trial_19,1,志愿军,word,y,2026-03-16 00:04:20
three_3_syllable_words,7,trial_19,2,畜牧业,word,y,2026-03-16 00:04:26
three_3_syllable_words,7,trial_19,3,参谋掌,word,y,2026-03-16 00:04:33
three_3_syllable_words,7,trial_19,cue,畜,cue,n,2026-03-16 00:04:38
three_3_syllable_words,7,trial_20,1,马铃薯,word,y,2026-03-16 00:04:52
three_3_syllable_words,7,trial_20,2,催化剂,word,y,2026-03-16 00:04:58
three_3_syllable_words,7,trial_20,3,反动派,word,y,2026-03-16 00:05:04
three_3_syllable_words,7,trial_20,cue,铃,cue,y,2026-03-16 00:05:11
three_3_syllable_words,7,trial_21,1,金黄色,word,y,2026-03-16 00:05:20
three_3_syllable_words,7,trial_21,2,高利贷,word,y,2026-03-16 00:05:28
three_3_syllable_words,7,trial_21,3,神经元,word,y,2026-03-16 00:05:35
three_3_syllable_words,7,trial_21,cue,贷,cue,y,2026-03-16 00:05:43
three_3_syllable_words,7,trial_22,1,会议室,word,y,2026-03-16 00:05:48
three_3_syllable_words,7,trial_22,2,介绍信,word,y,2026-03-16 00:05:55
three_3_syllable_words,7,trial_22,3,科学家,word,y,2026-03-16 00:06:00
three_3_syllable_words,7,trial_22,cue,信,cue,y,2026-03-16 00:06:04
three_3_syllable_words,7,trial_23,1,手榴弹,word,n,2026-03-16 00:06:12
three_3_syllable_words,7,trial_23,2,猫头鹰,word,y,2026-03-16 00:06:18
three_3_syllable_words,7,trial_23,3,相对论,word,y,2026-03-16 00:06:25
three_3_syllable_words,7,trial_23,cue,相,cue,n,2026-03-16 00:06:28
three_3_syllable_words,7,trial_24,1,创造力,word,y,2026-03-16 00:06:33
three_3_syllable_words,7,trial_24,2,神经元,word,y,2026-03-16 00:06:40
three_3_syllable_words,7,trial_24,3,工艺品,word,y,2026-03-16 00:06:50
three_3_syllable_words,7,trial_24,cue,艺,cue,y,2026-03-16 00:06:54
three_3_syllable_words,7,trial_25,1,手榴弹,word,n,2026-03-16 00:07:01
three_3_syllable_words,7,trial_25,2,马铃薯,word,y,2026-03-16 00:07:05
three_3_syllable_words,7,trial_25,3,内分泌,word,y,2026-03-16 00:07:13
three_3_syllable_words,7,trial_25,cue,榴,cue,y,2026-03-16 00:07:21
three_3_syllable_words,7,trial_26,1,单细胞,word,y,2026-03-16 00:07:26
three_3_syllable_words,7,trial_26,2,病原体,word,y,2026-03-16 00:07:33
three_3_syllable_words,7,trial_26,3,荧光屏,word,n,2026-03-16 00:07:40
three_3_syllable_words,7,trial_26,cue,光,cue,y,2026-03-16 00:07:44
three_3_syllable_words,7,trial_27,1,暴风雨,word,y,2026-03-16 00:07:49
three_3_syllable_words,7,trial_27,2,氨基酸,word,y,2026-03-16 00:07:56
three_3_syllable_words,7,trial_27,3,党中央,word,y,2026-03-16 00:08:03
three_3_syllable_words,7,trial_27,cue,党,cue,y,2026-03-16 00:08:06
three_3_syllable_words,7,trial_28,1,障碍物,word,y,2026-03-16 00:08:14
three_3_syllable_words,7,trial_28,2,研究生,word,y,2026-03-16 00:08:19
three_3_syllable_words,7,trial_28,3,直辖市,word,y,2026-03-16 00:08:27
three_3_syllable_words,7,trial_28,cue,直,cue,y,2026-03-16 00:08:31
three_3_syllable_words,7,trial_29,1,幼儿园,word,y,2026-03-16 00:08:38
three_3_syllable_words,7,trial_29,2,氨基酸,word,y,2026-03-16 00:08:44
three_3_syllable_words,7,trial_29,3,男籽汉,word,y,2026-03-16 00:08:54
three_3_syllable_words,7,trial_29,cue,酸,cue,y,2026-03-16 00:08:59
three_3_syllable_words,7,trial_30,1,国务院,word,y,2026-03-16 00:09:07
three_3_syllable_words,7,trial_30,2,猫头鹰,word,y,2026-03-16 00:09:15
three_3_syllable_words,7,trial_30,3,催化剂,word,y,2026-03-16 00:09:26
three_3_syllable_words,7,trial_30,cue,催,cue,y,2026-03-16 00:09:32
three_3_syllable_words,7,trial_31,1,穿山甲,word,y,2026-03-16 00:09:41
three_3_syllable_words,7,trial_31,2,责任感,word,y,2026-03-16 00:09:46
three_3_syllable_words,7,trial_31,3,方程式,word,y,2026-03-16 00:09:54
three_3_syllable_words,7,trial_31,cue,方,cue,y,2026-03-16 00:09:57
three_3_syllable_words,7,trial_32,1,乒乓球,word,y,2026-03-16 00:10:03
three_3_syllable_words,7,trial_32,2,蒸馏水,word,y,2026-03-16 00:10:09
three_3_syllable_words,7,trial_32,3,检察官,word,y,2026-03-16 00:10:16
three_3_syllable_words,7,trial_32,cue,察,cue,y,2026-03-16 00:10:21
three_3_syllable_words,7,trial_33,1,银河系,word,y,2026-03-16 00:10:26
three_3_syllable_words,7,trial_33,2,冷空气,word,y,2026-03-16 00:10:31
three_3_syllable_words,7,trial_33,3,男籽汉,word,y,2026-03-16 00:10:36
three_3_syllable_words,7,trial_33,cue,男,cue,y,2026-03-16 00:10:39
three_3_syllable_words,7,trial_34,1,销售额,word,y,2026-03-16 00:10:44
three_3_syllable_words,7,trial_34,2,马铃薯,word,y,2026-03-16 00:10:50
three_3_syllable_words,7,trial_34,3,重要性,word,y,2026-03-16 00:11:03
three_3_syllable_words,7,trial_34,cue,售,cue,y,2026-03-16 00:11:07
three_3_syllable_words,7,trial_35,1,方程式,word,y,2026-03-16 00:11:17
three_3_syllable_words,7,trial_35,2,反动派,word,y,2026-03-16 00:11:23
three_3_syllable_words,7,trial_35,3,超声波,word,y,2026-03-16 00:11:36
three_3_syllable_words,7,trial_35,cue,反,cue,y,2026-03-16 00:11:41
three_3_syllable_words,7,trial_36,1,笔记本,word,y,2026-03-16 00:11:48
three_3_syllable_words,7,trial_36,2,公安局,word,y,2026-03-16 00:11:54
three_3_syllable_words,7,trial_36,3,幼儿园,word,y,2026-03-16 00:12:06
three_3_syllable_words,7,trial_36,cue,儿,cue,y,2026-03-16 00:12:09
three_3_syllable_words,7,trial_37,1,马铃薯,word,y,2026-03-16 00:12:15
three_3_syllable_words,7,trial_37,2,畜牧业,word,y,2026-03-16 00:12:21
three_3_syllable_words,7,trial_37,3,耗奇心,word,y,2026-03-16 00:12:28
three_3_syllable_words,7,trial_37,cue,薯,cue,y,2026-03-16 00:12:32
three_3_syllable_words,7,trial_38,1,暴风雨,word,y,2026-03-16 00:12:38
three_3_syllable_words,7,trial_38,2,奴隶制,word,n,2026-03-16 00:12:43
three_3_syllable_words,7,trial_38,3,畜牧业,word,n,2026-03-16 00:12:48
three_3_syllable_words,7,trial_38,cue,制,cue,y,2026-03-16 00:12:52
three_3_syllable_words,7,trial_39,1,蒸馏水,word,y,2026-03-16 00:12:58
three_3_syllable_words,7,trial_39,2,病原体,word,y,2026-03-16 00:13:05
three_3_syllable_words,7,trial_39,3,相对论,word,y,2026-03-16 00:13:13
three_3_syllable_words,7,trial_39,cue,相,cue,y,2026-03-16 00:13:16
three_3_syllable_words,7,trial_40,1,变压器,word,y,2026-03-16 00:13:22
three_3_syllable_words,7,trial_40,2,写字台,word,y,2026-03-16 00:13:31
three_3_syllable_words,7,trial_40,3,障碍物,word,y,2026-03-16 00:13:39
three_3_syllable_words,7,trial_40,cue,写,cue,y,2026-03-16 00:13:42
three_3_syllable_words,7,trial_41,1,反动派,word,y,2026-03-16 00:13:51
three_3_syllable_words,7,trial_41,2,工艺品,word,y,2026-03-16 00:13:58
three_3_syllable_words,7,trial_41,3,魔术师,word,y,2026-03-16 00:14:09
three_3_syllable_words,7,trial_41,cue,动,cue,y,2026-03-16 00:14:12
three_3_syllable_words,8,trial_1,1,销售额,word,y,2026-03-16 00:14:16
three_3_syllable_words,8,trial_1,2,铁矿石,word,y,2026-03-16 00:14:22
three_3_syllable_words,8,trial_1,3,葡萄糖,word,y,2026-03-16 00:14:27
three_3_syllable_words,8,trial_1,cue,萄,cue,y,2026-03-16 00:14:30
three_3_syllable_words,8,trial_2,1,灵敏度,word,n,2026-03-16 00:14:35
three_3_syllable_words,8,trial_2,2,金黄色,word,y,2026-03-16 00:14:40
three_3_syllable_words,8,trial_2,3,交响悦,word,y,2026-03-16 00:14:48
three_3_syllable_words,8,trial_2,cue,响,cue,y,2026-03-16 00:14:54
three_3_syllable_words,8,trial_3,1,参谋掌,word,y,2026-03-16 00:15:04
three_3_syllable_words,8,trial_3,2,价值观,word,y,2026-03-16 00:15:13
three_3_syllable_words,8,trial_3,3,内分泌,word,y,2026-03-16 00:15:21
three_3_syllable_words,8,trial_3,cue,分,cue,y,2026-03-16 00:15:25
three_3_syllable_words,8,trial_4,1,幼儿园,word,y,2026-03-16 00:15:35
three_3_syllable_words,8,trial_4,2,催化剂,word,y,2026-03-16 00:15:41
three_3_syllable_words,8,trial_4,3,紫外线,word,y,2026-03-16 00:15:47
three_3_syllable_words,8,trial_4,cue,外,cue,y,2026-03-16 00:15:51
three_3_syllable_words,8,trial_5,1,招待所,word,y,2026-03-16 00:15:56
three_3_syllable_words,8,trial_5,2,畜牧业,word,y,2026-03-16 00:16:06
three_3_syllable_words,8,trial_5,3,呼吸道,word,y,2026-03-16 00:16:16
three_3_syllable_words,8,trial_5,cue,所,cue,y,2026-03-16 00:16:22
three_3_syllable_words,8,trial_6,1,耗奇心,word,y,2026-03-16 00:16:28
three_3_syllable_words,8,trial_6,2,锦标赛,word,y,2026-03-16 00:16:35
three_3_syllable_words,8,trial_6,3,海平面,word,y,2026-03-16 00:16:41
three_3_syllable_words,8,trial_6,cue,锦,cue,y,2026-03-16 00:16:44
three_3_syllable_words,8,trial_7,1,创造力,word,y,2026-03-16 00:16:51
three_3_syllable_words,8,trial_7,2,穿山甲,word,y,2026-03-16 00:17:04
three_3_syllable_words,8,trial_7,3,多边形,word,y,2026-03-16 00:17:11
three_3_syllable_words,8,trial_7,cue,边,cue,y,2026-03-16 00:17:17
three_3_syllable_words,8,trial_8,1,婚姻法,word,y,2026-03-16 00:17:26
three_3_syllable_words,8,trial_8,2,多边形,word,y,2026-03-16 00:17:31
three_3_syllable_words,8,trial_8,3,消费者,word,y,2026-03-16 00:17:38
three_3_syllable_words,8,trial_8,cue,费,cue,y,2026-03-16 00:17:43
three_3_syllable_words,8,trial_9,1,科学家,word,y,2026-03-16 00:17:50
three_3_syllable_words,8,trial_9,2,锦标赛,word,y,2026-03-16 00:17:57
three_3_syllable_words,8,trial_9,3,变压器,word,y,2026-03-16 00:18:03
three_3_syllable_words,8,trial_9,cue,学,cue,y,2026-03-16 00:18:08
three_3_syllable_words,8,trial_10,1,参谋掌,word,y,2026-03-16 00:18:15
three_3_syllable_words,8,trial_10,2,暴风雨,word,y,2026-03-16 00:18:21
three_3_syllable_words,8,trial_10,3,会议室,word,y,2026-03-16 00:18:30
three_3_syllable_words,8,trial_10,cue,谋,cue,y,2026-03-16 00:18:35
three_3_syllable_words,8,trial_11,1,超声波,word,y,2026-03-16 00:18:43
three_3_syllable_words,8,trial_11,2,反动派,word,y,2026-03-16 00:18:51
three_3_syllable_words,8,trial_11,3,蒸馏水,word,y,2026-03-16 00:18:58
three_3_syllable_words,8,trial_11,cue,派,cue,y,2026-03-16 00:19:02
three_3_syllable_words,8,trial_12,1,工艺品,word,y,2026-03-16 00:19:09
three_3_syllable_words,8,trial_12,2,方程式,word,y,2026-03-16 00:19:16
three_3_syllable_words,8,trial_12,3,太阳能,word,y,2026-03-16 00:19:22
three_3_syllable_words,8,trial_12,cue,品,cue,y,2026-03-16 00:19:25
three_3_syllable_words,8,trial_13,1,男籽汉,word,y,2026-03-16 00:19:30
three_3_syllable_words,8,trial_13,2,西红柿,word,y,2026-03-16 00:19:37
three_3_syllable_words,8,trial_13,3,销售额,word,y,2026-03-16 00:19:43
three_3_syllable_words,8,trial_13,cue,销,cue,y,2026-03-16 00:19:46
three_3_syllable_words,8,trial_14,1,多边形,word,y,2026-03-16 00:19:52
three_3_syllable_words,8,trial_14,2,录音机,word,y,2026-03-16 00:20:00
three_3_syllable_words,8,trial_14,3,西红柿,word,y,2026-03-16 00:20:06
three_3_syllable_words,8,trial_14,cue,机,cue,y,2026-03-16 00:20:10
three_3_syllable_words,8,trial_15,1,重要性,word,y,2026-03-16 00:20:16
three_3_syllable_words,8,trial_15,2,宇航员,word,y,2026-03-16 00:20:22
three_3_syllable_words,8,trial_15,3,电冰箱,word,y,2026-03-16 00:20:28
three_3_syllable_words,8,trial_15,cue,性,cue,y,2026-03-16 00:20:31
three_3_syllable_words,8,trial_16,1,进行曲,word,y,2026-03-16 00:20:38
three_3_syllable_words,8,trial_16,2,猫头鹰,word,y,2026-03-16 00:20:44
three_3_syllable_words,8,trial_16,3,手榴弹,word,n,2026-03-16 00:20:54
three_3_syllable_words,8,trial_16,cue,猫,cue,y,2026-03-16 00:20:58
three_3_syllable_words,8,trial_17,1,传叫士,word,y,2026-03-16 00:21:03
three_3_syllable_words,8,trial_17,2,灵敏度,word,n,2026-03-16 00:21:09
three_3_syllable_words,8,trial_17,3,出版社,word,y,2026-03-16 00:21:15
three_3_syllable_words,8,trial_17,cue,叫,cue,y,2026-03-16 00:21:19
three_3_syllable_words,8,trial_18,1,魔术师,word,y,2026-03-16 00:21:24
three_3_syllable_words,8,trial_18,2,检察官,word,y,2026-03-16 00:21:29
three_3_syllable_words,8,trial_18,3,超声波,word,y,2026-03-16 00:21:34
three_3_syllable_words,8,trial_18,cue,术,cue,y,2026-03-16 00:21:38
three_3_syllable_words,8,trial_19,1,冷空气,word,y,2026-03-16 00:21:44
three_3_syllable_words,8,trial_19,2,银河系,word,y,2026-03-16 00:21:49
three_3_syllable_words,8,trial_19,3,笔记本,word,y,2026-03-16 00:21:56
three_3_syllable_words,8,trial_19,cue,笔,cue,y,2026-03-16 00:21:58
three_3_syllable_words,8,trial_20,1,检察官,word,y,2026-03-16 00:22:03
three_3_syllable_words,8,trial_20,2,工艺品,word,y,2026-03-16 00:22:09
three_3_syllable_words,8,trial_20,3,氨基酸,word,y,2026-03-16 00:22:21
three_3_syllable_words,8,trial_20,cue,工,cue,y,2026-03-16 00:22:24
three_3_syllable_words,8,trial_21,1,奴隶制,word,n,2026-03-16 00:22:29
three_3_syllable_words,8,trial_21,2,介绍信,word,y,2026-03-16 00:22:34
three_3_syllable_words,8,trial_21,3,幼儿园,word,y,2026-03-16 00:22:43
three_3_syllable_words,8,trial_21,cue,介,cue,y,2026-03-16 00:22:46
three_3_syllable_words,8,trial_22,1,手榴弹,word,n,2026-03-16 00:22:52
three_3_syllable_words,8,trial_22,2,障碍物,word,y,2026-03-16 00:22:57
three_3_syllable_words,8,trial_22,3,灵敏度,word,n,2026-03-16 00:23:02
three_3_syllable_words,8,trial_22,cue,敏,cue,y,2026-03-16 00:23:04
three_3_syllable_words,8,trial_23,1,介绍信,word,y,2026-03-16 00:23:09
three_3_syllable_words,8,trial_23,2,俱乐部,word,y,2026-03-16 00:23:15
three_3_syllable_words,8,trial_23,3,交响悦,word,y,2026-03-16 00:23:20
three_3_syllable_words,8,trial_23,cue,绍,cue,y,2026-03-16 00:23:23
three_3_syllable_words,8,trial_24,1,多边形,word,y,2026-03-16 00:23:28
three_3_syllable_words,8,trial_24,2,神经元,word,y,2026-03-16 00:23:33
three_3_syllable_words,8,trial_24,3,马铃薯,word,y,2026-03-16 00:23:38
three_3_syllable_words,8,trial_24,cue,元,cue,y,2026-03-16 00:23:39
three_3_syllable_words,8,trial_25,1,进行曲,word,y,2026-03-16 00:23:44
three_3_syllable_words,8,trial_25,2,写字台,word,y,2026-03-16 00:23:49
three_3_syllable_words,8,trial_25,3,超声波,word,y,2026-03-16 00:23:53
three_3_syllable_words,8,trial_25,cue,曲,cue,y,2026-03-16 00:23:55
three_3_syllable_words,8,trial_26,1,多边形,word,y,2026-03-16 00:23:59
three_3_syllable_words,8,trial_26,2,魔术师,word,y,2026-03-16 00:24:04
three_3_syllable_words,8,trial_26,3,婚姻法,word,y,2026-03-16 00:24:09
three_3_syllable_words,8,trial_26,cue,魔,cue,y,2026-03-16 00:24:13
three_3_syllable_words,8,trial_27,1,宇航员,word,y,2026-03-16 00:24:18
three_3_syllable_words,8,trial_27,2,锦标赛,word,y,2026-03-16 00:24:23
three_3_syllable_words,8,trial_27,3,参谋掌,word,y,2026-03-16 00:24:28
three_3_syllable_words,8,trial_27,cue,锦,cue,y,2026-03-16 00:24:30
three_3_syllable_words,8,trial_28,1,价值观,word,y,2026-03-16 00:24:35
three_3_syllable_words,8,trial_28,2,宇航员,word,y,2026-03-16 00:24:40
three_3_syllable_words,8,trial_28,3,乒乓球,word,y,2026-03-16 00:24:45
three_3_syllable_words,8,trial_28,cue,乒,cue,y,2026-03-16 00:24:48
three_3_syllable_words,8,trial_29,1,电冰箱,word,y,2026-03-16 00:24:58
three_3_syllable_words,8,trial_29,2,蒸馏水,word,y,2026-03-16 00:25:22
three_3_syllable_words,8,trial_29,3,催化剂,word,y,2026-03-16 00:25:29
three_3_syllable_words,8,trial_29,cue,箱,cue,y,2026-03-16 00:25:38
three_3_syllable_words,8,trial_30,1,代表团,word,y,2026-03-16 00:25:45
three_3_syllable_words,8,trial_30,2,神经元,word,y,2026-03-16 00:25:56
three_3_syllable_words,8,trial_30,3,笔记本,word,y,2026-03-16 00:26:02
three_3_syllable_words,8,trial_30,cue,团,cue,y,2026-03-16 00:26:09
three_3_syllable_words,8,trial_31,1,方程式,word,y,2026-03-16 00:26:15
three_3_syllable_words,8,trial_31,2,俱乐部,word,y,2026-03-16 00:26:20
three_3_syllable_words,8,trial_31,3,研究生,word,y,2026-03-16 00:26:25
three_3_syllable_words,8,trial_31,cue,部,cue,y,2026-03-16 00:26:27
three_3_syllable_words,8,trial_32,1,耗奇心,word,y,2026-03-16 00:26:33
three_3_syllable_words,8,trial_32,2,参谋掌,word,y,2026-03-16 00:26:38
three_3_syllable_words,8,trial_32,3,奴隶制,word,y,2026-03-16 00:26:45
three_3_syllable_words,8,trial_32,cue,隶,cue,y,2026-03-16 00:26:48
three_3_syllable_words,8,trial_33,1,多边形,word,y,2026-03-16 00:26:56
three_3_syllable_words,8,trial_33,2,魔术师,word,y,2026-03-16 00:27:10
three_3_syllable_words,8,trial_33,3,呼吸道,word,y,2026-03-16 00:27:15
three_3_syllable_words,8,trial_33,cue,形,cue,y,2026-03-16 00:27:21
three_3_syllable_words,8,trial_34,1,图书馆,word,y,2026-03-16 00:27:41
three_3_syllable_words,8,trial_34,2,录音机,word,y,2026-03-16 00:27:54
three_3_syllable_words,8,trial_34,3,灵敏度,word,y,2026-03-16 00:28:02
three_3_syllable_words,8,trial_34,cue,机,cue,y,2026-03-16 00:28:10
three_3_syllable_words,8,trial_35,1,望远镜,word,y,2026-03-16 00:28:16
three_3_syllable_words,8,trial_35,2,婚姻法,word,y,2026-03-16 00:28:21
three_3_syllable_words,8,trial_35,3,消费者,word,y,2026-03-16 00:28:32
three_3_syllable_words,8,trial_35,cue,远,cue,y,2026-03-16 00:28:37
three_3_syllable_words,8,trial_36,1,催化剂,word,y,2026-03-16 00:28:43
three_3_syllable_words,8,trial_36,2,视网膜,word,y,2026-03-16 00:28:54
three_3_syllable_words,8,trial_36,3,消费者,word,y,2026-03-16 00:29:03
three_3_syllable_words,8,trial_36,cue,消,cue,y,2026-03-16 00:29:10
three_3_syllable_words,8,trial_37,1,党中央,word,y,2026-03-16 00:29:14
three_3_syllable_words,8,trial_37,2,催化剂,word,y,2026-03-16 00:29:22
three_3_syllable_words,8,trial_37,3,志愿军,word,y,2026-03-16 00:29:28
three_3_syllable_words,8,trial_37,cue,剂,cue,y,2026-03-16 00:29:33
three_3_syllable_words,8,trial_38,1,多边形,word,y,2026-03-16 00:29:39
three_3_syllable_words,8,trial_38,2,代表团,word,y,2026-03-16 00:29:46
three_3_syllable_words,8,trial_38,3,反动派,word,y,2026-03-16 00:29:51
three_3_syllable_words,8,trial_38,cue,团,cue,y,2026-03-16 00:29:54
three_3_syllable_words,8,trial_39,1,银河系,word,y,2026-03-16 00:30:04
three_3_syllable_words,8,trial_39,2,青哨年,word,y,2026-03-16 00:30:40
three_3_syllable_words,8,trial_39,3,变压器,word,y,2026-03-16 00:30:45
three_3_syllable_words,8,trial_39,cue,变,cue,y,2026-03-16 00:30:48
three_3_syllable_words,8,trial_40,1,重要性,word,y,2026-03-16 00:30:53
three_3_syllable_words,8,trial_40,2,紫外线,word,y,2026-03-16 00:31:02
three_3_syllable_words,8,trial_40,3,电冰箱,word,y,2026-03-16 00:31:09
three_3_syllable_words,8,trial_40,cue,性,cue,y,2026-03-16 00:31:17
three_3_syllable_words,8,trial_41,1,手榴弹,word,n,2026-03-16 00:31:22
three_3_syllable_words,8,trial_41,2,出版社,word,y,2026-03-16 00:31:29
three_3_syllable_words,8,trial_41,3,暴风雨,word,y,2026-03-16 00:31:35
three_3_syllable_words,8,trial_41,cue,风,cue,y,2026-03-16 00:31:37
three_3_syllable_words,9,trial_1,1,志愿军,word,y,2026-03-16 00:31:43
three_3_syllable_words,9,trial_1,2,高利贷,word,y,2026-03-16 00:31:49
three_3_syllable_words,9,trial_1,3,普通话,word,y,2026-03-16 00:32:05
three_3_syllable_words,9,trial_1,cue,军,cue,y,2026-03-16 00:33:21
three_3_syllable_words,9,trial_2,1,相对论,word,y,2026-03-16 00:33:28
three_3_syllable_words,9,trial_2,2,反动派,word,y,2026-03-16 00:33:34
three_3_syllable_words,9,trial_2,3,主人翁,word,y,2026-03-16 00:33:40
three_3_syllable_words,9,trial_2,cue,对,cue,y,2026-03-16 00:33:44
three_3_syllable_words,9,trial_3,1,价值观,word,y,2026-03-16 00:33:54
three_3_syllable_words,9,trial_3,2,传叫士,word,y,2026-03-16 00:34:47
three_3_syllable_words,9,trial_3,3,超声波,word,y,2026-03-16 00:35:06
three_3_syllable_words,9,trial_3,cue,传,cue,y,2026-03-16 00:35:12
three_3_syllable_words,9,trial_4,1,超声波,word,y,2026-03-16 00:35:51
three_3_syllable_words,9,trial_4,2,招待所,word,y,2026-03-16 00:35:56
three_3_syllable_words,9,trial_4,3,变压器,word,y,2026-03-16 00:36:01
three_3_syllable_words,9,trial_4,cue,声,cue,y,2026-03-16 00:36:08
three_3_syllable_words,9,trial_5,1,国务院,word,y,2026-03-16 00:36:18
three_3_syllable_words,9,trial_5,2,多边形,word,y,2026-03-16 00:36:25
three_3_syllable_words,9,trial_5,3,天花板,word,y,2026-03-16 00:36:37
three_3_syllable_words,9,trial_5,cue,多,cue,y,2026-03-16 00:36:46
three_3_syllable_words,9,trial_6,1,单细胞,word,y,2026-03-16 00:36:53
three_3_syllable_words,9,trial_6,2,责任感,word,y,2026-03-16 00:36:58
three_3_syllable_words,9,trial_6,3,畜牧业,word,n,2026-03-16 00:37:04
three_3_syllable_words,9,trial_6,cue,细,cue,y,2026-03-16 00:37:09
three_3_syllable_words,9,trial_7,1,马铃薯,word,y,2026-03-16 00:37:15
three_3_syllable_words,9,trial_7,2,参谋掌,word,y,2026-03-16 00:37:21
three_3_syllable_words,9,trial_7,3,奴隶制,word,n,2026-03-16 00:37:27
three_3_syllable_words,9,trial_7,cue,掌,cue,y,2026-03-16 00:37:30
three_3_syllable_words,9,trial_8,1,笔记本,word,y,2026-03-16 00:37:37
three_3_syllable_words,9,trial_8,2,重要性,word,y,2026-03-16 00:37:47
three_3_syllable_words,9,trial_8,3,视网膜,word,y,2026-03-16 00:37:52
three_3_syllable_words,9,trial_8,cue,记,cue,y,2026-03-16 00:37:58
three_3_syllable_words,9,trial_9,1,银河系,word,y,2026-03-16 00:38:04
three_3_syllable_words,9,trial_9,2,葡萄糖,word,y,2026-03-16 00:38:11
three_3_syllable_words,9,trial_9,3,紫外线,word,y,2026-03-16 00:38:17
three_3_syllable_words,9,trial_9,cue,紫,cue,n,2026-03-16 00:38:19
three_3_syllable_words,9,trial_10,1,公安局,word,y,2026-03-16 00:38:31
three_3_syllable_words,9,trial_10,2,葡萄糖,word,y,2026-03-16 00:38:43
three_3_syllable_words,9,trial_10,3,销售额,word,y,2026-03-16 00:38:50
three_3_syllable_words,9,trial_10,cue,葡,cue,y,2026-03-16 00:38:57
three_3_syllable_words,9,trial_11,1,氨基酸,word,y,2026-03-16 00:39:04
three_3_syllable_words,9,trial_11,2,视网膜,word,y,2026-03-16 00:39:15
three_3_syllable_words,9,trial_11,3,超声波,word,y,2026-03-16 00:39:20
three_3_syllable_words,9,trial_11,cue,酸,cue,y,2026-03-16 00:39:31
three_3_syllable_words,9,trial_12,1,检察官,word,y,2026-03-16 00:39:45
three_3_syllable_words,9,trial_12,2,幼儿园,word,y,2026-03-16 00:39:54
three_3_syllable_words,9,trial_12,3,天花板,word,y,2026-03-16 00:40:00
three_3_syllable_words,9,trial_12,cue,察,cue,y,2026-03-16 00:40:06
three_3_syllable_words,9,trial_13,1,蒸馏水,word,y,2026-03-16 00:40:22
three_3_syllable_words,9,trial_13,2,责任感,word,y,2026-03-16 00:40:31
three_3_syllable_words,9,trial_13,3,金黄色,word,y,2026-03-16 00:40:37
three_3_syllable_words,9,trial_13,cue,馏,cue,y,2026-03-16 00:40:41
three_3_syllable_words,9,trial_14,1,氨基酸,word,y,2026-03-16 00:40:46
three_3_syllable_words,9,trial_14,2,科学家,word,y,2026-03-16 00:40:52
three_3_syllable_words,9,trial_14,3,研究生,word,y,2026-03-16 00:41:01
three_3_syllable_words,9,trial_14,cue,研,cue,y,2026-03-16 00:41:21
three_3_syllable_words,9,trial_15,1,出版社,word,y,2026-03-16 00:41:31
three_3_syllable_words,9,trial_15,2,宇航员,word,y,2026-03-16 00:41:39
three_3_syllable_words,9,trial_15,3,介绍信,word,y,2026-03-16 00:41:47
three_3_syllable_words,9,trial_15,cue,介,cue,y,2026-03-16 00:41:53
three_3_syllable_words,9,trial_16,1,畜牧业,word,y,2026-03-16 00:41:58
three_3_syllable_words,9,trial_16,2,葡萄糖,word,n,2026-03-16 00:42:04
three_3_syllable_words,9,trial_16,3,淋巴结,word,y,2026-03-16 00:42:09
three_3_syllable_words,9,trial_16,cue,牧,cue,y,2026-03-16 00:42:16
three_3_syllable_words,9,trial_17,1,天花板,word,y,2026-03-16 00:42:25
three_3_syllable_words,9,trial_17,2,研究生,word,y,2026-03-16 00:42:30
three_3_syllable_words,9,trial_17,3,方程式,word,y,2026-03-16 00:43:16
three_3_syllable_words,9,trial_17,cue,研,cue,y,2026-03-16 00:43:21
three_3_syllable_words,9,trial_18,1,葡萄糖,word,n,2026-03-16 00:43:26
three_3_syllable_words,9,trial_18,2,变压器,word,y,2026-03-16 00:43:32
three_3_syllable_words,9,trial_18,3,望远镜,word,y,2026-03-16 00:43:37
three_3_syllable_words,9,trial_18,cue,器,cue,y,2026-03-16 00:43:43
three_3_syllable_words,9,trial_19,1,工艺品,word,y,2026-03-16 00:43:51
three_3_syllable_words,9,trial_19,2,西红柿,word,y,2026-03-16 00:44:05
three_3_syllable_words,9,trial_19,3,高利贷,word,y,2026-03-16 00:44:21
three_3_syllable_words,9,trial_19,cue,品,cue,y,2026-03-16 00:44:25
three_3_syllable_words,9,trial_20,1,普通话,word,y,2026-03-16 00:44:29
three_3_syllable_words,9,trial_20,2,自然界,word,y,2026-03-16 00:44:34
three_3_syllable_words,9,trial_20,3,海平面,word,y,2026-03-16 00:44:39
three_3_syllable_words,9,trial_20,cue,平,cue,y,2026-03-16 00:44:44
three_3_syllable_words,9,trial_21,1,望远镜,word,y,2026-03-16 00:45:00
three_3_syllable_words,9,trial_21,2,内分泌,word,y,2026-03-16 00:45:05
three_3_syllable_words,9,trial_21,3,公安局,word,y,2026-03-16 00:45:09
three_3_syllable_words,9,trial_21,cue,内,cue,y,2026-03-16 00:45:20
three_3_syllable_words,9,trial_22,1,耗奇心,word,y,2026-03-16 00:45:26
three_3_syllable_words,9,trial_22,2,同位素,word,y,2026-03-16 00:45:31
three_3_syllable_words,9,trial_22,3,荧光屏,word,n,2026-03-16 00:45:36
three_3_syllable_words,9,trial_22,cue,荧,cue,n,2026-03-16 00:45:39
three_3_syllable_words,9,trial_23,1,男籽汉,word,y,2026-03-16 00:45:45
three_3_syllable_words,9,trial_23,2,病原体,word,y,2026-03-16 00:45:50
three_3_syllable_words,9,trial_23,3,奴隶制,word,y,2026-03-16 00:46:38
three_3_syllable_words,9,trial_23,cue,籽,cue,y,2026-03-16 00:46:41
three_3_syllable_words,9,trial_24,1,银河系,word,y,2026-03-16 00:46:47
three_3_syllable_words,9,trial_24,2,反动派,word,y,2026-03-16 00:47:05
three_3_syllable_words,9,trial_24,3,国务院,word,y,2026-03-16 00:47:18
three_3_syllable_words,9,trial_24,cue,反,cue,y,2026-03-16 00:47:21
three_3_syllable_words,9,trial_25,1,普通话,word,y,2026-03-16 00:47:27
three_3_syllable_words,9,trial_25,2,灵敏度,word,n,2026-03-16 00:47:33
three_3_syllable_words,9,trial_25,3,代表团,word,y,2026-03-16 00:47:39
three_3_syllable_words,9,trial_25,cue,通,cue,y,2026-03-16 00:47:44
three_3_syllable_words,9,trial_26,1,天花板,word,y,2026-03-16 00:47:49
three_3_syllable_words,9,trial_26,2,俱乐部,word,y,2026-03-16 00:47:56
three_3_syllable_words,9,trial_26,3,太阳能,word,y,2026-03-16 00:48:02
three_3_syllable_words,9,trial_26,cue,花,cue,y,2026-03-16 00:48:06
three_3_syllable_words,9,trial_27,1,图书馆,word,y,2026-03-16 00:48:13
three_3_syllable_words,9,trial_27,2,锦标赛,word,y,2026-03-16 00:48:18
three_3_syllable_words,9,trial_27,3,手榴弹,word,n,2026-03-16 00:48:25
three_3_syllable_words,9,trial_27,cue,书,cue,y,2026-03-16 00:48:30
three_3_syllable_words,9,trial_28,1,招待所,word,y,2026-03-16 00:48:46
three_3_syllable_words,9,trial_28,2,重要性,word,y,2026-03-16 00:48:53
three_3_syllable_words,9,trial_28,3,魔术师,word,y,2026-03-16 00:48:57
three_3_syllable_words,9,trial_28,cue,魔,cue,y,2026-03-16 00:49:04
three_3_syllable_words,9,trial_29,1,介绍信,word,y,2026-03-16 00:49:09
three_3_syllable_words,9,trial_29,2,重要性,word,y,2026-03-16 00:49:16
three_3_syllable_words,9,trial_29,3,穿山甲,word,y,2026-03-16 00:49:21
three_3_syllable_words,9,trial_29,cue,重,cue,y,2026-03-16 00:49:34
three_3_syllable_words,9,trial_30,1,科学家,word,y,2026-03-16 00:49:40
three_3_syllable_words,9,trial_30,2,灵敏度,word,y,2026-03-16 00:49:45
three_3_syllable_words,9,trial_30,3,天花板,word,y,2026-03-16 00:49:53
three_3_syllable_words,9,trial_30,cue,度,cue,y,2026-03-16 00:49:57
three_3_syllable_words,9,trial_31,1,耗奇心,word,y,2026-03-16 00:50:03
three_3_syllable_words,9,trial_31,2,障碍物,word,y,2026-03-16 00:50:15
three_3_syllable_words,9,trial_31,3,手榴弹,word,n,2026-03-16 00:50:21
three_3_syllable_words,9,trial_31,cue,障,cue,y,2026-03-16 00:50:25
three_3_syllable_words,9,trial_32,1,紫外线,word,y,2026-03-16 00:50:32
three_3_syllable_words,9,trial_32,2,马铃薯,word,y,2026-03-16 00:50:40
three_3_syllable_words,9,trial_32,3,蒸馏水,word,y,2026-03-16 00:50:50
three_3_syllable_words,9,trial_32,cue,马,cue,y,2026-03-16 00:50:59
three_3_syllable_words,9,trial_33,1,方程式,word,y,2026-03-16 00:51:04
three_3_syllable_words,9,trial_33,2,相对论,word,y,2026-03-16 00:51:09
three_3_syllable_words,9,trial_33,3,参谋掌,word,y,2026-03-16 00:51:15
three_3_syllable_words,9,trial_33,cue,参,cue,y,2026-03-16 00:51:27
three_3_syllable_words,9,trial_34,1,银河系,word,y,2026-03-16 00:51:32
three_3_syllable_words,9,trial_34,2,电冰箱,word,y,2026-03-16 00:52:25
three_3_syllable_words,9,trial_34,3,宇航员,word,y,2026-03-16 00:52:35
three_3_syllable_words,9,trial_34,cue,系,cue,y,2026-03-16 00:52:39
three_3_syllable_words,9,trial_35,1,普通话,word,y,2026-03-16 00:52:45
three_3_syllable_words,9,trial_35,2,紫外线,word,n,2026-03-16 00:52:54
three_3_syllable_words,9,trial_35,3,奴隶制,word,n,2026-03-16 00:53:01
three_3_syllable_words,9,trial_35,cue,线,cue,y,2026-03-16 00:53:06
three_3_syllable_words,9,trial_36,1,同位素,word,y,2026-03-16 00:53:11
three_3_syllable_words,9,trial_36,2,图书馆,word,y,2026-03-16 00:53:15
three_3_syllable_words,9,trial_36,3,方程式,word,y,2026-03-16 00:53:23
three_3_syllable_words,9,trial_36,cue,程,cue,y,2026-03-16 00:53:36
three_3_syllable_words,9,trial_37,1,婚姻法,word,y,2026-03-16 00:53:45
three_3_syllable_words,9,trial_37,2,手榴弹,word,n,2026-03-16 00:53:50
three_3_syllable_words,9,trial_37,3,责任感,word,y,2026-03-16 00:53:54
three_3_syllable_words,9,trial_37,cue,弹,cue,n,2026-03-16 00:53:57
three_3_syllable_words,9,trial_38,1,自然界,word,y,2026-03-16 00:54:02
three_3_syllable_words,9,trial_38,2,视网膜,word,y,2026-03-16 00:54:08
three_3_syllable_words,9,trial_38,3,神经元,word,y,2026-03-16 00:54:17
three_3_syllable_words,9,trial_38,cue,界,cue,y,2026-03-16 00:54:22
three_3_syllable_words,9,trial_39,1,婚姻法,word,y,2026-03-16 00:54:48
three_3_syllable_words,9,trial_39,2,病原体,word,y,2026-03-16 00:54:53
three_3_syllable_words,9,trial_39,3,西红柿,word,y,2026-03-16 00:55:23
three_3_syllable_words,9,trial_39,cue,西,cue,y,2026-03-16 00:55:27
three_3_syllable_words,9,trial_40,1,太阳能,word,y,2026-03-16 00:55:32
three_3_syllable_words,9,trial_40,2,普通话,word,y,2026-03-16 00:57:05
three_3_syllable_words,9,trial_40,3,重要性,word,y,2026-03-16 00:57:12
three_3_syllable_words,9,trial_40,cue,重,cue,y,2026-03-16 00:57:15
three_3_syllable_words,9,trial_41,1,穿山甲,word,y,2026-03-16 00:57:21
three_3_syllable_words,9,trial_41,2,反动派,word,y,2026-03-16 00:57:26
three_3_syllable_words,9,trial_41,3,交响悦,word,y,2026-03-16 01:05:31
three_3_syllable_words,9,trial_41,cue,响,cue,y,2026-03-16 01:05:40
three_3_syllable_words,10,trial_1,1,自然界,word,y,2026-03-16 01:05:48
three_3_syllable_words,10,trial_1,2,猫头鹰,word,y,2026-03-16 01:05:54
three_3_syllable_words,10,trial_1,3,宇航员,word,y,2026-03-16 01:06:02
three_3_syllable_words,10,trial_1,cue,猫,cue,y,2026-03-16 01:06:14
three_3_syllable_words,10,trial_2,1,消费者,word,y,2026-03-16 01:06:18
three_3_syllable_words,10,trial_2,2,男籽汉,word,y,2026-03-16 01:06:24
three_3_syllable_words,10,trial_2,3,招待所,word,y,2026-03-16 01:06:32
three_3_syllable_words,10,trial_2,cue,男,cue,y,2026-03-16 01:06:36
three_3_syllable_words,10,trial_3,1,望远镜,word,y,2026-03-16 01:06:53
three_3_syllable_words,10,trial_3,2,紫外线,word,y,2026-03-16 01:07:13
three_3_syllable_words,10,trial_3,3,俱乐部,word,y,2026-03-16 01:07:18
three_3_syllable_words,10,trial_3,cue,乐,cue,y,2026-03-16 01:07:22
three_3_syllable_words,10,trial_4,1,金黄色,word,y,2026-03-16 01:07:28
three_3_syllable_words,10,trial_4,2,公安局,word,y,2026-03-16 01:07:44
three_3_syllable_words,10,trial_4,3,党中央,word,y,2026-03-16 01:07:51
three_3_syllable_words,10,trial_4,cue,色,cue,y,2026-03-16 01:08:01
three_3_syllable_words,10,trial_5,1,青哨年,word,y,2026-03-16 01:08:18
three_3_syllable_words,10,trial_5,2,荧光屏,word,n,2026-03-16 01:09:31
three_3_syllable_words,10,trial_5,3,铁矿石,word,y,2026-03-16 01:09:37
three_3_syllable_words,10,trial_5,cue,铁,cue,y,2026-03-16 01:09:40
three_3_syllable_words,10,trial_6,1,参谋掌,word,y,2026-03-16 01:09:44
three_3_syllable_words,10,trial_6,2,望远镜,word,y,2026-03-16 01:09:49
three_3_syllable_words,10,trial_6,3,婚姻法,word,y,2026-03-16 01:09:57
three_3_syllable_words,10,trial_6,cue,掌,cue,y,2026-03-16 01:10:01
three_3_syllable_words,10,trial_7,1,方程式,word,y,2026-03-16 01:10:27
three_3_syllable_words,10,trial_7,2,冷空气,word,y,2026-03-16 01:10:33
three_3_syllable_words,10,trial_7,3,写字台,word,y,2026-03-16 01:10:39
three_3_syllable_words,10,trial_7,cue,字,cue,y,2026-03-16 01:10:42
three_3_syllable_words,10,trial_8,1,奴隶制,word,y,2026-03-16 01:10:50
three_3_syllable_words,10,trial_8,2,灵敏度,word,n,2026-03-16 01:10:59
three_3_syllable_words,10,trial_8,3,氨基酸,word,y,2026-03-16 01:11:23
three_3_syllable_words,10,trial_8,cue,基,cue,y,2026-03-16 01:11:26
three_3_syllable_words,10,trial_9,1,图书馆,word,y,2026-03-16 01:11:32
three_3_syllable_words,10,trial_9,2,创造力,word,y,2026-03-16 01:11:37
three_3_syllable_words,10,trial_9,3,西红柿,word,y,2026-03-16 01:11:44
three_3_syllable_words,10,trial_9,cue,西,cue,y,2026-03-16 01:11:48
three_3_syllable_words,10,trial_10,1,图书馆,word,y,2026-03-16 01:11:53
three_3_syllable_words,10,trial_10,2,荧光屏,word,n,2026-03-16 01:11:59
three_3_syllable_words,10,trial_10,3,同位素,word,y,2026-03-16 01:12:10
three_3_syllable_words,10,trial_10,cue,馆,cue,y,2026-03-16 01:12:15
three_3_syllable_words,10,trial_11,1,暴风雨,word,y,2026-03-16 01:12:20
three_3_syllable_words,10,trial_11,2,反动派,word,y,2026-03-16 01:12:35
three_3_syllable_words,10,trial_11,3,太阳能,word,y,2026-03-16 01:12:40
three_3_syllable_words,10,trial_11,cue,风,cue,y,2026-03-16 01:12:46
three_3_syllable_words,10,trial_12,1,国务院,word,y,2026-03-16 01:12:53
three_3_syllable_words,10,trial_12,2,马铃薯,word,y,2026-03-16 01:13:02
three_3_syllable_words,10,trial_12,3,进行曲,word,y,2026-03-16 01:13:11
three_3_syllable_words,10,trial_12,cue,务,cue,y,2026-03-16 01:13:23
three_3_syllable_words,10,trial_13,1,自然界,word,y,2026-03-16 01:13:29
three_3_syllable_words,10,trial_13,2,会议室,word,y,2026-03-16 01:13:37
three_3_syllable_words,10,trial_13,3,氨基酸,word,y,2026-03-16 01:13:42
three_3_syllable_words,10,trial_13,cue,会,cue,y,2026-03-16 01:13:45
three_3_syllable_words,10,trial_14,1,葡萄糖,word,n,2026-03-16 01:13:53
three_3_syllable_words,10,trial_14,2,变压器,word,y,2026-03-16 01:14:01
three_3_syllable_words,10,trial_14,3,天花板,word,y,2026-03-16 01:14:06
three_3_syllable_words,10,trial_14,cue,萄,cue,n,2026-03-16 01:14:11
three_3_syllable_words,10,trial_15,1,冷空气,word,y,2026-03-16 01:14:16
three_3_syllable_words,10,trial_15,2,党中央,word,y,2026-03-16 01:14:21
three_3_syllable_words,10,trial_15,3,写字台,word,y,2026-03-16 01:14:30
three_3_syllable_words,10,trial_15,cue,气,cue,y,2026-03-16 01:14:33
three_3_syllable_words,10,trial_16,1,会议室,word,y,2026-03-16 01:14:40
three_3_syllable_words,10,trial_16,2,重要性,word,y,2026-03-16 01:14:45
three_3_syllable_words,10,trial_16,3,手榴弹,word,n,2026-03-16 01:14:54
three_3_syllable_words,10,trial_16,cue,榴,cue,y,2026-03-16 01:14:58
three_3_syllable_words,10,trial_17,1,内分泌,word,y,2026-03-16 01:15:04
three_3_syllable_words,10,trial_17,2,俱乐部,word,y,2026-03-16 01:15:17
three_3_syllable_words,10,trial_17,3,进行曲,word,n,2026-03-16 01:15:23
three_3_syllable_words,10,trial_17,cue,俱,cue,n,2026-03-16 01:15:25
three_3_syllable_words,10,trial_18,1,科学家,word,y,2026-03-16 01:15:30
three_3_syllable_words,10,trial_18,2,创造力,word,y,2026-03-16 01:15:36
three_3_syllable_words,10,trial_18,3,自然界,word,y,2026-03-16 01:15:41
three_3_syllable_words,10,trial_18,cue,力,cue,y,2026-03-16 01:15:46
three_3_syllable_words,10,trial_19,1,障碍物,word,y,2026-03-16 01:15:52
three_3_syllable_words,10,trial_19,2,直辖市,word,y,2026-03-16 01:15:57
three_3_syllable_words,10,trial_19,3,婚姻法,word,y,2026-03-16 01:16:04
three_3_syllable_words,10,trial_19,cue,市,cue,y,2026-03-16 01:16:07
three_3_syllable_words,10,trial_20,1,变压器,word,y,2026-03-16 01:16:12
three_3_syllable_words,10,trial_20,2,氨基酸,word,y,2026-03-16 01:16:17
three_3_syllable_words,10,trial_20,3,俱乐部,word,y,2026-03-16 01:16:22
three_3_syllable_words,10,trial_20,cue,压,cue,y,2026-03-16 01:16:24
three_3_syllable_words,10,trial_21,1,进行曲,word,y,2026-03-16 01:16:31
three_3_syllable_words,10,trial_21,2,障碍物,word,y,2026-03-16 01:16:36
three_3_syllable_words,10,trial_21,3,太阳能,word,y,2026-03-16 01:16:40
three_3_syllable_words,10,trial_21,cue,障,cue,y,2026-03-16 01:16:43
three_3_syllable_words,10,trial_22,1,猫头鹰,word,y,2026-03-16 01:16:48
three_3_syllable_words,10,trial_22,2,自然界,word,y,2026-03-16 01:16:54
three_3_syllable_words,10,trial_22,3,志愿军,word,y,2026-03-16 01:16:59
three_3_syllable_words,10,trial_22,cue,自,cue,y,2026-03-16 01:17:05
three_3_syllable_words,10,trial_23,1,写字台,word,y,2026-03-16 01:17:12
three_3_syllable_words,10,trial_23,2,魔术师,word,y,2026-03-16 01:17:19
three_3_syllable_words,10,trial_23,3,录音机,word,y,2026-03-16 01:17:25
three_3_syllable_words,10,trial_23,cue,师,cue,y,2026-03-16 01:18:10
three_3_syllable_words,10,trial_24,1,价值观,word,y,2026-03-16 01:18:16
three_3_syllable_words,10,trial_24,2,招待所,word,y,2026-03-16 01:18:21
three_3_syllable_words,10,trial_24,3,乒乓球,word,y,2026-03-16 01:18:27
three_3_syllable_words,10,trial_24,cue,招,cue,y,2026-03-16 01:18:30
three_3_syllable_words,10,trial_25,1,创造力,word,y,2026-03-16 01:18:35
three_3_syllable_words,10,trial_25,2,进行曲,word,y,2026-03-16 01:18:41
three_3_syllable_words,10,trial_25,3,荧光屏,word,n,2026-03-16 01:18:46
three_3_syllable_words,10,trial_25,cue,进,cue,y,2026-03-16 01:18:48
three_3_syllable_words,10,trial_26,1,变压器,word,y,2026-03-16 01:18:56
three_3_syllable_words,10,trial_26,2,呼吸道,word,y,2026-03-16 01:19:01
three_3_syllable_words,10,trial_26,3,幼儿园,word,y,2026-03-16 01:19:06
three_3_syllable_words,10,trial_26,cue,道,cue,y,2026-03-16 01:19:11
three_3_syllable_words,10,trial_27,1,海平面,word,y,2026-03-16 01:19:20
three_3_syllable_words,10,trial_27,2,太阳能,word,y,2026-03-16 01:19:26
three_3_syllable_words,10,trial_27,3,淋巴结,word,y,2026-03-16 01:19:36
three_3_syllable_words,10,trial_27,cue,巴,cue,y,2026-03-16 01:19:39
three_3_syllable_words,10,trial_28,1,葡萄糖,word,n,2026-03-16 01:19:47
three_3_syllable_words,10,trial_28,2,参谋掌,word,y,2026-03-16 01:19:58
three_3_syllable_words,10,trial_28,3,望远镜,word,y,2026-03-16 01:20:03
three_3_syllable_words,10,trial_28,cue,望,cue,y,2026-03-16 01:20:06
three_3_syllable_words,10,trial_29,1,海平面,word,y,2026-03-16 01:20:11
three_3_syllable_words,10,trial_29,2,氨基酸,word,y,2026-03-16 01:20:15
three_3_syllable_words,10,trial_29,3,传叫士,word,y,2026-03-16 01:20:20
three_3_syllable_words,10,trial_29,cue,面,cue,y,2026-03-16 01:20:22
three_3_syllable_words,10,trial_30,1,病原体,word,y,2026-03-16 01:20:28
three_3_syllable_words,10,trial_30,2,暴风雨,word,y,2026-03-16 01:20:32
three_3_syllable_words,10,trial_30,3,穿山甲,word,y,2026-03-16 01:20:37
three_3_syllable_words,10,trial_30,cue,暴,cue,y,2026-03-16 01:20:40
three_3_syllable_words,10,trial_31,1,俱乐部,word,y,2026-03-16 01:20:45
three_3_syllable_words,10,trial_31,2,志愿军,word,y,2026-03-16 01:20:50
three_3_syllable_words,10,trial_31,3,耗奇心,word,y,2026-03-16 01:20:58
three_3_syllable_words,10,trial_31,cue,部,cue,y,2026-03-16 01:21:01
three_3_syllable_words,10,trial_32,1,工艺品,word,y,2026-03-16 01:21:06
three_3_syllable_words,10,trial_32,2,超声波,word,y,2026-03-16 01:21:11
three_3_syllable_words,10,trial_32,3,同位素,word,y,2026-03-16 01:21:16
three_3_syllable_words,10,trial_32,cue,波,cue,y,2026-03-16 01:21:18
three_3_syllable_words,10,trial_33,1,内分泌,word,y,2026-03-16 01:21:23
three_3_syllable_words,10,trial_33,2,代表团,word,y,2026-03-16 01:21:28
three_3_syllable_words,10,trial_33,3,望远镜,word,y,2026-03-16 01:21:33
three_3_syllable_words,10,trial_33,cue,泌,cue,y,2026-03-16 01:21:36
three_3_syllable_words,10,trial_34,1,销售额,word,y,2026-03-16 01:21:41
three_3_syllable_words,10,trial_34,2,责任感,word,y,2026-03-16 01:21:49
three_3_syllable_words,10,trial_34,3,魔术师,word,y,2026-03-16 01:22:00
three_3_syllable_words,10,trial_34,cue,责,cue,y,2026-03-16 01:22:03
three_3_syllable_words,10,trial_35,1,青哨年,word,y,2026-03-16 01:22:14
three_3_syllable_words,10,trial_35,2,内分泌,word,y,2026-03-16 01:22:21
three_3_syllable_words,10,trial_35,3,视网膜,word,y,2026-03-16 01:22:30
three_3_syllable_words,10,trial_35,cue,哨,cue,y,2026-03-16 01:22:33
three_3_syllable_words,10,trial_36,1,进行曲,word,y,2026-03-16 01:22:41
three_3_syllable_words,10,trial_36,2,出版社,word,y,2026-03-16 01:22:47
three_3_syllable_words,10,trial_36,3,俱乐部,word,y,2026-03-16 01:22:57
three_3_syllable_words,10,trial_36,cue,社,cue,y,2026-03-16 01:22:59
three_3_syllable_words,10,trial_37,1,金黄色,word,y,2026-03-16 01:23:04
three_3_syllable_words,10,trial_37,2,荧光屏,word,n,2026-03-16 01:23:09
three_3_syllable_words,10,trial_37,3,病原体,word,y,2026-03-16 01:23:14
three_3_syllable_words,10,trial_37,cue,黄,cue,y,2026-03-16 01:23:18
three_3_syllable_words,10,trial_38,1,方程式,word,y,2026-03-16 01:23:24
three_3_syllable_words,10,trial_38,2,幼儿园,word,y,2026-03-16 01:23:31
three_3_syllable_words,10,trial_38,3,金黄色,word,y,2026-03-16 01:23:37
three_3_syllable_words,10,trial_38,cue,幼,cue,y,2026-03-16 01:23:40
three_3_syllable_words,10,trial_39,1,海平面,word,y,2026-03-16 01:23:45
three_3_syllable_words,10,trial_39,2,国务院,word,y,2026-03-16 01:23:49
three_3_syllable_words,10,trial_39,3,西红柿,word,y,2026-03-16 01:23:54
three_3_syllable_words,10,trial_39,cue,平,cue,y,2026-03-16 01:23:57
three_3_syllable_words,10,trial_40,1,蒸馏水,word,y,2026-03-16 01:24:02
three_3_syllable_words,10,trial_40,2,青哨年,word,y,2026-03-16 01:24:06
three_3_syllable_words,10,trial_40,3,乒乓球,word,y,2026-03-16 01:24:11
three_3_syllable_words,10,trial_40,cue,乓,cue,y,2026-03-16 01:24:13
three_3_syllable_words,10,trial_41,1,方程式,word,y,2026-03-16 01:24:17
three_3_syllable_words,10,trial_41,2,自然界,word,y,2026-03-16 01:24:22
three_3_syllable_words,10,trial_41,3,主人翁,word,y,2026-03-16 01:24:28
three_3_syllable_words,10,trial_41,cue,人,cue,y,2026-03-16 01:24:30
three_3_syllable_words,11,trial_1,1,穿山甲,word,y,2026-03-16 01:24:35
three_3_syllable_words,11,trial_1,2,病原体,word,y,2026-03-16 01:24:40
three_3_syllable_words,11,trial_1,3,反动派,word,y,2026-03-16 01:24:44
three_3_syllable_words,11,trial_1,cue,病,cue,y,2026-03-16 01:24:46
three_3_syllable_words,11,trial_2,1,锦标赛,word,y,2026-03-16 01:24:50
three_3_syllable_words,11,trial_2,2,录音机,word,y,2026-03-16 01:24:54
three_3_syllable_words,11,trial_2,3,猫头鹰,word,y,2026-03-16 01:24:58
three_3_syllable_words,11,trial_2,cue,标,cue,y,2026-03-16 01:25:00
three_3_syllable_words,11,trial_3,1,介绍信,word,y,2026-03-16 01:25:04
three_3_syllable_words,11,trial_3,2,海平面,word,y,2026-03-16 01:25:09
three_3_syllable_words,11,trial_3,3,婚姻法,word,y,2026-03-16 01:25:16
three_3_syllable_words,11,trial_3,cue,姻,cue,y,2026-03-16 01:25:18
three_3_syllable_words,11,trial_4,1,招待所,word,y,2026-03-16 01:25:22
three_3_syllable_words,11,trial_4,2,天花板,word,y,2026-03-16 01:25:27
three_3_syllable_words,11,trial_4,3,氨基酸,word,y,2026-03-16 01:25:31
three_3_syllable_words,11,trial_4,cue,板,cue,y,2026-03-16 01:25:33
three_3_syllable_words,11,trial_5,1,望远镜,word,y,2026-03-16 01:25:37
three_3_syllable_words,11,trial_5,2,铁矿石,word,y,2026-03-16 01:25:41
three_3_syllable_words,11,trial_5,3,银河系,word,y,2026-03-16 01:25:46
three_3_syllable_words,11,trial_5,cue,石,cue,y,2026-03-16 01:25:48
three_3_syllable_words,11,trial_6,1,普通话,word,y,2026-03-16 01:25:52
three_3_syllable_words,11,trial_6,2,主人翁,word,y,2026-03-16 01:25:57
three_3_syllable_words,11,trial_6,3,创造力,word,y,2026-03-16 01:26:02
three_3_syllable_words,11,trial_6,cue,通,cue,y,2026-03-16 01:26:03
three_3_syllable_words,11,trial_7,1,耗奇心,word,y,2026-03-16 01:26:08
three_3_syllable_words,11,trial_7,2,神经元,word,y,2026-03-16 01:26:12
three_3_syllable_words,11,trial_7,3,公安局,word,y,2026-03-16 01:26:17
three_3_syllable_words,11,trial_7,cue,心,cue,y,2026-03-16 01:26:19
three_3_syllable_words,11,trial_8,1,图书馆,word,y,2026-03-16 01:26:23
three_3_syllable_words,11,trial_8,2,暴风雨,word,y,2026-03-16 01:26:27
three_3_syllable_words,11,trial_8,3,消费者,word,y,2026-03-16 01:26:32
three_3_syllable_words,11,trial_8,cue,费,cue,y,2026-03-16 01:26:34
three_3_syllable_words,11,trial_9,1,录音机,word,y,2026-03-16 01:26:38
three_3_syllable_words,11,trial_9,2,销售额,word,y,2026-03-16 01:26:43
three_3_syllable_words,11,trial_9,3,障碍物,word,y,2026-03-16 01:26:48
three_3_syllable_words,11,trial_9,cue,音,cue,y,2026-03-16 01:26:50
three_3_syllable_words,11,trial_10,1,录音机,word,y,2026-03-16 01:26:55
three_3_syllable_words,11,trial_10,2,太阳能,word,y,2026-03-16 01:27:00
three_3_syllable_words,11,trial_10,3,变压器,word,y,2026-03-16 01:27:06
three_3_syllable_words,11,trial_10,cue,变,cue,y,2026-03-16 01:27:08
three_3_syllable_words,11,trial_11,1,高利贷,word,y,2026-03-16 01:27:13
three_3_syllable_words,11,trial_11,2,超声波,word,y,2026-03-16 01:27:17
three_3_syllable_words,11,trial_11,3,普通话,word,y,2026-03-16 01:27:21
three_3_syllable_words,11,trial_11,cue,普,cue,y,2026-03-16 01:27:23
three_3_syllable_words,11,trial_12,1,相对论,word,y,2026-03-16 01:27:28
three_3_syllable_words,11,trial_12,2,检察官,word,y,2026-03-16 01:27:35
three_3_syllable_words,11,trial_12,3,主人翁,word,y,2026-03-16 01:27:39
three_3_syllable_words,11,trial_12,cue,论,cue,y,2026-03-16 01:27:41
three_3_syllable_words,11,trial_13,1,呼吸道,word,y,2026-03-16 01:27:46
three_3_syllable_words,11,trial_13,2,消费者,word,y,2026-03-16 01:27:51
three_3_syllable_words,11,trial_13,3,金黄色,word,y,2026-03-16 01:27:55
three_3_syllable_words,11,trial_13,cue,者,cue,y,2026-03-16 01:27:57
three_3_syllable_words,11,trial_14,1,进行曲,word,y,2026-03-16 01:28:02
three_3_syllable_words,11,trial_14,2,高利贷,word,y,2026-03-16 01:28:07
three_3_syllable_words,11,trial_14,3,催化剂,word,y,2026-03-16 01:28:11
three_3_syllable_words,11,trial_14,cue,行,cue,y,2026-03-16 01:28:13
three_3_syllable_words,11,trial_15,1,神经元,word,y,2026-03-16 01:28:18
three_3_syllable_words,11,trial_15,2,西红柿,word,y,2026-03-16 01:28:22
three_3_syllable_words,11,trial_15,3,相对论,word,y,2026-03-16 01:28:26
three_3_syllable_words,11,trial_15,cue,元,cue,y,2026-03-16 01:28:28
three_3_syllable_words,11,trial_16,1,锦标赛,word,y,2026-03-16 01:28:33
three_3_syllable_words,11,trial_16,2,婚姻法,word,y,2026-03-16 01:28:38
three_3_syllable_words,11,trial_16,3,介绍信,word,y,2026-03-16 01:28:42
three_3_syllable_words,11,trial_16,cue,赛,cue,y,2026-03-16 01:28:44
three_3_syllable_words,11,trial_17,1,金黄色,word,y,2026-03-16 01:28:48
three_3_syllable_words,11,trial_17,2,党中央,word,y,2026-03-16 01:28:53
three_3_syllable_words,11,trial_17,3,障碍物,word,y,2026-03-16 01:28:57
three_3_syllable_words,11,trial_17,cue,色,cue,y,2026-03-16 01:28:59
three_3_syllable_words,11,trial_18,1,超声波,word,y,2026-03-16 01:29:04
three_3_syllable_words,11,trial_18,2,视网膜,word,y,2026-03-16 01:29:11
three_3_syllable_words,11,trial_18,3,电冰箱,word,y,2026-03-16 01:29:16
three_3_syllable_words,11,trial_18,cue,声,cue,y,2026-03-16 01:29:19
three_3_syllable_words,11,trial_19,1,变压器,word,y,2026-03-16 01:29:23
three_3_syllable_words,11,trial_19,2,公安局,word,y,2026-03-16 01:29:27
three_3_syllable_words,11,trial_19,3,直辖市,word,y,2026-03-16 01:29:34
three_3_syllable_words,11,trial_19,cue,器,cue,y,2026-03-16 01:29:36
three_3_syllable_words,11,trial_20,1,责任感,word,y,2026-03-16 01:29:41
three_3_syllable_words,11,trial_20,2,超声波,word,y,2026-03-16 01:29:46
three_3_syllable_words,11,trial_20,3,直辖市,word,y,2026-03-16 01:29:50
three_3_syllable_words,11,trial_20,cue,任,cue,y,2026-03-16 01:29:52
three_3_syllable_words,11,trial_21,1,志愿军,word,y,2026-03-16 01:29:56
three_3_syllable_words,11,trial_21,2,主人翁,word,y,2026-03-16 01:30:01
three_3_syllable_words,11,trial_21,3,猫头鹰,word,y,2026-03-16 01:30:05
three_3_syllable_words,11,trial_21,cue,翁,cue,y,2026-03-16 01:30:07
three_3_syllable_words,11,trial_22,1,望远镜,word,y,2026-03-16 01:30:12
three_3_syllable_words,11,trial_22,2,呼吸道,word,y,2026-03-16 01:30:16
three_3_syllable_words,11,trial_22,3,乒乓球,word,y,2026-03-16 01:30:20
three_3_syllable_words,11,trial_22,cue,远,cue,y,2026-03-16 01:30:25
three_4_syllable_words,1,trial_1,1,揭竿而起,word,y,2026-03-16 01:30:40
three_4_syllable_words,1,trial_1,2,翻天覆地,word,y,2026-03-16 01:30:49
three_4_syllable_words,1,trial_1,3,叶公浩龙,word,y,2026-03-16 01:30:55
three_4_syllable_words,1,trial_1,cue,竿,cue,y,2026-03-16 01:30:58
three_4_syllable_words,1,trial_2,1,繁花似锦,word,y,2026-03-16 01:31:04
three_4_syllable_words,1,trial_2,2,掩耳盗铃,word,y,2026-03-16 01:31:10
three_4_syllable_words,1,trial_2,3,得不偿失,word,y,2026-03-16 01:31:16
three_4_syllable_words,1,trial_2,cue,失,cue,y,2026-03-16 01:31:25
three_4_syllable_words,1,trial_3,1,春暖花开,word,y,2026-03-16 01:31:31
three_4_syllable_words,1,trial_3,2,自相矛盾,word,y,2026-03-16 01:31:37
three_4_syllable_words,1,trial_3,3,疾如雷霆,word,y,2026-03-16 01:31:57
three_4_syllable_words,1,trial_3,cue,霆,cue,y,2026-03-16 01:32:00
three_4_syllable_words,1,trial_4,1,草木皆兵,word,y,2026-03-16 01:32:07
three_4_syllable_words,1,trial_4,2,功败垂成,word,n,2026-03-16 01:32:21
three_4_syllable_words,1,trial_4,3,触类旁通,word,y,2026-03-16 01:32:29
three_4_syllable_words,1,trial_4,cue,垂,cue,n,2026-03-16 01:32:36
three_4_syllable_words,1,trial_5,1,才高八斗,word,n,2026-03-16 01:32:47
three_4_syllable_words,1,trial_5,2,触类旁通,word,y,2026-03-16 01:32:54
three_4_syllable_words,1,trial_5,3,破釜沉舟,word,y,2026-03-16 01:33:01
three_4_syllable_words,1,trial_5,cue,釜,cue,y,2026-03-16 01:33:11
three_4_syllable_words,1,trial_6,1,掩耳盗铃,word,y,2026-03-16 01:33:21
three_4_syllable_words,1,trial_6,2,海誓山盟,word,y,2026-03-16 01:33:28
three_4_syllable_words,1,trial_6,3,围魏救赵,word,y,2026-03-16 01:33:34
three_4_syllable_words,1,trial_6,cue,山,cue,y,2026-03-16 01:33:37
three_4_syllable_words,1,trial_7,1,学而不厌,word,y,2026-03-16 01:33:46
three_4_syllable_words,1,trial_7,2,举案齐眉,word,n,2026-03-16 01:33:57
three_4_syllable_words,1,trial_7,3,千军万马,word,y,2026-03-16 01:34:03
three_4_syllable_words,1,trial_7,cue,厌,cue,n,2026-03-16 01:34:07
three_4_syllable_words,1,trial_8,1,大雪纷飞,word,y,2026-03-16 01:34:14
three_4_syllable_words,1,trial_8,2,程门立雪,word,y,2026-03-16 01:34:21
three_4_syllable_words,1,trial_8,3,家喻户晓,word,y,2026-03-16 01:34:31
three_4_syllable_words,1,trial_8,cue,家,cue,y,2026-03-16 01:34:37
three_4_syllable_words,1,trial_9,1,相濡以沫,word,y,2026-03-16 01:34:43
three_4_syllable_words,1,trial_9,2,惊弓之鸟,word,y,2026-03-16 01:34:49
three_4_syllable_words,1,trial_9,3,温故知新,word,y,2026-03-16 01:34:55
three_4_syllable_words,1,trial_9,cue,惊,cue,y,2026-03-16 01:34:57
three_4_syllable_words,1,trial_10,1,山崩地裂,word,y,2026-03-16 01:35:04
three_4_syllable_words,1,trial_10,2,五湖四海,word,y,2026-03-16 01:35:10
three_4_syllable_words,1,trial_10,3,风起云涌,word,y,2026-03-16 01:35:19
three_4_syllable_words,1,trial_10,cue,海,cue,y,2026-03-16 01:35:22
three_4_syllable_words,1,trial_11,1,所向披靡,word,y,2026-03-16 01:35:31
three_4_syllable_words,1,trial_11,2,完璧归赵,word,y,2026-03-16 01:35:39
three_4_syllable_words,1,trial_11,3,同甘共苦,word,y,2026-03-16 01:35:46
three_4_syllable_words,1,trial_11,cue,赵,cue,y,2026-03-16 01:35:50
three_4_syllable_words,1,trial_12,1,精益求精,word,y,2026-03-16 01:36:01
three_4_syllable_words,1,trial_12,2,负荆请罪,word,y,2026-03-16 01:36:11
three_4_syllable_words,1,trial_12,3,气势旁礴,word,y,2026-03-16 01:36:17
three_4_syllable_words,1,trial_12,cue,请,cue,y,2026-03-16 01:36:27
three_4_syllable_words,1,trial_13,1,笨鸟先飞,word,y,2026-03-16 01:36:34
three_4_syllable_words,1,trial_13,2,悬梁刺股,word,y,2026-03-16 01:36:44
three_4_syllable_words,1,trial_13,3,功亏宜篑,word,y,2026-03-16 01:36:52
three_4_syllable_words,1,trial_13,cue,篑,cue,y,2026-03-16 01:36:55
three_4_syllable_words,1,trial_14,1,举一反三,word,y,2026-03-16 01:37:02
three_4_syllable_words,1,trial_14,2,叶公浩龙,word,y,2026-03-16 01:37:10
three_4_syllable_words,1,trial_14,3,言而有信,word,y,2026-03-16 01:39:58
three_4_syllable_words,1,trial_14,cue,一,cue,y,2026-03-16 01:40:01
three_4_syllable_words,1,trial_15,1,琴瑟和鸣,word,y,2026-03-16 01:40:09
three_4_syllable_words,1,trial_15,2,心花怒放,word,y,2026-03-16 01:40:15
three_4_syllable_words,1,trial_15,3,安居乐业,word,y,2026-03-16 01:40:22
three_4_syllable_words,1,trial_15,cue,瑟,cue,y,2026-03-16 01:40:23
three_4_syllable_words,1,trial_16,1,千军万马,word,y,2026-03-16 01:40:29
three_4_syllable_words,1,trial_16,2,勇往直前,word,y,2026-03-16 01:40:36
three_4_syllable_words,1,trial_16,3,画龙点睛,word,y,2026-03-16 01:40:42
three_4_syllable_words,1,trial_16,cue,睛,cue,y,2026-03-16 01:40:43
three_4_syllable_words,1,trial_17,1,东施效颦,word,y,2026-03-16 01:40:49
three_4_syllable_words,1,trial_17,2,繁花似锦,word,y,2026-03-16 01:40:55
three_4_syllable_words,1,trial_17,3,负荆请罪,word,y,2026-03-16 01:41:01
three_4_syllable_words,1,trial_17,cue,似,cue,y,2026-03-16 01:41:05
three_4_syllable_words,1,trial_18,1,声势浩大,word,y,2026-03-16 01:41:12
three_4_syllable_words,1,trial_18,2,四面楚歌,word,y,2026-03-16 01:41:17
three_4_syllable_words,1,trial_18,3,山清水秀,word,y,2026-03-16 01:41:24
three_4_syllable_words,1,trial_18,cue,秀,cue,y,2026-03-16 01:41:25
three_4_syllable_words,1,trial_19,1,赤胆忠心,word,y,2026-03-16 01:41:31
three_4_syllable_words,1,trial_19,2,海誓山盟,word,y,2026-03-16 01:41:37
three_4_syllable_words,1,trial_19,3,夜以继日,word,y,2026-03-16 01:41:43
three_4_syllable_words,1,trial_19,cue,海,cue,y,2026-03-16 01:41:46
three_4_syllable_words,1,trial_20,1,刮目相看,word,y,2026-03-16 01:41:53
three_4_syllable_words,1,trial_20,2,舍生取义,word,y,2026-03-16 01:42:01
three_4_syllable_words,1,trial_20,3,春暖花开,word,y,2026-03-16 01:42:09
three_4_syllable_words,1,trial_20,cue,暖,cue,y,2026-03-16 01:42:15
three_4_syllable_words,1,trial_21,1,草木皆兵,word,y,2026-03-16 01:42:22
three_4_syllable_words,1,trial_21,2,闻鸡起舞,word,y,2026-03-16 01:42:29
three_4_syllable_words,1,trial_21,3,气势旁礴,word,y,2026-03-16 01:42:35
three_4_syllable_words,1,trial_21,cue,起,cue,n,2026-03-16 01:42:44
three_4_syllable_words,1,trial_22,1,白头偕老,word,y,2026-03-16 01:42:51
three_4_syllable_words,1,trial_22,2,万无一失,word,y,2026-03-16 01:43:02
three_4_syllable_words,1,trial_22,3,功败垂成,word,n,2026-03-16 01:43:14
three_4_syllable_words,1,trial_22,cue,一,cue,y,2026-03-16 01:43:44
three_4_syllable_words,1,trial_23,1,负荆请罪,word,y,2026-03-16 01:43:50
three_4_syllable_words,1,trial_23,2,胸有成竹,word,y,2026-03-16 01:43:57
three_4_syllable_words,1,trial_23,3,对牛弹琴,word,y,2026-03-16 01:44:04
three_4_syllable_words,1,trial_23,cue,成,cue,y,2026-03-16 01:44:08
three_4_syllable_words,1,trial_24,1,精益求精,word,y,2026-03-16 01:44:15
three_4_syllable_words,1,trial_24,2,大雪纷飞,word,y,2026-03-16 01:44:21
three_4_syllable_words,1,trial_24,3,日出而作,word,y,2026-03-16 01:44:30
three_4_syllable_words,1,trial_24,cue,出,cue,y,2026-03-16 01:44:36
three_4_syllable_words,1,trial_25,1,囫囵吞枣,word,y,2026-03-16 01:44:42
three_4_syllable_words,1,trial_25,2,国泰民安,word,y,2026-03-16 01:44:49
three_4_syllable_words,1,trial_25,3,排山倒海,word,y,2026-03-16 01:45:00
three_4_syllable_words,1,trial_25,cue,排,cue,y,2026-03-16 01:45:05
three_4_syllable_words,1,trial_26,1,半途而废,word,y,2026-03-16 01:45:27
three_4_syllable_words,1,trial_26,2,东施效颦,word,y,2026-03-16 01:45:32
three_4_syllable_words,1,trial_26,3,比翼双飞,word,y,2026-03-16 01:45:39
three_4_syllable_words,1,trial_26,cue,颦,cue,y,2026-03-16 01:45:41
three_4_syllable_words,1,trial_27,1,卧薪尝胆,word,y,2026-03-16 01:45:46
three_4_syllable_words,1,trial_27,2,盲人摸象,word,y,2026-03-16 01:45:54
three_4_syllable_words,1,trial_27,3,万无一失,word,y,2026-03-16 01:45:59
three_4_syllable_words,1,trial_27,cue,万,cue,y,2026-03-16 01:46:01
three_4_syllable_words,1,trial_28,1,力争上游,word,y,2026-03-16 01:46:07
three_4_syllable_words,1,trial_28,2,旗开得胜,word,y,2026-03-16 01:46:13
three_4_syllable_words,1,trial_28,3,指鹿围马,word,y,2026-03-16 01:46:18
three_4_syllable_words,1,trial_28,cue,旗,cue,y,2026-03-16 01:46:20
three_4_syllable_words,1,trial_29,1,学而不厌,word,y,2026-03-16 01:46:27
three_4_syllable_words,1,trial_29,2,围魏救赵,word,y,2026-03-16 01:46:33
three_4_syllable_words,1,trial_29,3,翻天覆地,word,y,2026-03-16 01:46:39
three_4_syllable_words,1,trial_29,cue,救,cue,y,2026-03-16 01:46:41
three_4_syllable_words,1,trial_30,1,功亏宜篑,word,y,2026-03-16 01:46:46
three_4_syllable_words,1,trial_30,2,日出而作,word,y,2026-03-16 01:46:53
three_4_syllable_words,1,trial_30,3,风和日丽,word,y,2026-03-16 01:46:58
three_4_syllable_words,1,trial_30,cue,亏,cue,y,2026-03-16 01:47:00
three_4_syllable_words,1,trial_31,1,纸上谈兵,word,y,2026-03-16 01:47:06
three_4_syllable_words,1,trial_31,2,风和日丽,word,y,2026-03-16 01:47:12
three_4_syllable_words,1,trial_31,3,持之以恒,word,y,2026-03-16 01:47:37
three_4_syllable_words,1,trial_31,cue,谈,cue,y,2026-03-16 01:47:39
three_4_syllable_words,1,trial_32,1,舍己为人,word,y,2026-03-16 17:11:34
three_4_syllable_words,1,trial_32,2,如释重负,word,y,2026-03-16 17:11:41
three_4_syllable_words,1,trial_32,3,马到成功,word,y,2026-03-16 17:11:48
three_4_syllable_words,1,trial_32,cue,如,cue,y,2026-03-16 17:11:51
three_4_syllable_words,1,trial_33,1,废寝忘食,word,y,2026-03-16 17:11:57
three_4_syllable_words,1,trial_33,2,锐不可当,word,y,2026-03-16 17:12:04
three_4_syllable_words,1,trial_33,3,前功尽弃,word,y,2026-03-16 17:12:11
three_4_syllable_words,1,trial_33,cue,食,cue,y,2026-03-16 17:12:15
three_4_syllable_words,1,trial_34,1,气势旁礴,word,y,2026-03-16 17:12:21
three_4_syllable_words,1,trial_34,2,刮目相看,word,y,2026-03-16 17:12:28
three_4_syllable_words,1,trial_34,3,千军万马,word,y,2026-03-16 17:12:34
three_4_syllable_words,1,trial_34,cue,旁,cue,y,2026-03-16 17:12:37
three_4_syllable_words,1,trial_35,1,国泰民安,word,y,2026-03-16 17:12:44
three_4_syllable_words,1,trial_35,2,班门弄斧,word,y,2026-03-16 17:12:55
three_4_syllable_words,1,trial_35,3,滥竽充数,word,y,2026-03-16 17:13:01
three_4_syllable_words,1,trial_35,cue,安,cue,y,2026-03-16 17:13:05
three_4_syllable_words,1,trial_36,1,喜出望外,word,y,2026-03-16 17:13:12
three_4_syllable_words,1,trial_36,2,绿树成荫,word,y,2026-03-16 17:13:27
three_4_syllable_words,1,trial_36,3,一举两得,word,y,2026-03-16 17:13:34
three_4_syllable_words,1,trial_36,cue,出,cue,y,2026-03-16 17:13:40
three_4_syllable_words,1,trial_37,1,笨鸟先飞,word,y,2026-03-16 17:13:50
three_4_syllable_words,1,trial_37,2,四面楚歌,word,y,2026-03-16 17:13:57
three_4_syllable_words,1,trial_37,3,翻天覆地,word,y,2026-03-16 17:14:05
three_4_syllable_words,1,trial_37,cue,飞,cue,y,2026-03-16 17:14:09
three_4_syllable_words,1,trial_38,1,半途而废,word,y,2026-03-16 17:14:17
three_4_syllable_words,1,trial_38,2,一往无前,word,y,2026-03-16 17:14:25
three_4_syllable_words,1,trial_38,3,白雪皑皑,word,y,2026-03-16 17:14:32
three_4_syllable_words,1,trial_38,cue,无,cue,y,2026-03-16 17:14:37
three_4_syllable_words,1,trial_39,1,举一反三,word,y,2026-03-16 17:14:45
three_4_syllable_words,1,trial_39,2,五湖四海,word,y,2026-03-16 17:14:52
three_4_syllable_words,1,trial_39,3,凿壁偷光,word,y,2026-03-16 17:15:00
three_4_syllable_words,1,trial_39,cue,五,cue,y,2026-03-16 17:15:04
three_4_syllable_words,1,trial_40,1,得不偿失,word,y,2026-03-16 17:15:10
three_4_syllable_words,1,trial_40,2,温故知新,word,y,2026-03-16 17:15:19
three_4_syllable_words,1,trial_40,3,叶公浩龙,word,y,2026-03-16 17:15:27
three_4_syllable_words,1,trial_40,cue,叶,cue,y,2026-03-16 17:15:36
three_4_syllable_words,1,trial_41,1,自相矛盾,word,y,2026-03-16 17:15:44
three_4_syllable_words,1,trial_41,2,力争上游,word,y,2026-03-16 17:15:51
three_4_syllable_words,1,trial_41,3,班门弄斧,word,y,2026-03-16 17:15:59
three_4_syllable_words,1,trial_41,cue,上,cue,y,2026-03-16 17:16:03
three_4_syllable_words,2,trial_1,1,马到成功,word,y,2026-03-16 17:16:10
three_4_syllable_words,2,trial_1,2,家喻户晓,word,y,2026-03-16 17:16:23
three_4_syllable_words,2,trial_1,3,运筹帷幄,word,y,2026-03-16 17:16:33
three_4_syllable_words,2,trial_1,cue,功,cue,y,2026-03-16 17:16:38
three_4_syllable_words,2,trial_2,1,赤胆忠心,word,y,2026-03-16 17:16:47
three_4_syllable_words,2,trial_2,2,鸟语花香,word,y,2026-03-16 17:16:57
three_4_syllable_words,2,trial_2,3,风和日丽,word,y,2026-03-16 17:17:06
three_4_syllable_words,2,trial_2,cue,和,cue,y,2026-03-16 17:17:11
three_4_syllable_words,2,trial_3,1,半途而废,word,y,2026-03-16 17:17:27
three_4_syllable_words,2,trial_3,2,五湖四海,word,y,2026-03-16 17:17:34
three_4_syllable_words,2,trial_3,3,肝胆相照,word,y,2026-03-16 17:17:46
three_4_syllable_words,2,trial_3,cue,废,cue,y,2026-03-16 17:17:57
three_4_syllable_words,2,trial_4,1,功败垂成,word,n,2026-03-16 17:18:12
three_4_syllable_words,2,trial_4,2,走马观花,word,y,2026-03-16 17:18:20
three_4_syllable_words,2,trial_4,3,盲人摸象,word,y,2026-03-16 17:18:27
three_4_syllable_words,2,trial_4,cue,观,cue,y,2026-03-16 17:18:34
three_4_syllable_words,2,trial_5,1,乐善浩施,word,y,2026-03-16 17:18:41
three_4_syllable_words,2,trial_5,2,画蛇添足,word,y,2026-03-16 17:18:50
three_4_syllable_words,2,trial_5,3,心花怒放,word,y,2026-03-16 17:18:58
three_4_syllable_words,2,trial_5,cue,浩,cue,y,2026-03-16 17:19:05
three_4_syllable_words,2,trial_6,1,青出于蓝,word,y,2026-03-16 17:19:31
three_4_syllable_words,2,trial_6,2,赤胆忠心,word,y,2026-03-16 17:19:39
three_4_syllable_words,2,trial_6,3,叶公浩龙,word,y,2026-03-16 17:19:49
three_4_syllable_words,2,trial_6,cue,蓝,cue,y,2026-03-16 17:20:00
three_4_syllable_words,2,trial_7,1,七步成诗,word,y,2026-03-16 17:20:12
three_4_syllable_words,2,trial_7,2,仁至义尽,word,y,2026-03-16 17:20:18
three_4_syllable_words,2,trial_7,3,赤胆忠心,word,y,2026-03-16 17:20:29
three_4_syllable_words,2,trial_7,cue,成,cue,y,2026-03-16 17:20:34
three_4_syllable_words,2,trial_8,1,大张旗鼓,word,y,2026-03-16 17:20:43
three_4_syllable_words,2,trial_8,2,海誓山盟,word,y,2026-03-16 17:20:51
three_4_syllable_words,2,trial_8,3,马到成功,word,y,2026-03-16 17:21:02
three_4_syllable_words,2,trial_8,cue,张,cue,y,2026-03-16 17:21:18
three_4_syllable_words,2,trial_9,1,背水宜战,word,y,2026-03-16 17:21:25
three_4_syllable_words,2,trial_9,2,退避三舍,word,y,2026-03-16 17:21:48
three_4_syllable_words,2,trial_9,3,画龙点睛,word,y,2026-03-16 17:21:56
three_4_syllable_words,2,trial_9,cue,三,cue,y,2026-03-16 17:22:09
three_4_syllable_words,2,trial_10,1,肝胆相照,word,y,2026-03-16 17:22:19
three_4_syllable_words,2,trial_10,2,绿树成荫,word,y,2026-03-16 17:22:25
three_4_syllable_words,2,trial_10,3,笨鸟先飞,word,y,2026-03-16 17:23:01
three_4_syllable_words,2,trial_10,cue,照,cue,y,2026-03-16 17:23:09
three_4_syllable_words,2,trial_11,1,负荆请罪,word,y,2026-03-16 17:23:18
three_4_syllable_words,2,trial_11,2,心花怒放,word,y,2026-03-16 17:23:30
three_4_syllable_words,2,trial_11,3,一诺千金,word,y,2026-03-16 17:23:41
three_4_syllable_words,2,trial_11,cue,放,cue,y,2026-03-16 17:23:47
three_4_syllable_words,2,trial_12,1,声势浩大,word,y,2026-03-16 17:23:58
three_4_syllable_words,2,trial_12,2,雷霆万钧,word,y,2026-03-16 17:24:07
three_4_syllable_words,2,trial_12,3,舍生取义,word,y,2026-03-16 17:25:27
three_4_syllable_words,2,trial_12,cue,万,cue,y,2026-03-16 17:25:30
three_4_syllable_words,2,trial_13,1,海誓山盟,word,y,2026-03-16 17:25:44
three_4_syllable_words,2,trial_13,2,程门立雪,word,y,2026-03-16 17:25:53
three_4_syllable_words,2,trial_13,3,赤胆忠心,word,y,2026-03-16 17:26:05
three_4_syllable_words,2,trial_13,cue,程,cue,y,2026-03-16 17:26:08
three_4_syllable_words,2,trial_14,1,笨鸟先飞,word,y,2026-03-16 17:26:19
three_4_syllable_words,2,trial_14,2,仁至义尽,word,y,2026-03-16 17:26:46
three_4_syllable_words,2,trial_14,3,触类旁通,word,y,2026-03-16 17:27:18
three_4_syllable_words,2,trial_14,cue,义,cue,y,2026-03-16 17:27:21
three_4_syllable_words,2,trial_15,1,盲人摸象,word,y,2026-03-16 17:27:30
three_4_syllable_words,2,trial_15,2,绿树成荫,word,y,2026-03-16 17:27:45
three_4_syllable_words,2,trial_15,3,卧薪尝胆,word,y,2026-03-16 17:27:59
three_4_syllable_words,2,trial_15,cue,薪,cue,y,2026-03-16 17:28:04
three_4_syllable_words,2,trial_16,1,凿壁偷光,word,y,2026-03-16 17:28:12
three_4_syllable_words,2,trial_16,2,釜底抽薪,word,y,2026-03-16 17:28:20
three_4_syllable_words,2,trial_16,3,目不暇接,word,y,2026-03-16 17:28:47
three_4_syllable_words,2,trial_16,cue,光,cue,y,2026-03-16 17:31:31
three_4_syllable_words,2,trial_17,1,班门弄斧,word,y,2026-03-16 17:31:40
three_4_syllable_words,2,trial_17,2,言而有信,word,y,2026-03-16 17:32:25
three_4_syllable_words,2,trial_17,3,囫囵吞枣,word,y,2026-03-16 17:32:34
three_4_syllable_words,2,trial_17,cue,枣,cue,y,2026-03-16 17:32:43
three_4_syllable_words,2,trial_18,1,山清水秀,word,y,2026-03-16 17:32:50
three_4_syllable_words,2,trial_18,2,相濡以沫,word,y,2026-03-16 17:32:59
three_4_syllable_words,2,trial_18,3,天作之合,word,y,2026-03-16 17:33:05
three_4_syllable_words,2,trial_18,cue,清,cue,y,2026-03-16 17:33:11
three_4_syllable_words,2,trial_19,1,学而不厌,word,y,2026-03-16 17:33:46
three_4_syllable_words,2,trial_19,2,持之以恒,word,y,2026-03-16 17:33:52
three_4_syllable_words,2,trial_19,3,成竹在胸,word,y,2026-03-16 17:33:58
three_4_syllable_words,2,trial_19,cue,恒,cue,y,2026-03-16 17:34:01
three_4_syllable_words,2,trial_20,1,翻天覆地,word,y,2026-03-16 17:34:08
three_4_syllable_words,2,trial_20,2,东施效颦,word,y,2026-03-16 17:34:14
three_4_syllable_words,2,trial_20,3,疾如雷霆,word,y,2026-03-16 17:34:22
three_4_syllable_words,2,trial_20,cue,天,cue,y,2026-03-16 17:34:25
three_4_syllable_words,2,trial_21,1,光明正大,word,y,2026-03-16 17:34:31
three_4_syllable_words,2,trial_21,2,温故知新,word,y,2026-03-16 17:34:40
three_4_syllable_words,2,trial_21,3,精益求精,word,y,2026-03-16 17:34:50
three_4_syllable_words,2,trial_21,cue,精,cue,y,2026-03-16 17:34:54
three_4_syllable_words,2,trial_22,1,画蛇添足,word,y,2026-03-16 17:35:02
three_4_syllable_words,2,trial_22,2,对牛弹琴,word,y,2026-03-16 17:35:08
three_4_syllable_words,2,trial_22,3,一诺千金,word,y,2026-03-16 17:35:52
three_4_syllable_words,2,trial_22,cue,添,cue,y,2026-03-16 17:35:56
three_4_syllable_words,2,trial_23,1,海誓山盟,word,y,2026-03-16 17:36:03
three_4_syllable_words,2,trial_23,2,班门弄斧,word,y,2026-03-16 17:36:09
three_4_syllable_words,2,trial_23,3,言而有信,word,y,2026-03-16 17:36:16
three_4_syllable_words,2,trial_23,cue,誓,cue,y,2026-03-16 17:36:19
three_4_syllable_words,2,trial_24,1,白头偕老,word,y,2026-03-16 17:36:25
three_4_syllable_words,2,trial_24,2,刮目相看,word,y,2026-03-16 17:36:32
three_4_syllable_words,2,trial_24,3,所向披靡,word,y,2026-03-16 17:36:38
three_4_syllable_words,2,trial_24,cue,刮,cue,y,2026-03-16 17:36:41
three_4_syllable_words,2,trial_25,1,鹤立鸡群,word,y,2026-03-16 17:36:47
three_4_syllable_words,2,trial_25,2,闻鸡起舞,word,y,2026-03-16 17:36:53
three_4_syllable_words,2,trial_25,3,悬梁刺股,word,y,2026-03-16 17:36:59
three_4_syllable_words,2,trial_25,cue,群,cue,y,2026-03-16 17:37:02
three_4_syllable_words,2,trial_26,1,如释重负,word,y,2026-03-16 17:37:08
three_4_syllable_words,2,trial_26,2,七步成诗,word,y,2026-03-16 17:37:14
three_4_syllable_words,2,trial_26,3,盲人摸象,word,y,2026-03-16 17:37:20
three_4_syllable_words,2,trial_26,cue,诗,cue,y,2026-03-16 17:37:22
three_4_syllable_words,2,trial_27,1,囫囵吞枣,word,y,2026-03-16 17:37:29
three_4_syllable_words,2,trial_27,2,大张旗鼓,word,y,2026-03-16 17:37:35
three_4_syllable_words,2,trial_27,3,青出于蓝,word,y,2026-03-16 17:38:06
three_4_syllable_words,2,trial_27,cue,出,cue,y,2026-03-17 21:22:44
three_4_syllable_words,2,trial_28,1,博古通今,word,y,2026-03-17 21:22:50
three_4_syllable_words,2,trial_28,2,风起云涌,word,y,2026-03-17 21:22:57
three_4_syllable_words,2,trial_28,3,草木皆兵,word,y,2026-03-17 21:23:03
three_4_syllable_words,2,trial_28,cue,今,cue,y,2026-03-17 21:23:05
three_4_syllable_words,2,trial_29,1,一举两得,word,y,2026-03-17 21:23:12
three_4_syllable_words,2,trial_29,2,刻舟求剑,word,y,2026-03-17 21:23:19
three_4_syllable_words,2,trial_29,3,三顾茅庐,word,y,2026-03-17 21:23:28
three_4_syllable_words,2,trial_29,cue,庐,cue,y,2026-03-17 21:23:34
three_4_syllable_words,2,trial_30,1,信守不渝,word,n,2026-03-17 21:23:50
three_4_syllable_words,2,trial_30,2,山崩地裂,word,y,2026-03-17 21:23:56
three_4_syllable_words,2,trial_30,3,夜以继日,word,y,2026-03-17 21:24:03
three_4_syllable_words,2,trial_30,cue,山,cue,y,2026-03-17 21:24:07
three_4_syllable_words,2,trial_31,1,指鹿围马,word,y,2026-03-17 21:24:13
three_4_syllable_words,2,trial_31,2,凿壁偷光,word,y,2026-03-17 21:24:25
three_4_syllable_words,2,trial_31,3,比翼双飞,word,y,2026-03-17 21:24:31
three_4_syllable_words,2,trial_31,cue,飞,cue,y,2026-03-17 21:24:33
three_4_syllable_words,2,trial_32,1,鸟语花香,word,y,2026-03-17 21:24:47
three_4_syllable_words,2,trial_32,2,马到成功,word,y,2026-03-17 21:25:02
three_4_syllable_words,2,trial_32,3,惊弓之鸟,word,y,2026-03-17 21:25:11
three_4_syllable_words,2,trial_32,cue,花,cue,y,2026-03-17 21:25:28
three_4_syllable_words,2,trial_33,1,天作之合,word,y,2026-03-17 21:25:35
three_4_syllable_words,2,trial_33,2,白头偕老,word,y,2026-03-17 21:25:50
three_4_syllable_words,2,trial_33,3,十拿九稳,word,y,2026-03-17 21:25:57
three_4_syllable_words,2,trial_33,cue,老,cue,y,2026-03-17 21:26:00
three_4_syllable_words,2,trial_34,1,七步成诗,word,n,2026-03-17 21:26:07
three_4_syllable_words,2,trial_34,2,纸上谈兵,word,y,2026-03-17 21:26:13
three_4_syllable_words,2,trial_34,3,温故知新,word,y,2026-03-17 21:26:19
three_4_syllable_words,2,trial_34,cue,新,cue,y,2026-03-17 21:26:22
three_4_syllable_words,2,trial_35,1,舍生取义,word,y,2026-03-17 21:26:28
three_4_syllable_words,2,trial_35,2,夜以继日,word,y,2026-03-17 21:26:35
three_4_syllable_words,2,trial_35,3,走马观花,word,y,2026-03-17 21:26:43
three_4_syllable_words,2,trial_35,cue,义,cue,y,2026-03-17 21:26:49
three_4_syllable_words,2,trial_36,1,天作之合,word,y,2026-03-17 21:27:00
three_4_syllable_words,2,trial_36,2,博古通今,word,y,2026-03-17 21:27:06
three_4_syllable_words,2,trial_36,3,奋发图强,word,y,2026-03-17 21:27:12
three_4_syllable_words,2,trial_36,cue,博,cue,y,2026-03-17 21:27:15
three_4_syllable_words,2,trial_37,1,信守不渝,word,y,2026-03-17 21:27:23
three_4_syllable_words,2,trial_37,2,唇亡齿寒,word,y,2026-03-17 21:27:32
three_4_syllable_words,2,trial_37,3,欣欣向荣,word,y,2026-03-17 21:27:39
three_4_syllable_words,2,trial_37,cue,渝,cue,y,2026-03-17 21:27:42
three_4_syllable_words,2,trial_38,1,得不偿失,word,y,2026-03-17 21:27:50
three_4_syllable_words,2,trial_38,2,雷厉风行,word,y,2026-03-17 21:27:58
three_4_syllable_words,2,trial_38,3,滥竽充数,word,y,2026-03-17 21:28:04
three_4_syllable_words,2,trial_38,cue,不,cue,y,2026-03-17 21:28:08
three_4_syllable_words,2,trial_39,1,万子千红,word,y,2026-03-17 21:28:15
three_4_syllable_words,2,trial_39,2,大雪纷飞,word,y,2026-03-17 21:28:26
three_4_syllable_words,2,trial_39,3,家喻户晓,word,y,2026-03-17 21:28:35
three_4_syllable_words,2,trial_39,cue,子,cue,y,2026-03-17 21:28:42
three_4_syllable_words,2,trial_40,1,青出于蓝,word,y,2026-03-17 21:28:53
three_4_syllable_words,2,trial_40,2,十拿九稳,word,y,2026-03-17 21:29:02
three_4_syllable_words,2,trial_40,3,学而不厌,word,n,2026-03-17 21:29:09
three_4_syllable_words,2,trial_40,cue,而,cue,y,2026-03-17 21:29:11
three_4_syllable_words,2,trial_41,1,白头偕老,word,y,2026-03-17 21:29:16
three_4_syllable_words,2,trial_41,2,安居乐业,word,y,2026-03-17 21:29:24
three_4_syllable_words,2,trial_41,3,家喻户晓,word,y,2026-03-17 21:29:30
three_4_syllable_words,2,trial_41,cue,头,cue,y,2026-03-17 21:29:34
three_4_syllable_words,3,trial_1,1,如释重负,word,y,2026-03-17 21:29:55
three_4_syllable_words,3,trial_1,2,班门弄斧,word,y,2026-03-17 21:30:07
three_4_syllable_words,3,trial_1,3,翻天覆地,word,y,2026-03-17 21:30:13
three_4_syllable_words,3,trial_1,cue,弄,cue,y,2026-03-17 21:30:17
three_4_syllable_words,3,trial_2,1,比翼双飞,word,y,2026-03-17 21:30:29
three_4_syllable_words,3,trial_2,2,欣欣向荣,word,y,2026-03-17 21:30:51
three_4_syllable_words,3,trial_2,3,门可罗雀,word,y,2026-03-17 21:30:57
three_4_syllable_words,3,trial_2,cue,门,cue,y,2026-03-17 21:31:02
three_4_syllable_words,3,trial_3,1,风和日丽,word,y,2026-03-17 21:31:13
three_4_syllable_words,3,trial_3,2,一败涂地,word,y,2026-03-17 21:31:34
three_4_syllable_words,3,trial_3,3,安居乐业,word,y,2026-03-17 21:31:42
three_4_syllable_words,3,trial_3,cue,一,cue,y,2026-03-17 21:32:08
three_4_syllable_words,3,trial_4,1,风驰电掣,word,y,2026-03-17 21:32:19
three_4_syllable_words,3,trial_4,2,对牛弹琴,word,y,2026-03-17 21:32:29
three_4_syllable_words,3,trial_4,3,囫囵吞枣,word,y,2026-03-17 21:32:38
three_4_syllable_words,3,trial_4,cue,对,cue,y,2026-03-17 21:32:49
three_4_syllable_words,3,trial_5,1,排山倒海,word,y,2026-03-17 21:33:02
three_4_syllable_words,3,trial_5,2,学而不厌,word,y,2026-03-17 21:33:12
three_4_syllable_words,3,trial_5,3,声势浩大,word,y,2026-03-17 21:33:28
three_4_syllable_words,3,trial_5,cue,学,cue,y,2026-03-17 21:33:32
three_4_syllable_words,3,trial_6,1,悬梁刺股,word,y,2026-03-17 21:33:42
three_4_syllable_words,3,trial_6,2,绿树成荫,word,y,2026-03-17 21:33:49
three_4_syllable_words,3,trial_6,3,功亏宜篑,word,y,2026-03-17 21:33:56
three_4_syllable_words,3,trial_6,cue,刺,cue,y,2026-03-17 21:34:04
three_4_syllable_words,3,trial_7,1,刻舟求剑,word,y,2026-03-17 21:34:16
three_4_syllable_words,3,trial_7,2,雷霆万钧,word,y,2026-03-17 21:34:33
three_4_syllable_words,3,trial_7,3,力争上游,word,y,2026-03-17 21:34:40
three_4_syllable_words,3,trial_7,cue,争,cue,y,2026-03-17 21:34:44
three_4_syllable_words,3,trial_8,1,风起云涌,word,y,2026-03-17 21:34:52
three_4_syllable_words,3,trial_8,2,守口如瓶,word,y,2026-03-17 21:35:07
three_4_syllable_words,3,trial_8,3,得不偿失,word,y,2026-03-17 21:35:18
three_4_syllable_words,3,trial_8,cue,如,cue,y,2026-03-17 21:35:25
three_4_syllable_words,3,trial_9,1,四面楚歌,word,y,2026-03-17 21:35:42
three_4_syllable_words,3,trial_9,2,大张旗鼓,word,y,2026-03-17 21:35:57
three_4_syllable_words,3,trial_9,3,滥竽充数,word,y,2026-03-17 21:37:03
three_4_syllable_words,3,trial_9,cue,楚,cue,y,2026-03-17 21:37:07
three_4_syllable_words,3,trial_10,1,雷厉风行,word,y,2026-03-17 21:37:17
three_4_syllable_words,3,trial_10,2,水滴石穿,word,y,2026-03-17 21:37:42
three_4_syllable_words,3,trial_10,3,举案齐眉,word,y,2026-03-17 21:37:49
three_4_syllable_words,3,trial_10,cue,穿,cue,y,2026-03-17 21:37:53
three_4_syllable_words,3,trial_11,1,日出而作,word,y,2026-03-17 21:38:27
three_4_syllable_words,3,trial_11,2,五湖四海,word,y,2026-03-17 21:39:00
three_4_syllable_words,3,trial_11,3,画龙点睛,word,y,2026-03-17 21:39:09
three_4_syllable_words,3,trial_11,cue,四,cue,y,2026-03-17 21:39:28
three_4_syllable_words,3,trial_12,1,夜以继日,word,y,2026-03-17 21:39:37
three_4_syllable_words,3,trial_12,2,安居乐业,word,y,2026-03-17 21:39:49
three_4_syllable_words,3,trial_12,3,守口如瓶,word,y,2026-03-17 21:39:57
three_4_syllable_words,3,trial_12,cue,继,cue,y,2026-03-17 21:40:02
three_4_syllable_words,3,trial_13,1,釜底抽薪,word,y,2026-03-17 21:40:19
three_4_syllable_words,3,trial_13,2,风起云涌,word,y,2026-03-17 21:40:27
three_4_syllable_words,3,trial_13,3,五湖四海,word,y,2026-03-17 21:40:34
three_4_syllable_words,3,trial_13,cue,湖,cue,y,2026-03-17 21:40:36
three_4_syllable_words,3,trial_14,1,博古通今,word,y,2026-03-17 21:40:45
three_4_syllable_words,3,trial_14,2,风驰电掣,word,y,2026-03-17 21:40:54
three_4_syllable_words,3,trial_14,3,才高八斗,word,y,2026-03-17 21:41:00
three_4_syllable_words,3,trial_14,cue,高,cue,y,2026-03-17 21:41:03
three_4_syllable_words,3,trial_15,1,守株待兔,word,y,2026-03-17 21:41:10
three_4_syllable_words,3,trial_15,2,声势浩大,word,y,2026-03-17 21:41:17
three_4_syllable_words,3,trial_15,3,秋高气爽,word,y,2026-03-17 21:41:44
three_4_syllable_words,3,trial_15,cue,声,cue,y,2026-03-17 21:41:48
three_4_syllable_words,3,trial_16,1,运筹帷幄,word,y,2026-03-18 20:51:23
three_4_syllable_words,3,trial_16,2,翻天覆地,word,y,2026-03-18 20:51:31
three_4_syllable_words,3,trial_16,3,马到成功,word,y,2026-03-18 20:51:38
three_4_syllable_words,3,trial_16,cue,翻,cue,y,2026-03-18 20:51:42
three_4_syllable_words,3,trial_17,1,马到成功,word,y,2026-03-18 20:51:51
three_4_syllable_words,3,trial_17,2,十拿九稳,word,y,2026-03-18 20:52:05
three_4_syllable_words,3,trial_17,3,博古通今,word,y,2026-03-18 20:52:18
three_4_syllable_words,3,trial_17,cue,到,cue,y,2026-03-18 20:52:22
three_4_syllable_words,3,trial_18,1,退避三舍,word,y,2026-03-18 20:52:31
three_4_syllable_words,3,trial_18,2,守口如瓶,word,y,2026-03-18 20:52:38
three_4_syllable_words,3,trial_18,3,成竹在胸,word,y,2026-03-18 20:52:44
three_4_syllable_words,3,trial_18,cue,胸,cue,y,2026-03-18 20:52:47
three_4_syllable_words,3,trial_19,1,完璧归赵,word,y,2026-03-18 20:52:55
three_4_syllable_words,3,trial_19,2,笨鸟先飞,word,y,2026-03-18 20:53:10
three_4_syllable_words,3,trial_19,3,唇枪舌剑,word,y,2026-03-18 20:53:25
three_4_syllable_words,3,trial_19,cue,璧,cue,y,2026-03-18 20:53:30
three_4_syllable_words,3,trial_20,1,功败垂成,word,n,2026-03-18 20:53:36
three_4_syllable_words,3,trial_20,2,秋高气爽,word,y,2026-03-18 20:54:03
three_4_syllable_words,3,trial_20,3,喜出望外,word,y,2026-03-18 20:54:11
three_4_syllable_words,3,trial_20,cue,成,cue,y,2026-03-18 20:54:15
three_4_syllable_words,3,trial_21,1,大张旗鼓,word,y,2026-03-18 20:54:22
three_4_syllable_words,3,trial_21,2,功败垂成,word,y,2026-03-18 20:54:28
three_4_syllable_words,3,trial_21,3,博古通今,word,y,2026-03-18 20:54:35
three_4_syllable_words,3,trial_21,cue,功,cue,y,2026-03-18 20:54:38
three_4_syllable_words,3,trial_22,1,十拿九稳,word,y,2026-03-18 20:54:48
three_4_syllable_words,3,trial_22,2,草木皆兵,word,y,2026-03-18 20:55:02
three_4_syllable_words,3,trial_22,3,四面楚歌,word,y,2026-03-18 20:55:09
three_4_syllable_words,3,trial_22,cue,稳,cue,y,2026-03-18 20:55:13
three_4_syllable_words,3,trial_23,1,光明正大,word,y,2026-03-18 20:55:24
three_4_syllable_words,3,trial_23,2,青出于蓝,word,y,2026-03-18 20:55:32
three_4_syllable_words,3,trial_23,3,前功尽弃,word,y,2026-03-18 20:55:41
three_4_syllable_words,3,trial_23,cue,正,cue,y,2026-03-18 20:55:48
three_4_syllable_words,3,trial_24,1,信守不渝,word,y,2026-03-18 20:55:56
three_4_syllable_words,3,trial_24,2,家喻户晓,word,y,2026-03-18 20:56:14
three_4_syllable_words,3,trial_24,3,雷厉风行,word,y,2026-03-18 20:56:26
three_4_syllable_words,3,trial_24,cue,雷,cue,y,2026-03-18 20:56:28
three_4_syllable_words,3,trial_25,1,废寝忘食,word,y,2026-03-18 20:56:36
three_4_syllable_words,3,trial_25,2,家喻户晓,word,y,2026-03-18 20:56:43
three_4_syllable_words,3,trial_25,3,程门立雪,word,y,2026-03-18 20:56:50
three_4_syllable_words,3,trial_25,cue,门,cue,y,2026-03-18 20:56:55
three_4_syllable_words,3,trial_26,1,青出于蓝,word,y,2026-03-18 20:57:04
three_4_syllable_words,3,trial_26,2,盲人摸象,word,y,2026-03-18 20:57:12
three_4_syllable_words,3,trial_26,3,排山倒海,word,y,2026-03-18 20:57:25
three_4_syllable_words,3,trial_26,cue,象,cue,y,2026-03-18 20:57:35
three_4_syllable_words,3,trial_27,1,班门弄斧,word,y,2026-03-18 20:57:42
three_4_syllable_words,3,trial_27,2,学而不厌,word,y,2026-03-18 20:57:48
three_4_syllable_words,3,trial_27,3,心花怒放,word,y,2026-03-18 20:57:55
three_4_syllable_words,3,trial_27,cue,斧,cue,y,2026-03-18 20:57:59
three_4_syllable_words,3,trial_28,1,国泰民安,word,y,2026-03-18 20:58:06
three_4_syllable_words,3,trial_28,2,程门立雪,word,y,2026-03-18 20:58:13
three_4_syllable_words,3,trial_28,3,博古通今,word,y,2026-03-18 20:58:41
three_4_syllable_words,3,trial_28,cue,古,cue,y,2026-03-18 20:58:48
three_4_syllable_words,3,trial_29,1,唇亡齿寒,word,y,2026-03-18 20:59:00
three_4_syllable_words,3,trial_29,2,草木皆兵,word,y,2026-03-18 20:59:19
three_4_syllable_words,3,trial_29,3,秋高气爽,word,y,2026-03-18 20:59:30
three_4_syllable_words,3,trial_29,cue,爽,cue,y,2026-03-18 20:59:36
three_4_syllable_words,3,trial_30,1,纸上谈兵,word,y,2026-03-18 20:59:44
three_4_syllable_words,3,trial_30,2,势不可挡,word,y,2026-03-18 21:00:03
three_4_syllable_words,3,trial_30,3,琴瑟和鸣,word,y,2026-03-18 21:00:45
three_4_syllable_words,3,trial_30,cue,兵,cue,y,2026-03-18 21:01:05
three_4_syllable_words,3,trial_31,1,万子千红,word,y,2026-03-18 21:01:16
three_4_syllable_words,3,trial_31,2,前功尽弃,word,y,2026-03-18 21:01:28
three_4_syllable_words,3,trial_31,3,举案齐眉,word,y,2026-03-18 21:01:39
three_4_syllable_words,3,trial_31,cue,红,cue,y,2026-03-18 21:01:44
three_4_syllable_words,3,trial_32,1,相濡以沫,word,y,2026-03-18 21:01:56
three_4_syllable_words,3,trial_32,2,洛阳纸贵,word,y,2026-03-18 21:02:14
three_4_syllable_words,3,trial_32,3,门可罗雀,word,y,2026-03-18 21:02:29
three_4_syllable_words,3,trial_32,cue,雀,cue,y,2026-03-18 21:02:33
three_4_syllable_words,3,trial_33,1,悬梁刺股,word,y,2026-03-18 21:02:42
three_4_syllable_words,3,trial_33,2,国泰民安,word,y,2026-03-18 21:02:48
three_4_syllable_words,3,trial_33,3,前功尽弃,word,y,2026-03-18 21:02:56
three_4_syllable_words,3,trial_33,cue,股,cue,y,2026-03-18 21:03:02
three_4_syllable_words,3,trial_34,1,程门立雪,word,y,2026-03-18 21:03:36
three_4_syllable_words,3,trial_34,2,安居乐业,word,y,2026-03-18 21:03:49
three_4_syllable_words,3,trial_34,3,走马观花,word,y,2026-03-18 21:04:15
three_4_syllable_words,3,trial_34,cue,马,cue,y,2026-03-18 21:04:19
three_4_syllable_words,3,trial_35,1,大公无私,word,y,2026-03-18 21:04:26
three_4_syllable_words,3,trial_35,2,三顾茅庐,word,y,2026-03-18 21:04:36
three_4_syllable_words,3,trial_35,3,目不暇接,word,y,2026-03-18 21:04:43
three_4_syllable_words,3,trial_35,cue,无,cue,y,2026-03-18 21:04:46
three_4_syllable_words,3,trial_36,1,心花怒放,word,y,2026-03-18 21:04:52
three_4_syllable_words,3,trial_36,2,守株待兔,word,y,2026-03-18 21:05:09
three_4_syllable_words,3,trial_36,3,围魏救赵,word,y,2026-03-18 21:05:17
three_4_syllable_words,3,trial_36,cue,怒,cue,y,2026-03-18 21:05:24
three_4_syllable_words,3,trial_37,1,光明磊落,word,y,2026-03-18 21:05:31
three_4_syllable_words,3,trial_37,2,鹤立鸡群,word,y,2026-03-18 21:05:40
three_4_syllable_words,3,trial_37,3,功亏宜篑,word,y,2026-03-18 21:05:49
three_4_syllable_words,3,trial_37,cue,鸡,cue,y,2026-03-18 21:05:55
three_4_syllable_words,3,trial_38,1,勇往直前,word,y,2026-03-18 21:06:26
three_4_syllable_words,3,trial_38,2,刮目相看,word,y,2026-03-18 21:06:36
three_4_syllable_words,3,trial_38,3,完璧归赵,word,y,2026-03-18 21:06:43
three_4_syllable_words,3,trial_38,cue,往,cue,y,2026-03-18 21:06:47
three_4_syllable_words,3,trial_39,1,背水宜战,word,y,2026-03-18 21:07:03
three_4_syllable_words,3,trial_39,2,退避三舍,word,y,2026-03-18 21:07:12
three_4_syllable_words,3,trial_39,3,闻鸡起舞,word,y,2026-03-18 21:07:26
three_4_syllable_words,3,trial_39,cue,舞,cue,y,2026-03-18 21:07:30
three_4_syllable_words,3,trial_40,1,废寝忘食,word,y,2026-03-18 21:07:51
three_4_syllable_words,3,trial_40,2,风驰电掣,word,y,2026-03-18 21:08:00
three_4_syllable_words,3,trial_40,3,唇枪舌剑,word,y,2026-03-18 21:08:06
three_4_syllable_words,3,trial_40,cue,电,cue,y,2026-03-18 21:08:13
three_4_syllable_words,3,trial_41,1,风驰电掣,word,y,2026-03-18 21:08:23
three_4_syllable_words,3,trial_41,2,背水宜战,word,y,2026-03-18 21:08:31
three_4_syllable_words,3,trial_41,3,大张旗鼓,word,y,2026-03-18 21:08:40
three_4_syllable_words,3,trial_41,cue,大,cue,y,2026-03-18 21:08:44
three_4_syllable_words,4,trial_1,1,琴瑟和鸣,word,y,2026-03-18 21:08:52
three_4_syllable_words,4,trial_1,2,风起云涌,word,y,2026-03-18 21:08:58
three_4_syllable_words,4,trial_1,3,国泰民安,word,y,2026-03-18 21:09:05
three_4_syllable_words,4,trial_1,cue,风,cue,y,2026-03-18 21:09:13
three_4_syllable_words,4,trial_2,1,指鹿围马,word,y,2026-03-18 21:09:20
three_4_syllable_words,4,trial_2,2,仁至义尽,word,y,2026-03-18 21:09:31
three_4_syllable_words,4,trial_2,3,欣欣向荣,word,y,2026-03-18 21:09:39
three_4_syllable_words,4,trial_2,cue,荣,cue,y,2026-03-18 21:09:42
three_4_syllable_words,4,trial_3,1,同甘共苦,word,y,2026-03-18 21:09:50
three_4_syllable_words,4,trial_3,2,白头偕老,word,y,2026-03-18 21:10:02
three_4_syllable_words,4,trial_3,3,自相矛盾,word,y,2026-03-18 21:10:14
three_4_syllable_words,4,trial_3,cue,白,cue,y,2026-03-18 21:10:20
three_4_syllable_words,4,trial_4,1,才高八斗,word,y,2026-03-18 21:10:27
three_4_syllable_words,4,trial_4,2,万子千红,word,y,2026-03-18 21:10:33
three_4_syllable_words,4,trial_4,3,功亏宜篑,word,y,2026-03-18 21:10:39
three_4_syllable_words,4,trial_4,cue,千,cue,y,2026-03-18 21:10:43
three_4_syllable_words,4,trial_5,1,滥竽充数,word,y,2026-03-18 21:10:52
three_4_syllable_words,4,trial_5,2,成竹在胸,word,y,2026-03-18 21:11:05
three_4_syllable_words,4,trial_5,3,完璧归赵,word,y,2026-03-18 21:11:15
three_4_syllable_words,4,trial_5,cue,充,cue,y,2026-03-18 21:11:19
three_4_syllable_words,4,trial_6,1,对牛弹琴,word,y,2026-03-18 21:11:27
three_4_syllable_words,4,trial_6,2,奋发图强,word,y,2026-03-18 21:11:35
three_4_syllable_words,4,trial_6,3,胸有成竹,word,y,2026-03-18 21:11:47
three_4_syllable_words,4,trial_6,cue,竹,cue,y,2026-03-18 21:11:49
three_4_syllable_words,4,trial_7,1,喜出望外,word,y,2026-03-18 21:12:05
three_4_syllable_words,4,trial_7,2,守口如瓶,word,y,2026-03-18 21:12:18
three_4_syllable_words,4,trial_7,3,大雪纷飞,word,y,2026-03-18 21:12:27
three_4_syllable_words,4,trial_7,cue,望,cue,y,2026-03-18 21:12:30
three_4_syllable_words,4,trial_8,1,十拿九稳,word,y,2026-03-18 21:12:36
three_4_syllable_words,4,trial_8,2,博古通今,word,y,2026-03-18 21:12:55
three_4_syllable_words,4,trial_8,3,后生可畏,word,y,2026-03-18 21:13:08
three_4_syllable_words,4,trial_8,cue,九,cue,y,2026-03-18 21:13:14
three_4_syllable_words,4,trial_9,1,前功尽弃,word,y,2026-03-18 21:13:22
three_4_syllable_words,4,trial_9,2,走马观花,word,y,2026-03-18 21:13:29
three_4_syllable_words,4,trial_9,3,山清水秀,word,y,2026-03-18 21:13:36
three_4_syllable_words,4,trial_9,cue,功,cue,y,2026-03-18 21:13:41
three_4_syllable_words,4,trial_10,1,如释重负,word,y,2026-03-18 21:14:11
three_4_syllable_words,4,trial_10,2,唇枪舌剑,word,y,2026-03-18 21:14:18
three_4_syllable_words,4,trial_10,3,绿树成荫,word,y,2026-03-18 21:14:45
three_4_syllable_words,4,trial_10,cue,剑,cue,y,2026-03-18 21:14:55
three_4_syllable_words,4,trial_11,1,功亏宜篑,word,y,2026-03-18 21:15:05
three_4_syllable_words,4,trial_11,2,秋高气爽,word,y,2026-03-18 21:15:19
three_4_syllable_words,4,trial_11,3,闻鸡起舞,word,y,2026-03-18 21:15:26
three_4_syllable_words,4,trial_11,cue,气,cue,y,2026-03-18 21:15:35
three_4_syllable_words,4,trial_12,1,自相矛盾,word,y,2026-03-18 21:15:43
three_4_syllable_words,4,trial_12,2,夜以继日,word,y,2026-03-18 21:15:50
three_4_syllable_words,4,trial_12,3,国泰民安,word,y,2026-03-18 21:15:59
three_4_syllable_words,4,trial_12,cue,日,cue,y,2026-03-18 21:16:10
three_4_syllable_words,4,trial_13,1,旗开得胜,word,y,2026-03-18 21:16:42
three_4_syllable_words,4,trial_13,2,走马观花,word,y,2026-03-18 21:16:57
three_4_syllable_words,4,trial_13,3,一举两得,word,y,2026-03-18 21:17:04
three_4_syllable_words,4,trial_13,cue,胜,cue,y,2026-03-18 21:17:09
three_4_syllable_words,4,trial_14,1,夜以继日,word,y,2026-03-18 21:17:17
three_4_syllable_words,4,trial_14,2,势不可挡,word,y,2026-03-18 21:17:24
three_4_syllable_words,4,trial_14,3,东施效颦,word,y,2026-03-18 21:17:33
three_4_syllable_words,4,trial_14,cue,可,cue,y,2026-03-18 21:17:36
three_4_syllable_words,4,trial_15,1,盲人摸象,word,y,2026-03-18 21:17:46
three_4_syllable_words,4,trial_15,2,背水宜战,word,y,2026-03-18 21:17:58
three_4_syllable_words,4,trial_15,3,言而有信,word,y,2026-03-18 21:18:12
three_4_syllable_words,4,trial_15,cue,背,cue,y,2026-03-18 21:18:21
three_4_syllable_words,4,trial_16,1,家喻户晓,word,y,2026-03-18 21:18:35
three_4_syllable_words,4,trial_16,2,自相矛盾,word,y,2026-03-18 21:18:43
three_4_syllable_words,4,trial_16,3,闻鸡起舞,word,y,2026-03-18 21:18:55
three_4_syllable_words,4,trial_16,cue,盾,cue,y,2026-03-18 21:19:03
three_4_syllable_words,4,trial_17,1,白头偕老,word,y,2026-03-18 21:19:14
three_4_syllable_words,4,trial_17,2,学富五车,word,y,2026-03-18 21:19:20
three_4_syllable_words,4,trial_17,3,揭竿而起,word,y,2026-03-18 21:19:27
three_4_syllable_words,4,trial_17,cue,起,cue,y,2026-03-18 21:19:30
three_4_syllable_words,4,trial_18,1,半途而废,word,y,2026-03-18 21:19:37
three_4_syllable_words,4,trial_18,2,对牛弹琴,word,y,2026-03-18 21:19:45
three_4_syllable_words,4,trial_18,3,十拿九稳,word,y,2026-03-18 21:19:53
three_4_syllable_words,4,trial_18,cue,途,cue,y,2026-03-18 21:19:58
three_4_syllable_words,4,trial_19,1,功亏宜篑,word,y,2026-03-18 21:20:06
three_4_syllable_words,4,trial_19,2,仁至义尽,word,y,2026-03-18 21:20:14
three_4_syllable_words,4,trial_19,3,围魏救赵,word,y,2026-03-18 21:20:22
three_4_syllable_words,4,trial_19,cue,宜,cue,y,2026-03-18 21:20:26
three_4_syllable_words,4,trial_20,1,肝胆相照,word,y,2026-03-18 21:20:38
three_4_syllable_words,4,trial_20,2,一往无前,word,y,2026-03-18 21:20:50
three_4_syllable_words,4,trial_20,3,相濡以沫,word,y,2026-03-18 21:20:56
three_4_syllable_words,4,trial_20,cue,一,cue,y,2026-03-18 21:21:06
three_4_syllable_words,4,trial_21,1,五湖四海,word,y,2026-03-18 21:21:13
three_4_syllable_words,4,trial_21,2,绿树成荫,word,y,2026-03-18 21:21:31
three_4_syllable_words,4,trial_21,3,举案齐眉,word,y,2026-03-18 21:22:18
three_4_syllable_words,4,trial_21,cue,举,cue,y,2026-03-18 21:22:31
three_4_syllable_words,4,trial_22,1,雷霆万钧,word,y,2026-03-18 21:22:40
three_4_syllable_words,4,trial_22,2,安居乐业,word,y,2026-03-18 21:22:48
three_4_syllable_words,4,trial_22,3,天作之合,word,y,2026-03-18 21:22:57
three_4_syllable_words,4,trial_22,cue,合,cue,y,2026-03-18 21:23:01
three_4_syllable_words,4,trial_23,1,掩耳盗铃,word,y,2026-03-18 21:23:07
three_4_syllable_words,4,trial_23,2,言而有信,word,y,2026-03-18 21:23:13
three_4_syllable_words,4,trial_23,3,青出于蓝,word,y,2026-03-18 21:23:22
three_4_syllable_words,4,trial_23,cue,耳,cue,y,2026-03-18 21:23:25
three_4_syllable_words,4,trial_24,1,半途而废,word,y,2026-03-18 21:23:32
three_4_syllable_words,4,trial_24,2,走马观花,word,y,2026-03-18 21:23:38
three_4_syllable_words,4,trial_24,3,千再难逢,word,y,2026-03-18 21:23:48
three_4_syllable_words,4,trial_24,cue,再,cue,y,2026-03-18 21:23:51
three_4_syllable_words,4,trial_25,1,唇亡齿寒,word,y,2026-03-18 21:24:02
three_4_syllable_words,4,trial_25,2,鹤立鸡群,word,y,2026-03-18 21:24:08
three_4_syllable_words,4,trial_25,3,勇往直前,word,y,2026-03-18 21:24:15
three_4_syllable_words,4,trial_25,cue,勇,cue,y,2026-03-18 21:24:18
three_4_syllable_words,4,trial_26,1,完璧归赵,word,y,2026-03-18 21:24:25
three_4_syllable_words,4,trial_26,2,掩耳盗铃,word,y,2026-03-18 21:24:31
three_4_syllable_words,4,trial_26,3,翻天覆地,word,y,2026-03-18 21:24:46
three_4_syllable_words,4,trial_26,cue,归,cue,y,2026-03-18 21:25:02
three_4_syllable_words,4,trial_27,1,功败垂成,word,y,2026-03-18 21:25:09
three_4_syllable_words,4,trial_27,2,波澜壮阔,word,y,2026-03-18 21:25:39
three_4_syllable_words,4,trial_27,3,鹤立鸡群,word,y,2026-03-18 21:25:48
three_4_syllable_words,4,trial_27,cue,鹤,cue,y,2026-03-18 21:26:03
three_4_syllable_words,4,trial_28,1,风驰电掣,word,y,2026-03-18 21:26:18
three_4_syllable_words,4,trial_28,2,一往无前,word,y,2026-03-18 21:26:24
three_4_syllable_words,4,trial_28,3,山清水秀,word,y,2026-03-18 21:26:33
three_4_syllable_words,4,trial_28,cue,前,cue,y,2026-03-18 21:26:47
three_4_syllable_words,4,trial_29,1,凿壁偷光,word,y,2026-03-18 21:27:11
three_4_syllable_words,4,trial_29,2,光明磊落,word,y,2026-03-18 21:27:19
three_4_syllable_words,4,trial_29,3,大张旗鼓,word,y,2026-03-18 21:27:27
three_4_syllable_words,4,trial_29,cue,落,cue,y,2026-03-18 21:27:31
three_4_syllable_words,4,trial_30,1,班门弄斧,word,y,2026-03-18 21:27:50
three_4_syllable_words,4,trial_30,2,刮目相看,word,y,2026-03-18 21:28:04
three_4_syllable_words,4,trial_30,3,白头偕老,word,y,2026-03-18 21:28:19
three_4_syllable_words,4,trial_30,cue,相,cue,y,2026-03-18 21:28:26
three_4_syllable_words,4,trial_31,1,翻天覆地,word,y,2026-03-18 21:28:35
three_4_syllable_words,4,trial_31,2,奋发图强,word,y,2026-03-18 21:28:42
three_4_syllable_words,4,trial_31,3,凿壁偷光,word,y,2026-03-18 21:28:50
three_4_syllable_words,4,trial_31,cue,覆,cue,y,2026-03-18 21:28:57
three_4_syllable_words,4,trial_32,1,十拿九稳,word,y,2026-03-18 21:29:25
three_4_syllable_words,4,trial_32,2,洛阳纸贵,word,y,2026-03-18 21:29:45
three_4_syllable_words,4,trial_32,3,一败涂地,word,y,2026-03-18 21:29:51
three_4_syllable_words,4,trial_32,cue,败,cue,y,2026-03-18 21:29:54
three_4_syllable_words,4,trial_33,1,勇往直前,word,y,2026-03-18 21:30:00
three_4_syllable_words,4,trial_33,2,一往无前,word,y,2026-03-18 21:30:06
three_4_syllable_words,4,trial_33,3,光明正大,word,y,2026-03-18 21:30:13
three_4_syllable_words,4,trial_33,cue,大,cue,y,2026-03-18 21:30:15
three_4_syllable_words,4,trial_34,1,走马观花,word,y,2026-03-18 21:30:21
three_4_syllable_words,4,trial_34,2,秋高气爽,word,y,2026-03-18 21:30:28
three_4_syllable_words,4,trial_34,3,一诺千金,word,y,2026-03-18 21:30:35
three_4_syllable_words,4,trial_34,cue,一,cue,y,2026-03-18 21:30:38
three_4_syllable_words,4,trial_35,1,破釜沉舟,word,y,2026-03-18 21:30:45
three_4_syllable_words,4,trial_35,2,运筹帷幄,word,y,2026-03-18 21:30:54
three_4_syllable_words,4,trial_35,3,赤胆忠心,word,y,2026-03-18 21:31:02
three_4_syllable_words,4,trial_35,cue,胆,cue,y,2026-03-18 21:31:07
three_4_syllable_words,4,trial_36,1,惊弓之鸟,word,y,2026-03-18 21:31:14
three_4_syllable_words,4,trial_36,2,东施效颦,word,y,2026-03-18 21:31:21
three_4_syllable_words,4,trial_36,3,繁花似锦,word,y,2026-03-18 21:31:29
three_4_syllable_words,4,trial_36,cue,锦,cue,y,2026-03-18 21:31:31
three_4_syllable_words,4,trial_37,1,旗开得胜,word,y,2026-03-18 21:31:38
three_4_syllable_words,4,trial_37,2,持之以恒,word,y,2026-03-18 21:31:44
three_4_syllable_words,4,trial_37,3,仁至义尽,word,y,2026-03-18 21:31:54
three_4_syllable_words,4,trial_37,cue,得,cue,y,2026-03-18 21:31:58
three_4_syllable_words,4,trial_38,1,雷厉风行,word,y,2026-03-18 21:32:03
three_4_syllable_words,4,trial_38,2,触类旁通,word,y,2026-03-18 21:32:13
three_4_syllable_words,4,trial_38,3,指鹿围马,word,y,2026-03-18 21:32:22
three_4_syllable_words,4,trial_38,cue,厉,cue,y,2026-03-18 21:32:26
three_4_syllable_words,4,trial_39,1,退避三舍,word,y,2026-03-18 21:32:43
three_4_syllable_words,4,trial_39,2,心花怒放,word,y,2026-03-18 21:32:52
three_4_syllable_words,4,trial_39,3,纸上谈兵,word,y,2026-03-18 21:33:01
three_4_syllable_words,4,trial_39,cue,心,cue,y,2026-03-18 21:33:16
three_4_syllable_words,4,trial_40,1,光明磊落,word,y,2026-03-18 21:33:24
three_4_syllable_words,4,trial_40,2,程门立雪,word,y,2026-03-18 21:33:36
three_4_syllable_words,4,trial_40,3,乐善浩施,word,y,2026-03-18 21:33:43
three_4_syllable_words,4,trial_40,cue,施,cue,y,2026-03-18 21:33:46
three_4_syllable_words,4,trial_41,1,安居乐业,word,y,2026-03-18 21:33:54
three_4_syllable_words,4,trial_41,2,勇往直前,word,y,2026-03-18 21:34:13
three_4_syllable_words,4,trial_41,3,一诺千金,word,y,2026-03-18 21:34:21
three_4_syllable_words,4,trial_41,cue,乐,cue,y,2026-03-18 21:34:24
three_4_syllable_words,5,trial_1,1,安居乐业,word,y,2026-03-18 21:34:30
three_4_syllable_words,5,trial_1,2,大公无私,word,y,2026-03-18 21:34:37
three_4_syllable_words,5,trial_1,3,相濡以沫,word,y,2026-03-18 21:34:44
three_4_syllable_words,5,trial_1,cue,私,cue,y,2026-03-18 21:34:48
three_4_syllable_words,5,trial_2,1,画蛇添足,word,y,2026-03-18 21:34:57
three_4_syllable_words,5,trial_2,2,乐善浩施,word,y,2026-03-18 21:35:04
three_4_syllable_words,5,trial_2,3,风和日丽,word,y,2026-03-18 21:35:10
three_4_syllable_words,5,trial_2,cue,乐,cue,y,2026-03-18 21:35:17
three_4_syllable_words,5,trial_3,1,比翼双飞,word,y,2026-03-18 21:35:30
three_4_syllable_words,5,trial_3,2,叶公浩龙,word,y,2026-03-18 21:35:43
three_4_syllable_words,5,trial_3,3,一举两得,word,y,2026-03-18 21:35:52
three_4_syllable_words,5,trial_3,cue,龙,cue,y,2026-03-18 21:35:57
three_4_syllable_words,5,trial_4,1,夜以继日,word,y,2026-03-18 21:36:04
three_4_syllable_words,5,trial_4,2,琴瑟和鸣,word,y,2026-03-18 21:36:11
three_4_syllable_words,5,trial_4,3,白雪皑皑,word,y,2026-03-18 21:36:17
three_4_syllable_words,5,trial_4,cue,白,cue,y,2026-03-18 21:36:21
three_4_syllable_words,5,trial_5,1,鹤立鸡群,word,y,2026-03-18 21:36:28
three_4_syllable_words,5,trial_5,2,功败垂成,word,y,2026-03-18 21:36:37
three_4_syllable_words,5,trial_5,3,凿壁偷光,word,y,2026-03-18 21:36:44
three_4_syllable_words,5,trial_5,cue,凿,cue,y,2026-03-18 21:36:49
three_4_syllable_words,5,trial_6,1,指鹿围马,word,y,2026-03-18 21:36:57
three_4_syllable_words,5,trial_6,2,绿树成荫,word,y,2026-03-18 21:37:05
three_4_syllable_words,5,trial_6,3,疾如雷霆,word,y,2026-03-18 21:37:32
three_4_syllable_words,5,trial_6,cue,围,cue,y,2026-03-18 21:37:39
three_4_syllable_words,5,trial_7,1,一败涂地,word,y,2026-03-18 21:37:46
three_4_syllable_words,5,trial_7,2,赤胆忠心,word,y,2026-03-18 21:37:55
three_4_syllable_words,5,trial_7,3,走马观花,word,y,2026-03-18 21:38:14
three_4_syllable_words,5,trial_7,cue,花,cue,y,2026-03-18 21:38:22
three_4_syllable_words,5,trial_8,1,雷厉风行,word,y,2026-03-18 21:38:29
three_4_syllable_words,5,trial_8,2,力争上游,word,y,2026-03-18 21:38:36
three_4_syllable_words,5,trial_8,3,大张旗鼓,word,y,2026-03-18 21:38:52
three_4_syllable_words,5,trial_8,cue,风,cue,y,2026-03-18 21:38:58
three_4_syllable_words,5,trial_9,1,运筹帷幄,word,y,2026-03-18 21:39:18
three_4_syllable_words,5,trial_9,2,举案齐眉,word,y,2026-03-18 21:39:30
three_4_syllable_words,5,trial_9,3,凿壁偷光,word,y,2026-03-18 21:39:37
three_4_syllable_words,5,trial_9,cue,齐,cue,y,2026-03-18 21:39:41
three_4_syllable_words,5,trial_10,1,精益求精,word,y,2026-03-18 21:40:02
three_4_syllable_words,5,trial_10,2,一诺千金,word,y,2026-03-18 21:40:11
three_4_syllable_words,5,trial_10,3,废寝忘食,word,y,2026-03-18 21:40:21
three_4_syllable_words,5,trial_10,cue,金,cue,y,2026-03-18 21:40:30
three_4_syllable_words,5,trial_11,1,画龙点睛,word,y,2026-03-18 21:40:36
three_4_syllable_words,5,trial_11,2,釜底抽薪,word,y,2026-03-18 21:40:48
three_4_syllable_words,5,trial_11,3,赤胆忠心,word,y,2026-03-18 21:40:58
three_4_syllable_words,5,trial_11,cue,薪,cue,y,2026-03-18 21:41:03
three_4_syllable_words,5,trial_12,1,一败涂地,word,y,2026-03-18 21:41:09
three_4_syllable_words,5,trial_12,2,滥竽充数,word,y,2026-03-18 21:41:20
three_4_syllable_words,5,trial_12,3,十拿九稳,word,y,2026-03-18 21:41:30
three_4_syllable_words,5,trial_12,cue,十,cue,y,2026-03-18 21:41:33
three_4_syllable_words,5,trial_13,1,千再难逢,word,y,2026-03-18 21:41:42
three_4_syllable_words,5,trial_13,2,七步成诗,word,y,2026-03-18 21:41:49
three_4_syllable_words,5,trial_13,3,心花怒放,word,y,2026-03-18 21:41:55
three_4_syllable_words,5,trial_13,cue,逢,cue,y,2026-03-18 21:41:59
three_4_syllable_words,5,trial_14,1,山清水秀,word,y,2026-03-18 21:42:24
three_4_syllable_words,5,trial_14,2,唇亡齿寒,word,y,2026-03-18 21:42:38
three_4_syllable_words,5,trial_14,3,比翼双飞,word,y,2026-03-18 21:42:43
three_4_syllable_words,5,trial_14,cue,唇,cue,y,2026-03-18 21:42:49
three_4_syllable_words,5,trial_15,1,如释重负,word,y,2026-03-18 21:42:56
three_4_syllable_words,5,trial_15,2,运筹帷幄,word,y,2026-03-18 21:43:04
three_4_syllable_words,5,trial_15,3,山崩地裂,word,y,2026-03-18 21:43:19
three_4_syllable_words,5,trial_15,cue,负,cue,y,2026-03-18 21:43:22
three_4_syllable_words,5,trial_16,1,背水宜战,word,y,2026-03-18 21:43:30
three_4_syllable_words,5,trial_16,2,鹤立鸡群,word,y,2026-03-18 21:43:41
three_4_syllable_words,5,trial_16,3,疾如雷霆,word,y,2026-03-18 21:43:52
three_4_syllable_words,5,trial_16,cue,宜,cue,y,2026-03-18 21:43:56
three_4_syllable_words,5,trial_17,1,乐善浩施,word,y,2026-03-18 21:44:04
three_4_syllable_words,5,trial_17,2,目不暇接,word,y,2026-03-18 21:44:13
three_4_syllable_words,5,trial_17,3,草木皆兵,word,y,2026-03-18 21:44:28
three_4_syllable_words,5,trial_17,cue,接,cue,y,2026-03-18 21:44:32
three_4_syllable_words,5,trial_18,1,废寝忘食,word,y,2026-03-18 21:44:41
three_4_syllable_words,5,trial_18,2,势不可挡,word,y,2026-03-18 21:45:08
three_4_syllable_words,5,trial_18,3,博古通今,word,y,2026-03-18 21:45:20
three_4_syllable_words,5,trial_18,cue,忘,cue,y,2026-03-18 21:45:24
three_4_syllable_words,5,trial_19,1,温故知新,word,y,2026-03-18 21:45:32
three_4_syllable_words,5,trial_19,2,千军万马,word,y,2026-03-18 21:45:40
three_4_syllable_words,5,trial_19,3,滥竽充数,word,y,2026-03-18 21:45:49
three_4_syllable_words,5,trial_19,cue,数,cue,y,2026-03-18 21:45:53
three_4_syllable_words,5,trial_20,1,刮目相看,word,y,2026-03-18 21:46:05
three_4_syllable_words,5,trial_20,2,学而不厌,word,y,2026-03-18 21:46:14
three_4_syllable_words,5,trial_20,3,喜出望外,word,y,2026-03-18 21:46:24
three_4_syllable_words,5,trial_20,cue,不,cue,y,2026-03-18 21:46:34
three_4_syllable_words,5,trial_21,1,草船借箭,word,y,2026-03-18 21:46:44
three_4_syllable_words,5,trial_21,2,前功尽弃,word,y,2026-03-18 21:47:11
three_4_syllable_words,5,trial_21,3,滥竽充数,word,y,2026-03-18 21:47:19
three_4_syllable_words,5,trial_21,cue,尽,cue,y,2026-03-18 21:47:22
three_4_syllable_words,5,trial_22,1,刻舟求剑,word,y,2026-03-18 21:47:32
three_4_syllable_words,5,trial_22,2,半途而废,word,y,2026-03-18 21:47:39
three_4_syllable_words,5,trial_22,3,惊弓之鸟,word,y,2026-03-18 21:47:46
three_4_syllable_words,5,trial_22,cue,鸟,cue,y,2026-03-18 21:47:49
three_4_syllable_words,5,trial_23,1,仁至义尽,word,y,2026-03-18 21:47:58
three_4_syllable_words,5,trial_23,2,光明正大,word,y,2026-03-18 21:48:04
three_4_syllable_words,5,trial_23,3,笨鸟先飞,word,y,2026-03-18 21:48:10
three_4_syllable_words,5,trial_23,cue,至,cue,y,2026-03-18 21:48:12
three_4_syllable_words,5,trial_24,1,惊弓之鸟,word,y,2026-03-18 21:48:19
three_4_syllable_words,5,trial_24,2,乐善浩施,word,y,2026-03-18 21:48:25
three_4_syllable_words,5,trial_24,3,草船借箭,word,y,2026-03-18 21:48:34
three_4_syllable_words,5,trial_24,cue,弓,cue,y,2026-03-18 21:48:36
three_4_syllable_words,5,trial_25,1,翻天覆地,word,y,2026-03-18 21:48:43
three_4_syllable_words,5,trial_25,2,千军万马,word,y,2026-03-18 21:48:53
three_4_syllable_words,5,trial_25,3,舍生取义,word,y,2026-03-18 21:49:01
three_4_syllable_words,5,trial_25,cue,万,cue,y,2026-03-18 21:49:06
three_4_syllable_words,5,trial_26,1,波澜壮阔,word,y,2026-03-18 21:49:12
three_4_syllable_words,5,trial_26,2,程门立雪,word,y,2026-03-18 21:49:29
three_4_syllable_words,5,trial_26,3,大张旗鼓,word,y,2026-03-18 21:49:37
three_4_syllable_words,5,trial_26,cue,鼓,cue,y,2026-03-18 21:49:44
three_4_syllable_words,5,trial_27,1,大雪纷飞,word,y,2026-03-18 21:49:52
three_4_syllable_words,5,trial_27,2,赤胆忠心,word,y,2026-03-18 21:50:01
three_4_syllable_words,5,trial_27,3,五湖四海,word,y,2026-03-18 21:50:26
three_4_syllable_words,5,trial_27,cue,雪,cue,y,2026-03-18 21:51:51
three_4_syllable_words,5,trial_28,1,舍己为人,word,y,2026-03-18 21:52:37
three_4_syllable_words,5,trial_28,2,一诺千金,word,y,2026-03-18 21:54:20
three_4_syllable_words,5,trial_28,3,目不暇接,word,y,2026-03-18 21:54:29
three_4_syllable_words,5,trial_28,cue,人,cue,y,2026-03-18 21:54:32
three_4_syllable_words,5,trial_29,1,功败垂成,word,n,2026-03-18 21:54:40
three_4_syllable_words,5,trial_29,2,唇枪舌剑,word,y,2026-03-18 21:54:46
three_4_syllable_words,5,trial_29,3,繁花似锦,word,y,2026-03-18 21:54:56
three_4_syllable_words,5,trial_29,cue,繁,cue,y,2026-03-18 21:55:05
three_4_syllable_words,5,trial_30,1,唇枪舌剑,word,y,2026-03-18 21:55:16
three_4_syllable_words,5,trial_30,2,洛阳纸贵,word,y,2026-03-18 21:55:27
three_4_syllable_words,5,trial_30,3,奋发图强,word,y,2026-03-18 21:55:33
three_4_syllable_words,5,trial_30,cue,纸,cue,y,2026-03-18 21:55:37
three_4_syllable_words,5,trial_31,1,围魏救赵,word,y,2026-03-18 21:55:57
three_4_syllable_words,5,trial_31,2,大雪纷飞,word,y,2026-03-18 21:56:12
three_4_syllable_words,5,trial_31,3,舍生取义,word,y,2026-03-18 21:56:20
three_4_syllable_words,5,trial_31,cue,纷,cue,y,2026-03-18 21:56:25
three_4_syllable_words,5,trial_32,1,门可罗雀,word,y,2026-03-18 21:56:36
three_4_syllable_words,5,trial_32,2,家喻户晓,word,y,2026-03-18 21:56:43
three_4_syllable_words,5,trial_32,3,凿壁偷光,word,y,2026-03-18 21:56:55
three_4_syllable_words,5,trial_32,cue,晓,cue,y,2026-03-18 21:57:02
three_4_syllable_words,5,trial_33,1,破釜沉舟,word,y,2026-03-18 21:57:09
three_4_syllable_words,5,trial_33,2,温故知新,word,y,2026-03-18 21:57:22
three_4_syllable_words,5,trial_33,3,才高八斗,word,y,2026-03-18 21:57:30
three_4_syllable_words,5,trial_33,cue,斗,cue,y,2026-03-18 21:57:34
three_4_syllable_words,5,trial_34,1,得不偿失,word,y,2026-03-18 21:57:43
three_4_syllable_words,5,trial_34,2,赤胆忠心,word,y,2026-03-18 21:57:50
three_4_syllable_words,5,trial_34,3,所向披靡,word,y,2026-03-18 21:57:55
three_4_syllable_words,5,trial_34,cue,所,cue,y,2026-03-18 21:58:00
three_4_syllable_words,5,trial_35,1,背水宜战,word,y,2026-03-18 21:58:06
three_4_syllable_words,5,trial_35,2,三顾茅庐,word,y,2026-03-18 21:58:13
three_4_syllable_words,5,trial_35,3,锐不可当,word,y,2026-03-18 21:58:21
three_4_syllable_words,5,trial_35,cue,不,cue,y,2026-03-18 21:58:29
three_4_syllable_words,5,trial_36,1,欣欣向荣,word,y,2026-03-18 21:58:40
three_4_syllable_words,5,trial_36,2,一举两得,word,y,2026-03-18 21:58:50
three_4_syllable_words,5,trial_36,3,琴瑟和鸣,word,y,2026-03-18 21:58:57
three_4_syllable_words,5,trial_36,cue,一,cue,y,2026-03-18 21:59:02
three_4_syllable_words,5,trial_37,1,对牛弹琴,word,y,2026-03-18 21:59:10
three_4_syllable_words,5,trial_37,2,春暖花开,word,y,2026-03-18 21:59:18
three_4_syllable_words,5,trial_37,3,运筹帷幄,word,y,2026-03-18 21:59:32
three_4_syllable_words,5,trial_37,cue,弹,cue,y,2026-03-18 21:59:41
three_4_syllable_words,5,trial_38,1,胸有成竹,word,y,2026-03-18 21:59:47
three_4_syllable_words,5,trial_38,2,风和日丽,word,y,2026-03-18 22:00:01
three_4_syllable_words,5,trial_38,3,画龙点睛,word,y,2026-03-18 22:00:22
three_4_syllable_words,5,trial_38,cue,风,cue,y,2026-03-18 22:00:29
three_4_syllable_words,5,trial_39,1,旗开得胜,word,y,2026-03-18 22:00:49
three_4_syllable_words,5,trial_39,2,画蛇添足,word,y,2026-03-18 22:00:59
three_4_syllable_words,5,trial_39,3,肝胆相照,word,y,2026-03-18 22:01:07
three_4_syllable_words,5,trial_39,cue,足,cue,y,2026-03-18 22:01:10
three_4_syllable_words,5,trial_40,1,自相矛盾,word,y,2026-03-18 22:01:22
three_4_syllable_words,5,trial_40,2,白雪皑皑,word,y,2026-03-18 22:01:31
three_4_syllable_words,5,trial_40,3,雷厉风行,word,y,2026-03-18 22:01:39
three_4_syllable_words,5,trial_40,cue,皑,cue,y,2026-03-18 22:01:46
three_4_syllable_words,5,trial_41,1,日出而作,word,y,2026-03-18 22:02:08
three_4_syllable_words,5,trial_41,2,望梅止渴,word,y,2026-03-18 22:02:21
three_4_syllable_words,5,trial_41,3,舍己为人,word,y,2026-03-18 22:02:32
three_4_syllable_words,5,trial_41,cue,望,cue,y,2026-03-18 22:02:37
three_4_syllable_words,6,trial_1,1,滥竽充数,word,y,2026-03-18 22:02:48
three_4_syllable_words,6,trial_1,2,奋发图强,word,y,2026-03-18 22:02:59
three_4_syllable_words,6,trial_1,3,三顾茅庐,word,y,2026-03-18 22:03:06
three_4_syllable_words,6,trial_1,cue,顾,cue,y,2026-03-18 22:03:27
three_4_syllable_words,6,trial_2,1,万子千红,word,y,2026-03-18 22:03:57
three_4_syllable_words,6,trial_2,2,凿壁偷光,word,y,2026-03-18 22:04:09
three_4_syllable_words,6,trial_2,3,十拿九稳,word,y,2026-03-18 22:04:29
three_4_syllable_words,6,trial_2,cue,拿,cue,y,2026-03-18 22:04:36
three_4_syllable_words,6,trial_3,1,秋高气爽,word,y,2026-03-18 22:04:49
three_4_syllable_words,6,trial_3,2,一败涂地,word,y,2026-03-18 22:05:25
three_4_syllable_words,6,trial_3,3,草木皆兵,word,y,2026-03-18 22:05:32
three_4_syllable_words,6,trial_3,cue,涂,cue,y,2026-03-18 22:05:34
three_4_syllable_words,6,trial_4,1,旗开得胜,word,y,2026-03-18 22:05:41
three_4_syllable_words,6,trial_4,2,秋高气爽,word,y,2026-03-18 22:05:50
three_4_syllable_words,6,trial_4,3,风驰电掣,word,y,2026-03-18 22:06:00
three_4_syllable_words,6,trial_4,cue,开,cue,y,2026-03-18 22:06:05
three_4_syllable_words,6,trial_5,1,舍己为人,word,y,2026-03-18 22:06:10
three_4_syllable_words,6,trial_5,2,唇亡齿寒,word,y,2026-03-18 22:06:17
three_4_syllable_words,6,trial_5,3,雷厉风行,word,y,2026-03-18 22:06:36
three_4_syllable_words,6,trial_5,cue,行,cue,y,2026-03-18 22:06:38
three_4_syllable_words,6,trial_6,1,风起云涌,word,y,2026-03-18 22:06:46
three_4_syllable_words,6,trial_6,2,春暖花开,word,y,2026-03-18 22:06:53
three_4_syllable_words,6,trial_6,3,精益求精,word,y,2026-03-18 22:07:12
three_4_syllable_words,6,trial_6,cue,涌,cue,y,2026-03-18 22:07:16
three_4_syllable_words,6,trial_7,1,大雪纷飞,word,y,2026-03-18 22:07:23
three_4_syllable_words,6,trial_7,2,雷霆万钧,word,y,2026-03-18 22:07:32
three_4_syllable_words,6,trial_7,3,指鹿围马,word,y,2026-03-18 22:07:53
three_4_syllable_words,6,trial_7,cue,鹿,cue,y,2026-03-18 22:08:13
three_4_syllable_words,6,trial_8,1,守口如瓶,word,y,2026-03-18 22:08:23
three_4_syllable_words,6,trial_8,2,废寝忘食,word,y,2026-03-18 22:08:54
three_4_syllable_words,6,trial_8,3,东施效颦,word,y,2026-03-18 22:09:03
three_4_syllable_words,6,trial_8,cue,口,cue,y,2026-03-18 22:09:07
three_4_syllable_words,6,trial_9,1,叶公浩龙,word,y,2026-03-18 22:09:35
three_4_syllable_words,6,trial_9,2,温故知新,word,y,2026-03-18 22:09:48
three_4_syllable_words,6,trial_9,3,日出而作,word,y,2026-03-18 22:09:56
three_4_syllable_words,6,trial_9,cue,日,cue,y,2026-03-18 22:09:59
three_4_syllable_words,6,trial_10,1,一败涂地,word,y,2026-03-18 22:10:15
three_4_syllable_words,6,trial_10,2,大雪纷飞,word,y,2026-03-18 22:10:21
three_4_syllable_words,6,trial_10,3,青出于蓝,word,y,2026-03-18 22:10:43
three_4_syllable_words,6,trial_10,cue,飞,cue,y,2026-03-18 22:10:47
three_4_syllable_words,6,trial_11,1,家喻户晓,word,y,2026-03-18 22:11:17
three_4_syllable_words,6,trial_11,2,画蛇添足,word,y,2026-03-18 22:11:23
three_4_syllable_words,6,trial_11,3,万无一失,word,y,2026-03-18 22:11:32
three_4_syllable_words,6,trial_11,cue,画,cue,y,2026-03-18 22:11:35
three_4_syllable_words,6,trial_12,1,程门立雪,word,y,2026-03-18 22:11:50
three_4_syllable_words,6,trial_12,2,温故知新,word,y,2026-03-18 22:11:59
three_4_syllable_words,6,trial_12,3,揭竿而起,word,y,2026-03-18 22:12:06
three_4_syllable_words,6,trial_12,cue,立,cue,y,2026-03-18 22:12:11
three_4_syllable_words,6,trial_13,1,天作之合,word,y,2026-03-18 22:12:39
three_4_syllable_words,6,trial_13,2,风和日丽,word,y,2026-03-18 22:12:51
three_4_syllable_words,6,trial_13,3,夜以继日,word,y,2026-03-18 22:13:18
three_4_syllable_words,6,trial_13,cue,夜,cue,y,2026-03-18 22:13:30
three_4_syllable_words,6,trial_14,1,风和日丽,word,y,2026-03-18 22:13:53
three_4_syllable_words,6,trial_14,2,势不可挡,word,y,2026-03-18 22:14:04
three_4_syllable_words,6,trial_14,3,光明磊落,word,y,2026-03-18 22:14:28
three_4_syllable_words,6,trial_14,cue,明,cue,y,2026-03-18 22:14:33
three_4_syllable_words,6,trial_15,1,海誓山盟,word,y,2026-03-18 22:14:55
three_4_syllable_words,6,trial_15,2,洛阳纸贵,word,n,2026-03-18 22:15:02
three_4_syllable_words,6,trial_15,3,负荆请罪,word,y,2026-03-18 22:15:10
three_4_syllable_words,6,trial_15,cue,洛,cue,y,2026-03-18 22:15:18
three_4_syllable_words,6,trial_16,1,一举两得,word,y,2026-03-18 22:15:36
three_4_syllable_words,6,trial_16,2,白头偕老,word,y,2026-03-18 22:15:44
three_4_syllable_words,6,trial_16,3,触类旁通,word,y,2026-03-18 22:15:51
three_4_syllable_words,6,trial_16,cue,通,cue,y,2026-03-18 22:15:54
three_4_syllable_words,6,trial_17,1,程门立雪,word,y,2026-03-18 22:16:19
three_4_syllable_words,6,trial_17,2,草木皆兵,word,y,2026-03-18 22:16:29
three_4_syllable_words,6,trial_17,3,学而不厌,word,y,2026-03-18 22:16:58
three_4_syllable_words,6,trial_17,cue,兵,cue,y,2026-03-18 22:17:05
three_4_syllable_words,6,trial_18,1,如释重负,word,y,2026-03-18 22:17:14
three_4_syllable_words,6,trial_18,2,一往无前,word,y,2026-03-18 22:17:23
three_4_syllable_words,6,trial_18,3,触类旁通,word,y,2026-03-18 22:18:01
three_4_syllable_words,6,trial_18,cue,触,cue,y,2026-03-18 22:18:20
three_4_syllable_words,6,trial_19,1,三顾茅庐,word,y,2026-03-18 22:18:44
three_4_syllable_words,6,trial_19,2,心花怒放,word,y,2026-03-18 22:18:55
three_4_syllable_words,6,trial_19,3,安居乐业,word,y,2026-03-18 22:19:02
three_4_syllable_words,6,trial_19,cue,茅,cue,y,2026-03-18 22:19:07
three_4_syllable_words,6,trial_20,1,赤胆忠心,word,y,2026-03-18 22:19:17
three_4_syllable_words,6,trial_20,2,纸上谈兵,word,y,2026-03-18 22:19:26
three_4_syllable_words,6,trial_20,3,琴瑟和鸣,word,y,2026-03-18 22:19:39
three_4_syllable_words,6,trial_20,cue,心,cue,y,2026-03-18 22:19:43
three_4_syllable_words,6,trial_21,1,盲人摸象,word,y,2026-03-18 22:20:03
three_4_syllable_words,6,trial_21,2,安居乐业,word,y,2026-03-18 22:21:03
three_4_syllable_words,6,trial_21,3,七步成诗,word,y,2026-03-18 22:21:19
three_4_syllable_words,6,trial_21,cue,摸,cue,y,2026-03-18 22:21:32
three_4_syllable_words,6,trial_22,1,万无一失,word,y,2026-03-18 22:21:44
three_4_syllable_words,6,trial_22,2,举一反三,word,y,2026-03-18 22:21:52
three_4_syllable_words,6,trial_22,3,唇枪舌剑,word,y,2026-03-18 22:22:14
three_4_syllable_words,6,trial_22,cue,枪,cue,y,2026-03-18 22:22:34
three_4_syllable_words,6,trial_23,1,光明磊落,word,y,2026-03-18 22:23:00
three_4_syllable_words,6,trial_23,2,乐善浩施,word,y,2026-03-18 22:23:07
three_4_syllable_words,6,trial_23,3,声势浩大,word,y,2026-03-18 22:23:15
three_4_syllable_words,6,trial_23,cue,大,cue,y,2026-03-18 22:23:18
three_4_syllable_words,6,trial_24,1,惊弓之鸟,word,y,2026-03-18 22:23:25
three_4_syllable_words,6,trial_24,2,赤胆忠心,word,y,2026-03-18 22:23:37
three_4_syllable_words,6,trial_24,3,绿树成荫,word,y,2026-03-18 22:23:46
three_4_syllable_words,6,trial_24,cue,荫,cue,y,2026-03-18 22:23:54
three_4_syllable_words,6,trial_25,1,对牛弹琴,word,y,2026-03-18 22:24:03
three_4_syllable_words,6,trial_25,2,舍生取义,word,y,2026-03-18 22:24:32
three_4_syllable_words,6,trial_25,3,万无一失,word,y,2026-03-18 22:24:39
three_4_syllable_words,6,trial_25,cue,琴,cue,y,2026-03-18 22:24:43
three_4_syllable_words,6,trial_26,1,持之以恒,word,y,2026-03-18 22:24:51
three_4_syllable_words,6,trial_26,2,程门立雪,word,y,2026-03-18 22:24:56
three_4_syllable_words,6,trial_26,3,举案齐眉,word,y,2026-03-18 22:25:08
three_4_syllable_words,6,trial_26,cue,眉,cue,y,2026-03-18 22:25:15
three_4_syllable_words,6,trial_27,1,五湖四海,word,y,2026-03-18 22:25:34
three_4_syllable_words,6,trial_27,2,风起云涌,word,y,2026-03-18 22:25:46
three_4_syllable_words,6,trial_27,3,悬梁刺股,word,y,2026-03-18 22:26:11
three_4_syllable_words,6,trial_27,cue,悬,cue,y,2026-03-18 22:26:22
three_4_syllable_words,6,trial_28,1,七步成诗,word,y,2026-03-18 22:26:30
three_4_syllable_words,6,trial_28,2,雷霆万钧,word,y,2026-03-18 22:26:39
three_4_syllable_words,6,trial_28,3,相濡以沫,word,y,2026-03-18 22:26:51
three_4_syllable_words,6,trial_28,cue,相,cue,y,2026-03-18 22:26:55
three_4_syllable_words,6,trial_29,1,排山倒海,word,y,2026-03-18 22:27:21
three_4_syllable_words,6,trial_29,2,唇亡齿寒,word,y,2026-03-18 22:27:30
three_4_syllable_words,6,trial_29,3,白头偕老,word,y,2026-03-18 22:27:39
three_4_syllable_words,6,trial_29,cue,海,cue,y,2026-03-18 22:27:44
three_4_syllable_words,6,trial_30,1,四面楚歌,word,y,2026-03-18 22:27:54
three_4_syllable_words,6,trial_30,2,风和日丽,word,y,2026-03-18 22:28:01
three_4_syllable_words,6,trial_30,3,功亏宜篑,word,y,2026-03-18 22:28:24
three_4_syllable_words,6,trial_30,cue,功,cue,y,2026-03-18 22:28:30
three_4_syllable_words,6,trial_31,1,喜出望外,word,y,2026-03-18 22:28:50
three_4_syllable_words,6,trial_31,2,琴瑟和鸣,word,y,2026-03-18 22:29:06
three_4_syllable_words,6,trial_31,3,风和日丽,word,y,2026-03-18 22:29:27
three_4_syllable_words,6,trial_31,cue,琴,cue,y,2026-03-18 22:29:36
three_4_syllable_words,6,trial_32,1,负荆请罪,word,y,2026-03-18 22:30:02
three_4_syllable_words,6,trial_32,2,仁至义尽,word,y,2026-03-18 22:30:18
three_4_syllable_words,6,trial_32,3,万子千红,word,y,2026-03-18 22:30:40
three_4_syllable_words,6,trial_32,cue,罪,cue,y,2026-03-18 22:30:46
three_4_syllable_words,6,trial_33,1,胸有成竹,word,y,2026-03-18 22:42:56
three_4_syllable_words,6,trial_33,2,卧薪尝胆,word,y,2026-03-18 22:43:03
three_4_syllable_words,6,trial_33,3,破釜沉舟,word,y,2026-03-18 22:43:11
three_4_syllable_words,6,trial_33,cue,胆,cue,y,2026-03-18 22:43:18
three_4_syllable_words,6,trial_34,1,草木皆兵,word,y,2026-03-18 22:43:25
three_4_syllable_words,6,trial_34,2,惊弓之鸟,word,y,2026-03-18 22:43:35
three_4_syllable_words,6,trial_34,3,精益求精,word,y,2026-03-18 22:43:46
three_4_syllable_words,6,trial_34,cue,精,cue,y,2026-03-18 22:43:56
three_4_syllable_words,6,trial_35,1,安居乐业,word,y,2026-03-18 22:44:03
three_4_syllable_words,6,trial_35,2,一败涂地,word,y,2026-03-18 22:44:19
three_4_syllable_words,6,trial_35,3,学而不厌,word,y,2026-03-18 22:44:42
three_4_syllable_words,6,trial_35,cue,地,cue,y,2026-03-18 22:44:45
three_4_syllable_words,6,trial_36,1,言而有信,word,y,2026-03-18 22:44:53
three_4_syllable_words,6,trial_36,2,唇亡齿寒,word,y,2026-03-18 22:45:01
three_4_syllable_words,6,trial_36,3,风起云涌,word,y,2026-03-18 22:45:22
three_4_syllable_words,6,trial_36,cue,起,cue,y,2026-03-18 22:45:25
three_4_syllable_words,6,trial_37,1,画龙点睛,word,y,2026-03-18 22:45:36
three_4_syllable_words,6,trial_37,2,千再难逢,word,y,2026-03-18 22:45:44
three_4_syllable_words,6,trial_37,3,光明磊落,word,y,2026-03-18 22:46:02
three_4_syllable_words,6,trial_37,cue,光,cue,y,2026-03-18 22:46:10
three_4_syllable_words,6,trial_38,1,鹤立鸡群,word,y,2026-03-18 22:46:22
three_4_syllable_words,6,trial_38,2,叶公浩龙,word,y,2026-03-18 22:46:29
three_4_syllable_words,6,trial_38,3,半途而废,word,y,2026-03-18 22:46:50
three_4_syllable_words,6,trial_38,cue,半,cue,y,2026-03-18 22:46:56
three_4_syllable_words,6,trial_39,1,惊弓之鸟,word,y,2026-03-18 22:47:08
three_4_syllable_words,6,trial_39,2,釜底抽薪,word,y,2026-03-18 22:47:29
three_4_syllable_words,6,trial_39,3,奋发图强,word,y,2026-03-18 22:47:42
three_4_syllable_words,6,trial_39,cue,之,cue,y,2026-03-18 22:47:47
three_4_syllable_words,6,trial_40,1,运筹帷幄,word,y,2026-03-18 22:48:01
three_4_syllable_words,6,trial_40,2,海誓山盟,word,y,2026-03-18 22:48:07
three_4_syllable_words,6,trial_40,3,卧薪尝胆,word,y,2026-03-18 22:48:18
three_4_syllable_words,6,trial_40,cue,幄,cue,y,2026-03-18 22:48:22
three_4_syllable_words,6,trial_41,1,波澜壮阔,word,y,2026-03-18 22:48:32
three_4_syllable_words,6,trial_41,2,力争上游,word,y,2026-03-18 22:48:40
three_4_syllable_words,6,trial_41,3,温故知新,word,y,2026-03-18 22:48:52
three_4_syllable_words,6,trial_41,cue,力,cue,y,2026-03-18 22:49:02
three_4_syllable_words,7,trial_1,1,风起云涌,word,y,2026-03-18 22:49:26
three_4_syllable_words,7,trial_1,2,守口如瓶,word,y,2026-03-18 22:49:39
three_4_syllable_words,7,trial_1,3,海誓山盟,word,y,2026-03-18 22:49:47
three_4_syllable_words,7,trial_1,cue,瓶,cue,y,2026-03-18 22:49:51
three_4_syllable_words,7,trial_2,1,精益求精,word,y,2026-03-18 22:49:57
three_4_syllable_words,7,trial_2,2,国泰民安,word,y,2026-03-18 22:50:07
three_4_syllable_words,7,trial_2,3,山崩地裂,word,y,2026-03-18 22:50:17
three_4_syllable_words,7,trial_2,cue,求,cue,y,2026-03-18 22:50:22
three_4_syllable_words,7,trial_3,1,舍己为人,word,y,2026-03-18 22:50:30
three_4_syllable_words,7,trial_3,2,叶公浩龙,word,y,2026-03-18 22:50:37
three_4_syllable_words,7,trial_3,3,温故知新,word,y,2026-03-19 10:59:23
three_4_syllable_words,7,trial_3,cue,温,cue,y,2026-03-19 10:59:36
three_4_syllable_words,7,trial_4,1,守口如瓶,word,y,2026-03-19 10:59:53
three_4_syllable_words,7,trial_4,2,卧薪尝胆,word,y,2026-03-19 11:00:03
three_4_syllable_words,7,trial_4,3,夜以继日,word,y,2026-03-19 11:00:28
three_4_syllable_words,7,trial_4,cue,卧,cue,y,2026-03-19 11:00:55
three_4_syllable_words,7,trial_5,1,欣欣向荣,word,y,2026-03-19 11:01:16
three_4_syllable_words,7,trial_5,2,草木皆兵,word,y,2026-03-19 11:01:29
three_4_syllable_words,7,trial_5,3,风起云涌,word,y,2026-03-19 11:01:45
three_4_syllable_words,7,trial_5,cue,欣,cue,y,2026-03-19 11:01:54
three_4_syllable_words,7,trial_6,1,大公无私,word,y,2026-03-19 11:02:02
three_4_syllable_words,7,trial_6,2,所向披靡,word,y,2026-03-19 11:02:11
three_4_syllable_words,7,trial_6,3,胸有成竹,word,y,2026-03-19 11:02:18
three_4_syllable_words,7,trial_6,cue,披,cue,y,2026-03-19 11:02:25
three_4_syllable_words,7,trial_7,1,一诺千金,word,y,2026-03-19 11:02:34
three_4_syllable_words,7,trial_7,2,温故知新,word,y,2026-03-19 11:02:42
three_4_syllable_words,7,trial_7,3,持之以恒,word,y,2026-03-19 11:02:51
three_4_syllable_words,7,trial_7,cue,诺,cue,n,2026-03-19 11:02:58
three_4_syllable_words,7,trial_8,1,喜出望外,word,y,2026-03-19 11:03:06
three_4_syllable_words,7,trial_8,2,鸟语花香,word,y,2026-03-19 11:03:14
three_4_syllable_words,7,trial_8,3,气势旁礴,word,y,2026-03-19 11:03:22
three_4_syllable_words,7,trial_8,cue,外,cue,y,2026-03-19 11:03:28
three_4_syllable_words,7,trial_9,1,风和日丽,word,y,2026-03-19 11:03:35
three_4_syllable_words,7,trial_9,2,千再难逢,word,y,2026-03-19 11:03:42
three_4_syllable_words,7,trial_9,3,才高八斗,word,y,2026-03-19 11:03:50
three_4_syllable_words,7,trial_9,cue,难,cue,y,2026-03-19 11:03:54
three_4_syllable_words,7,trial_10,1,繁花似锦,word,y,2026-03-19 11:04:02
three_4_syllable_words,7,trial_10,2,目不暇接,word,n,2026-03-19 11:04:12
three_4_syllable_words,7,trial_10,3,班门弄斧,word,y,2026-03-19 11:04:18
three_4_syllable_words,7,trial_10,cue,暇,cue,y,2026-03-19 11:04:22
three_4_syllable_words,7,trial_11,1,目不暇接,word,n,2026-03-19 11:04:53
three_4_syllable_words,7,trial_11,2,程门立雪,word,n,2026-03-19 11:05:06
three_4_syllable_words,7,trial_11,3,闻鸡起舞,word,y,2026-03-19 11:05:14
three_4_syllable_words,7,trial_11,cue,雪,cue,y,2026-03-19 11:05:19
three_4_syllable_words,7,trial_12,1,叶公浩龙,word,n,2026-03-19 11:05:30
three_4_syllable_words,7,trial_12,2,排山倒海,word,y,2026-03-19 11:05:47
three_4_syllable_words,7,trial_12,3,大公无私,word,y,2026-03-19 11:05:55
three_4_syllable_words,7,trial_12,cue,公,cue,y,2026-03-19 11:05:59
three_4_syllable_words,7,trial_13,1,唇枪舌剑,word,y,2026-03-19 11:06:06
three_4_syllable_words,7,trial_13,2,家喻户晓,word,y,2026-03-19 11:06:13
three_4_syllable_words,7,trial_13,3,掩耳盗铃,word,y,2026-03-19 11:06:21
three_4_syllable_words,7,trial_13,cue,舌,cue,y,2026-03-19 11:06:24
three_4_syllable_words,7,trial_14,1,五湖四海,word,y,2026-03-19 11:06:31
three_4_syllable_words,7,trial_14,2,山清水秀,word,y,2026-03-19 11:06:38
three_4_syllable_words,7,trial_14,3,画蛇添足,word,y,2026-03-19 11:06:45
three_4_syllable_words,7,trial_14,cue,蛇,cue,y,2026-03-19 11:06:48
three_4_syllable_words,7,trial_15,1,势不可挡,word,y,2026-03-19 11:06:55
three_4_syllable_words,7,trial_15,2,前功尽弃,word,y,2026-03-19 11:07:29
three_4_syllable_words,7,trial_15,3,背水宜战,word,y,2026-03-19 11:07:34
three_4_syllable_words,7,trial_15,cue,不,cue,y,2026-03-19 11:07:37
three_4_syllable_words,7,trial_16,1,家喻户晓,word,y,2026-03-19 11:07:44
three_4_syllable_words,7,trial_16,2,自相矛盾,word,y,2026-03-19 11:07:51
three_4_syllable_words,7,trial_16,3,前功尽弃,word,y,2026-03-19 11:07:57
three_4_syllable_words,7,trial_16,cue,喻,cue,y,2026-03-19 11:08:00
three_4_syllable_words,7,trial_17,1,半途而废,word,y,2026-03-19 11:08:06
three_4_syllable_words,7,trial_17,2,举案齐眉,word,y,2026-03-19 11:08:13
three_4_syllable_words,7,trial_17,3,势不可挡,word,y,2026-03-19 11:08:19
three_4_syllable_words,7,trial_17,cue,势,cue,y,2026-03-19 11:08:22
three_4_syllable_words,7,trial_18,1,画龙点睛,word,y,2026-03-19 11:08:29
three_4_syllable_words,7,trial_18,2,五湖四海,word,y,2026-03-19 11:08:36
three_4_syllable_words,7,trial_18,3,舍己为人,word,y,2026-03-19 11:08:42
three_4_syllable_words,7,trial_18,cue,己,cue,n,2026-03-19 11:08:48
three_4_syllable_words,7,trial_19,1,相濡以沫,word,y,2026-03-19 11:08:55
three_4_syllable_words,7,trial_19,2,琴瑟和鸣,word,y,2026-03-19 11:09:02
three_4_syllable_words,7,trial_19,3,掩耳盗铃,word,y,2026-03-19 11:09:08
three_4_syllable_words,7,trial_19,cue,鸣,cue,y,2026-03-19 11:09:11
three_4_syllable_words,7,trial_20,1,温故知新,word,y,2026-03-19 11:09:17
three_4_syllable_words,7,trial_20,2,排山倒海,word,y,2026-03-19 11:09:24
three_4_syllable_words,7,trial_20,3,前功尽弃,word,y,2026-03-19 11:09:30
three_4_syllable_words,7,trial_20,cue,故,cue,n,2026-03-19 11:09:36
three_4_syllable_words,7,trial_21,1,前功尽弃,word,y,2026-03-19 11:09:43
three_4_syllable_words,7,trial_21,2,走马观花,word,y,2026-03-19 11:09:49
three_4_syllable_words,7,trial_21,3,草船借箭,word,y,2026-03-19 11:09:56
three_4_syllable_words,7,trial_21,cue,弃,cue,y,2026-03-19 11:10:03
three_4_syllable_words,7,trial_22,1,比翼双飞,word,y,2026-03-19 11:10:12
three_4_syllable_words,7,trial_22,2,守口如瓶,word,y,2026-03-19 11:10:20
three_4_syllable_words,7,trial_22,3,风驰电掣,word,y,2026-03-19 11:10:27
three_4_syllable_words,7,trial_22,cue,驰,cue,y,2026-03-19 11:10:30
three_4_syllable_words,7,trial_23,1,十拿九稳,word,y,2026-03-19 11:10:37
three_4_syllable_words,7,trial_23,2,同甘共苦,word,y,2026-03-19 11:10:45
three_4_syllable_words,7,trial_23,3,千再难逢,word,y,2026-03-19 11:10:51
three_4_syllable_words,7,trial_23,cue,千,cue,y,2026-03-19 11:10:55
three_4_syllable_words,7,trial_24,1,半途而废,word,y,2026-03-19 11:11:03
three_4_syllable_words,7,trial_24,2,家喻户晓,word,y,2026-03-19 11:11:11
three_4_syllable_words,7,trial_24,3,目不暇接,word,y,2026-03-19 11:11:19
three_4_syllable_words,7,trial_24,cue,户,cue,y,2026-03-19 11:11:23
three_4_syllable_words,7,trial_25,1,纸上谈兵,word,y,2026-03-19 11:11:31
three_4_syllable_words,7,trial_25,2,掩耳盗铃,word,y,2026-03-19 11:11:39
three_4_syllable_words,7,trial_25,3,唇亡齿寒,word,n,2026-03-19 11:11:56
three_4_syllable_words,7,trial_25,cue,盗,cue,y,2026-03-19 11:12:01
three_4_syllable_words,7,trial_26,1,排山倒海,word,y,2026-03-19 11:12:10
three_4_syllable_words,7,trial_26,2,温故知新,word,y,2026-03-19 11:12:18
three_4_syllable_words,7,trial_26,3,绿树成荫,word,y,2026-03-19 11:12:26
three_4_syllable_words,7,trial_26,cue,绿,cue,n,2026-03-19 11:12:30
three_4_syllable_words,7,trial_27,1,功败垂成,word,n,2026-03-19 11:12:38
three_4_syllable_words,7,trial_27,2,肝胆相照,word,y,2026-03-19 11:12:47
three_4_syllable_words,7,trial_27,3,唇亡齿寒,word,n,2026-03-19 11:12:55
three_4_syllable_words,7,trial_27,cue,寒,cue,y,2026-03-19 11:12:59
three_4_syllable_words,7,trial_28,1,奋发图强,word,y,2026-03-19 11:13:06
three_4_syllable_words,7,trial_28,2,负荆请罪,word,y,2026-03-19 11:13:13
three_4_syllable_words,7,trial_28,3,唇亡齿寒,word,y,2026-03-19 11:13:23
three_4_syllable_words,7,trial_28,cue,图,cue,n,2026-03-19 11:13:29
three_4_syllable_words,7,trial_29,1,自相矛盾,word,y,2026-03-19 11:13:37
three_4_syllable_words,7,trial_29,2,指鹿围马,word,y,2026-03-19 11:13:46
three_4_syllable_words,7,trial_29,3,笨鸟先飞,word,y,2026-03-19 11:13:55
three_4_syllable_words,7,trial_29,cue,马,cue,y,2026-03-19 11:14:02
three_4_syllable_words,7,trial_30,1,心花怒放,word,y,2026-03-19 11:14:10
three_4_syllable_words,7,trial_30,2,相濡以沫,word,y,2026-03-19 11:14:25
three_4_syllable_words,7,trial_30,3,青出于蓝,word,y,2026-03-19 11:14:36
three_4_syllable_words,7,trial_30,cue,沫,cue,y,2026-03-19 11:14:42
three_4_syllable_words,7,trial_31,1,纸上谈兵,word,y,2026-03-19 11:14:50
three_4_syllable_words,7,trial_31,2,四面楚歌,word,y,2026-03-19 11:14:58
three_4_syllable_words,7,trial_31,3,学富五车,word,y,2026-03-19 11:15:06
three_4_syllable_words,7,trial_31,cue,歌,cue,y,2026-03-19 11:15:18
three_4_syllable_words,7,trial_32,1,围魏救赵,word,y,2026-03-19 11:15:31
three_4_syllable_words,7,trial_32,2,程门立雪,word,n,2026-03-19 11:15:39
three_4_syllable_words,7,trial_32,3,雷厉风行,word,y,2026-03-19 11:15:50
three_4_syllable_words,7,trial_32,cue,赵,cue,y,2026-03-19 11:15:55
three_4_syllable_words,7,trial_33,1,画龙点睛,word,y,2026-03-19 11:16:04
three_4_syllable_words,7,trial_33,2,绿树成荫,word,y,2026-03-19 11:16:12
three_4_syllable_words,7,trial_33,3,负荆请罪,word,y,2026-03-19 11:16:20
three_4_syllable_words,7,trial_33,cue,荆,cue,y,2026-03-19 11:16:24
three_4_syllable_words,7,trial_34,1,山清水秀,word,y,2026-03-19 11:16:31
three_4_syllable_words,7,trial_34,2,背水宜战,word,y,2026-03-19 11:16:38
three_4_syllable_words,7,trial_34,3,舍生取义,word,n,2026-03-19 11:16:46
three_4_syllable_words,7,trial_34,cue,生,cue,y,2026-03-19 11:16:49
three_4_syllable_words,7,trial_35,1,叶公浩龙,word,n,2026-03-19 11:16:56
three_4_syllable_words,7,trial_35,2,信守不渝,word,n,2026-03-19 11:17:04
three_4_syllable_words,7,trial_35,3,程门立雪,word,n,2026-03-19 11:17:10
three_4_syllable_words,7,trial_35,cue,公,cue,y,2026-03-19 11:17:14
three_4_syllable_words,7,trial_36,1,守株待兔,word,y,2026-03-19 11:17:21
three_4_syllable_words,7,trial_36,2,东施效颦,word,y,2026-03-19 11:17:28
three_4_syllable_words,7,trial_36,3,信守不渝,word,y,2026-03-19 11:17:44
three_4_syllable_words,7,trial_36,cue,待,cue,y,2026-03-19 11:17:48
three_4_syllable_words,7,trial_37,1,画龙点睛,word,y,2026-03-19 11:17:54
three_4_syllable_words,7,trial_37,2,三顾茅庐,word,y,2026-03-19 11:18:02
three_4_syllable_words,7,trial_37,3,笨鸟先飞,word,y,2026-03-19 11:18:10
three_4_syllable_words,7,trial_37,cue,笨,cue,y,2026-03-19 11:18:14
three_4_syllable_words,7,trial_38,1,乐善浩施,word,y,2026-03-19 11:18:21
three_4_syllable_words,7,trial_38,2,雷霆万钧,word,y,2026-03-19 11:18:29
three_4_syllable_words,7,trial_38,3,赤胆忠心,word,y,2026-03-19 11:18:37
three_4_syllable_words,7,trial_38,cue,钧,cue,y,2026-03-19 11:18:41
three_4_syllable_words,7,trial_39,1,相濡以沫,word,y,2026-03-19 11:18:49
three_4_syllable_words,7,trial_39,2,欣欣向荣,word,y,2026-03-19 11:18:56
three_4_syllable_words,7,trial_39,3,负荆请罪,word,y,2026-03-19 11:19:04
three_4_syllable_words,7,trial_39,cue,欣,cue,y,2026-03-19 14:03:53
three_4_syllable_words,7,trial_40,1,围魏救赵,word,y,2026-03-19 14:04:00
three_4_syllable_words,7,trial_40,2,破釜沉舟,word,y,2026-03-19 14:04:08
three_4_syllable_words,7,trial_40,3,功败垂成,word,n,2026-03-19 14:04:15
three_4_syllable_words,7,trial_40,cue,魏,cue,y,2026-03-19 14:04:18
three_4_syllable_words,7,trial_41,1,刮目相看,word,y,2026-03-19 14:04:26
three_4_syllable_words,7,trial_41,2,功败垂成,word,y,2026-03-19 14:04:37
three_4_syllable_words,7,trial_41,3,光明磊落,word,y,2026-03-19 14:04:45
three_4_syllable_words,7,trial_41,cue,目,cue,y,2026-03-19 14:04:48
three_4_syllable_words,8,trial_1,1,白雪皑皑,word,y,2026-03-19 14:04:55
three_4_syllable_words,8,trial_1,2,同甘共苦,word,y,2026-03-19 14:05:06
three_4_syllable_words,8,trial_1,3,舍生取义,word,y,2026-03-19 14:05:15
three_4_syllable_words,8,trial_1,cue,苦,cue,y,2026-03-19 14:05:25
three_4_syllable_words,8,trial_2,1,信守不渝,word,y,2026-03-19 14:05:45
three_4_syllable_words,8,trial_2,2,指鹿围马,word,y,2026-03-19 14:05:51
three_4_syllable_words,8,trial_2,3,唇枪舌剑,word,y,2026-03-19 14:05:58
three_4_syllable_words,8,trial_2,cue,指,cue,y,2026-03-19 14:06:09
three_4_syllable_words,8,trial_3,1,国泰民安,word,y,2026-03-19 14:06:21
three_4_syllable_words,8,trial_3,2,唇枪舌剑,word,y,2026-03-19 14:06:38
three_4_syllable_words,8,trial_3,3,揭竿而起,word,y,2026-03-19 14:06:44
three_4_syllable_words,8,trial_3,cue,民,cue,y,2026-03-19 14:06:49
three_4_syllable_words,8,trial_4,1,半途而废,word,y,2026-03-19 14:06:55
three_4_syllable_words,8,trial_4,2,望梅止渴,word,y,2026-03-19 14:07:14
three_4_syllable_words,8,trial_4,3,举案齐眉,word,y,2026-03-19 14:07:21
three_4_syllable_words,8,trial_4,cue,案,cue,y,2026-03-19 14:07:24
three_4_syllable_words,8,trial_5,1,温故知新,word,y,2026-03-19 14:07:31
three_4_syllable_words,8,trial_5,2,舍己为人,word,y,2026-03-19 14:07:43
three_4_syllable_words,8,trial_5,3,洛阳纸贵,word,n,2026-03-19 14:07:49
three_4_syllable_words,8,trial_5,cue,舍,cue,y,2026-03-19 14:07:54
three_4_syllable_words,8,trial_6,1,天作之合,word,y,2026-03-19 14:08:04
three_4_syllable_words,8,trial_6,2,唇枪舌剑,word,y,2026-03-19 14:08:11
three_4_syllable_words,8,trial_6,3,草木皆兵,word,y,2026-03-19 14:08:17
three_4_syllable_words,8,trial_6,cue,之,cue,y,2026-03-19 14:08:21
three_4_syllable_words,8,trial_7,1,一败涂地,word,y,2026-03-19 14:08:28
three_4_syllable_words,8,trial_7,2,大公无私,word,y,2026-03-19 14:08:45
three_4_syllable_words,8,trial_7,3,笨鸟先飞,word,y,2026-03-19 14:08:55
three_4_syllable_words,8,trial_7,cue,鸟,cue,y,2026-03-19 14:09:05
three_4_syllable_words,8,trial_8,1,天作之合,word,y,2026-03-19 14:09:16
three_4_syllable_words,8,trial_8,2,四面楚歌,word,y,2026-03-19 14:09:26
three_4_syllable_words,8,trial_8,3,同甘共苦,word,y,2026-03-19 14:09:37
three_4_syllable_words,8,trial_8,cue,甘,cue,y,2026-03-19 14:09:42
three_4_syllable_words,8,trial_9,1,国泰民安,word,y,2026-03-19 14:09:53
three_4_syllable_words,8,trial_9,2,安居乐业,word,y,2026-03-19 14:10:11
three_4_syllable_words,8,trial_9,3,守株待兔,word,y,2026-03-19 14:10:21
three_4_syllable_words,8,trial_9,cue,守,cue,y,2026-03-19 14:10:27
three_4_syllable_words,8,trial_10,1,国泰民安,word,y,2026-03-19 14:10:47
three_4_syllable_words,8,trial_10,2,千军万马,word,y,2026-03-19 14:11:07
three_4_syllable_words,8,trial_10,3,排山倒海,word,y,2026-03-19 14:11:15
three_4_syllable_words,8,trial_10,cue,马,cue,y,2026-03-19 14:11:18
three_4_syllable_words,8,trial_11,1,白雪皑皑,word,y,2026-03-19 14:11:27
three_4_syllable_words,8,trial_11,2,夜以继日,word,y,2026-03-19 14:11:36
three_4_syllable_words,8,trial_11,3,指鹿围马,word,y,2026-03-19 14:11:43
three_4_syllable_words,8,trial_11,cue,皑,cue,y,2026-03-19 14:11:46
three_4_syllable_words,8,trial_12,1,白雪皑皑,word,y,2026-03-19 14:11:53
three_4_syllable_words,8,trial_12,2,山崩地裂,word,y,2026-03-19 14:12:00
three_4_syllable_words,8,trial_12,3,万无一失,word,y,2026-03-19 14:12:12
three_4_syllable_words,8,trial_12,cue,失,cue,y,2026-03-19 14:12:14
three_4_syllable_words,8,trial_13,1,绿树成荫,word,y,2026-03-19 14:12:21
three_4_syllable_words,8,trial_13,2,比翼双飞,word,y,2026-03-19 14:12:26
three_4_syllable_words,8,trial_13,3,凿壁偷光,word,y,2026-03-19 14:12:33
three_4_syllable_words,8,trial_13,cue,树,cue,y,2026-03-19 14:12:36
three_4_syllable_words,8,trial_14,1,心花怒放,word,y,2026-03-19 14:12:43
three_4_syllable_words,8,trial_14,2,乐善浩施,word,y,2026-03-19 14:12:55
three_4_syllable_words,8,trial_14,3,盲人摸象,word,y,2026-03-19 14:13:10
three_4_syllable_words,8,trial_14,cue,人,cue,y,2026-03-19 14:13:13
three_4_syllable_words,8,trial_15,1,闻鸡起舞,word,y,2026-03-19 14:13:27
three_4_syllable_words,8,trial_15,2,掩耳盗铃,word,y,2026-03-19 14:13:36
three_4_syllable_words,8,trial_15,3,负荆请罪,word,y,2026-03-19 14:13:42
three_4_syllable_words,8,trial_15,cue,铃,cue,y,2026-03-19 14:13:45
three_4_syllable_words,8,trial_16,1,博古通今,word,y,2026-03-19 14:13:52
three_4_syllable_words,8,trial_16,2,繁花似锦,word,y,2026-03-19 14:14:01
three_4_syllable_words,8,trial_16,3,气势旁礴,word,y,2026-03-19 14:14:10
three_4_syllable_words,8,trial_16,cue,气,cue,y,2026-03-19 14:14:15
three_4_syllable_words,8,trial_17,1,闻鸡起舞,word,y,2026-03-19 14:14:24
three_4_syllable_words,8,trial_17,2,完璧归赵,word,y,2026-03-19 14:14:33
three_4_syllable_words,8,trial_17,3,才高八斗,word,y,2026-03-19 14:14:41
three_4_syllable_words,8,trial_17,cue,鸡,cue,y,2026-03-19 14:14:44
three_4_syllable_words,8,trial_18,1,万无一失,word,y,2026-03-19 14:14:53
three_4_syllable_words,8,trial_18,2,鹤立鸡群,word,y,2026-03-19 14:15:01
three_4_syllable_words,8,trial_18,3,洛阳纸贵,word,y,2026-03-19 14:15:08
three_4_syllable_words,8,trial_18,cue,贵,cue,y,2026-03-19 14:15:15
three_4_syllable_words,8,trial_19,1,青出于蓝,word,y,2026-03-19 14:15:26
three_4_syllable_words,8,trial_19,2,光明磊落,word,y,2026-03-19 14:15:31
three_4_syllable_words,8,trial_19,3,疾如雷霆,word,y,2026-03-19 14:15:43
three_4_syllable_words,8,trial_19,cue,如,cue,y,2026-03-19 14:15:48
three_4_syllable_words,8,trial_20,1,雷霆万钧,word,y,2026-03-19 14:15:55
three_4_syllable_words,8,trial_20,2,舍生取义,word,y,2026-03-19 14:16:03
three_4_syllable_words,8,trial_20,3,秋高气爽,word,y,2026-03-19 14:16:15
three_4_syllable_words,8,trial_20,cue,舍,cue,y,2026-03-19 14:16:17
three_4_syllable_words,8,trial_21,1,日出而作,word,y,2026-03-19 14:16:25
three_4_syllable_words,8,trial_21,2,画龙点睛,word,y,2026-03-19 14:16:31
three_4_syllable_words,8,trial_21,3,疾如雷霆,word,y,2026-03-19 14:16:39
three_4_syllable_words,8,trial_21,cue,疾,cue,y,2026-03-19 14:16:41
three_4_syllable_words,8,trial_22,1,破釜沉舟,word,y,2026-03-19 14:16:53
three_4_syllable_words,8,trial_22,2,唇亡齿寒,word,y,2026-03-19 14:17:01
three_4_syllable_words,8,trial_22,3,奋发图强,word,y,2026-03-19 14:17:08
three_4_syllable_words,8,trial_22,cue,齿,cue,y,2026-03-19 14:17:13
three_4_syllable_words,8,trial_23,1,半途而废,word,y,2026-03-19 14:17:21
three_4_syllable_words,8,trial_23,2,草船借箭,word,y,2026-03-19 14:17:29
three_4_syllable_words,8,trial_23,3,温故知新,word,y,2026-03-19 14:17:36
three_4_syllable_words,8,trial_23,cue,而,cue,y,2026-03-19 14:17:58
three_4_syllable_words,8,trial_24,1,刮目相看,word,y,2026-03-19 14:18:06
three_4_syllable_words,8,trial_24,2,鸟语花香,word,y,2026-03-19 14:18:19
three_4_syllable_words,8,trial_24,3,洛阳纸贵,word,y,2026-03-19 14:18:26
three_4_syllable_words,8,trial_24,cue,看,cue,y,2026-03-19 14:18:27
three_4_syllable_words,8,trial_25,1,举案齐眉,word,n,2026-03-19 14:18:43
three_4_syllable_words,8,trial_25,2,走马观花,word,y,2026-03-19 14:18:51
three_4_syllable_words,8,trial_25,3,波澜壮阔,word,y,2026-03-19 14:18:59
three_4_syllable_words,8,trial_25,cue,澜,cue,y,2026-03-19 14:19:05
three_4_syllable_words,8,trial_26,1,刻舟求剑,word,y,2026-03-19 14:19:12
three_4_syllable_words,8,trial_26,2,仁至义尽,word,y,2026-03-19 14:19:21
three_4_syllable_words,8,trial_26,3,凿壁偷光,word,y,2026-03-19 14:19:29
three_4_syllable_words,8,trial_26,cue,尽,cue,y,2026-03-19 14:19:35
three_4_syllable_words,8,trial_27,1,刻舟求剑,word,y,2026-03-19 14:19:45
three_4_syllable_words,8,trial_27,2,大张旗鼓,word,y,2026-03-19 14:19:52
three_4_syllable_words,8,trial_27,3,后生可畏,word,y,2026-03-19 14:19:58
three_4_syllable_words,8,trial_27,cue,剑,cue,y,2026-03-19 14:20:01
three_4_syllable_words,8,trial_28,1,四面楚歌,word,y,2026-03-19 14:20:10
three_4_syllable_words,8,trial_28,2,洛阳纸贵,word,y,2026-03-19 14:20:17
three_4_syllable_words,8,trial_28,3,琴瑟和鸣,word,y,2026-03-19 14:20:25
three_4_syllable_words,8,trial_28,cue,面,cue,y,2026-03-19 14:20:27
three_4_syllable_words,8,trial_29,1,白头偕老,word,y,2026-03-19 14:20:36
three_4_syllable_words,8,trial_29,2,春暖花开,word,y,2026-03-19 14:20:43
three_4_syllable_words,8,trial_29,3,山清水秀,word,y,2026-03-19 14:20:52
three_4_syllable_words,8,trial_29,cue,花,cue,y,2026-03-19 14:20:56
three_4_syllable_words,8,trial_30,1,山崩地裂,word,y,2026-03-19 14:21:03
three_4_syllable_words,8,trial_30,2,才高八斗,word,y,2026-03-19 14:21:10
three_4_syllable_words,8,trial_30,3,功败垂成,word,n,2026-03-19 14:21:16
three_4_syllable_words,8,trial_30,cue,裂,cue,y,2026-03-19 14:21:20
three_4_syllable_words,8,trial_31,1,釜底抽薪,word,y,2026-03-19 14:21:33
three_4_syllable_words,8,trial_31,2,指鹿围马,word,y,2026-03-19 14:21:45
three_4_syllable_words,8,trial_31,3,东施效颦,word,y,2026-03-19 14:21:51
three_4_syllable_words,8,trial_31,cue,东,cue,y,2026-03-19 14:21:59
three_4_syllable_words,8,trial_32,1,光明磊落,word,y,2026-03-19 14:22:06
three_4_syllable_words,8,trial_32,2,喜出望外,word,y,2026-03-19 14:22:12
three_4_syllable_words,8,trial_32,3,马到成功,word,y,2026-03-19 14:22:19
three_4_syllable_words,8,trial_32,cue,马,cue,y,2026-03-19 14:22:22
three_4_syllable_words,8,trial_33,1,势不可挡,word,y,2026-03-19 14:22:28
three_4_syllable_words,8,trial_33,2,盲人摸象,word,y,2026-03-19 14:22:38
three_4_syllable_words,8,trial_33,3,山清水秀,word,y,2026-03-19 14:22:46
three_4_syllable_words,8,trial_33,cue,挡,cue,y,2026-03-19 14:22:49
three_4_syllable_words,8,trial_34,1,班门弄斧,word,y,2026-03-19 14:22:57
three_4_syllable_words,8,trial_34,2,胸有成竹,word,y,2026-03-19 14:23:11
three_4_syllable_words,8,trial_34,3,光明正大,word,y,2026-03-19 14:23:19
three_4_syllable_words,8,trial_34,cue,光,cue,y,2026-03-19 14:23:24
three_4_syllable_words,8,trial_35,1,后生可畏,word,y,2026-03-19 14:23:32
three_4_syllable_words,8,trial_35,2,闻鸡起舞,word,y,2026-03-19 14:23:45
three_4_syllable_words,8,trial_35,3,程门立雪,word,y,2026-03-19 14:23:51
three_4_syllable_words,8,trial_35,cue,畏,cue,y,2026-03-19 14:23:53
three_4_syllable_words,8,trial_36,1,揭竿而起,word,y,2026-03-19 14:24:03
three_4_syllable_words,8,trial_36,2,刻舟求剑,word,y,2026-03-19 14:24:10
three_4_syllable_words,8,trial_36,3,气势旁礴,word,y,2026-03-19 14:24:18
three_4_syllable_words,8,trial_36,cue,刻,cue,y,2026-03-19 14:24:22
three_4_syllable_words,8,trial_37,1,一诺千金,word,y,2026-03-19 14:24:28
three_4_syllable_words,8,trial_37,2,退避三舍,word,y,2026-03-19 14:24:35
three_4_syllable_words,8,trial_37,3,千再难逢,word,y,2026-03-19 14:24:42
three_4_syllable_words,8,trial_37,cue,退,cue,y,2026-03-19 14:24:47
three_4_syllable_words,8,trial_38,1,喜出望外,word,y,2026-03-19 14:24:53
three_4_syllable_words,8,trial_38,2,白头偕老,word,y,2026-03-19 14:25:01
three_4_syllable_words,8,trial_38,3,围魏救赵,word,y,2026-03-19 14:25:09
three_4_syllable_words,8,trial_38,cue,偕,cue,y,2026-03-19 14:25:14
three_4_syllable_words,8,trial_39,1,锐不可当,word,y,2026-03-19 14:25:20
three_4_syllable_words,8,trial_39,2,退避三舍,word,y,2026-03-19 14:25:28
three_4_syllable_words,8,trial_39,3,唇枪舌剑,word,y,2026-03-19 14:25:35
three_4_syllable_words,8,trial_39,cue,舍,cue,y,2026-03-19 14:25:36
three_4_syllable_words,8,trial_40,1,刮目相看,word,y,2026-03-19 14:25:42
three_4_syllable_words,8,trial_40,2,退避三舍,word,y,2026-03-19 14:25:49
three_4_syllable_words,8,trial_40,3,学富五车,word,y,2026-03-19 14:25:56
three_4_syllable_words,8,trial_40,cue,学,cue,y,2026-03-19 14:25:58
three_4_syllable_words,8,trial_41,1,滥竽充数,word,y,2026-03-19 14:26:05
three_4_syllable_words,8,trial_41,2,成竹在胸,word,y,2026-03-19 14:26:11
three_4_syllable_words,8,trial_41,3,画龙点睛,word,y,2026-03-19 14:26:18
three_4_syllable_words,8,trial_41,cue,龙,cue,y,2026-03-19 14:26:20
three_4_syllable_words,9,trial_1,1,大张旗鼓,word,y,2026-03-19 14:26:26
three_4_syllable_words,9,trial_1,2,风和日丽,word,y,2026-03-19 14:26:38
three_4_syllable_words,9,trial_1,3,日出而作,word,y,2026-03-19 14:26:45
three_4_syllable_words,9,trial_1,cue,丽,cue,y,2026-03-19 14:26:47
three_4_syllable_words,9,trial_2,1,鸟语花香,word,y,2026-03-19 14:26:58
three_4_syllable_words,9,trial_2,2,勇往直前,word,y,2026-03-19 14:27:16
three_4_syllable_words,9,trial_2,3,翻天覆地,word,y,2026-03-19 14:27:24
three_4_syllable_words,9,trial_2,cue,语,cue,y,2026-03-19 14:27:29
three_4_syllable_words,9,trial_3,1,刮目相看,word,y,2026-03-19 14:27:36
three_4_syllable_words,9,trial_3,2,守口如瓶,word,y,2026-03-19 14:27:44
three_4_syllable_words,9,trial_3,3,肝胆相照,word,y,2026-03-19 14:27:53
three_4_syllable_words,9,trial_3,cue,胆,cue,y,2026-03-19 14:27:57
three_4_syllable_words,9,trial_4,1,波澜壮阔,word,y,2026-03-19 14:28:07
three_4_syllable_words,9,trial_4,2,唇亡齿寒,word,y,2026-03-19 14:28:15
three_4_syllable_words,9,trial_4,3,举一反三,word,y,2026-03-19 14:28:21
three_4_syllable_words,9,trial_4,cue,三,cue,y,2026-03-19 14:28:23
three_4_syllable_words,9,trial_5,1,背水宜战,word,y,2026-03-19 14:28:30
three_4_syllable_words,9,trial_5,2,所向披靡,word,y,2026-03-19 14:28:37
three_4_syllable_words,9,trial_5,3,胸有成竹,word,y,2026-03-19 14:28:59
three_4_syllable_words,9,trial_5,cue,胸,cue,y,2026-03-19 14:29:03
three_4_syllable_words,9,trial_6,1,相濡以沫,word,y,2026-03-19 14:29:14
three_4_syllable_words,9,trial_6,2,功亏宜篑,word,y,2026-03-19 14:29:23
three_4_syllable_words,9,trial_6,3,前功尽弃,word,y,2026-03-19 14:29:29
three_4_syllable_words,9,trial_6,cue,以,cue,y,2026-03-19 14:29:35
three_4_syllable_words,9,trial_7,1,走马观花,word,y,2026-03-19 14:29:44
three_4_syllable_words,9,trial_7,2,所向披靡,word,y,2026-03-19 17:47:22
three_4_syllable_words,9,trial_7,3,大雪纷飞,word,y,2026-03-19 17:47:29
three_4_syllable_words,9,trial_7,cue,靡,cue,n,2026-03-19 17:47:34
three_4_syllable_words,9,trial_8,1,触类旁通,word,n,2026-03-19 17:47:49
three_4_syllable_words,9,trial_8,2,仁至义尽,word,y,2026-03-19 17:47:57
three_4_syllable_words,9,trial_8,3,青出于蓝,word,y,2026-03-19 17:48:04
three_4_syllable_words,9,trial_8,cue,仁,cue,y,2026-03-19 17:48:07
three_4_syllable_words,9,trial_9,1,天作之合,word,y,2026-03-19 17:48:14
three_4_syllable_words,9,trial_9,2,守口如瓶,word,y,2026-03-19 17:48:21
three_4_syllable_words,9,trial_9,3,安居乐业,word,y,2026-03-19 17:48:28
three_4_syllable_words,9,trial_9,cue,作,cue,y,2026-03-19 17:48:33
three_4_syllable_words,9,trial_10,1,唇亡齿寒,word,n,2026-03-19 17:48:43
three_4_syllable_words,9,trial_10,2,负荆请罪,word,y,2026-03-19 17:48:57
three_4_syllable_words,9,trial_10,3,背水宜战,word,y,2026-03-19 17:49:04
three_4_syllable_words,9,trial_10,cue,战,cue,y,2026-03-19 17:49:07
three_4_syllable_words,9,trial_11,1,得不偿失,word,y,2026-03-19 17:49:14
three_4_syllable_words,9,trial_11,2,风和日丽,word,y,2026-03-19 17:49:22
three_4_syllable_words,9,trial_11,3,言而有信,word,y,2026-03-19 17:49:29
three_4_syllable_words,9,trial_11,cue,日,cue,y,2026-03-19 17:49:35
three_4_syllable_words,9,trial_12,1,言而有信,word,y,2026-03-19 17:49:42
three_4_syllable_words,9,trial_12,2,鹤立鸡群,word,y,2026-03-19 17:49:50
three_4_syllable_words,9,trial_12,3,班门弄斧,word,y,2026-03-19 17:49:57
three_4_syllable_words,9,trial_12,cue,班,cue,y,2026-03-19 17:50:00
three_4_syllable_words,9,trial_13,1,山崩地裂,word,y,2026-03-19 17:50:08
three_4_syllable_words,9,trial_13,2,信守不渝,word,y,2026-03-19 17:50:16
three_4_syllable_words,9,trial_13,3,比翼双飞,word,y,2026-03-19 17:50:23
three_4_syllable_words,9,trial_13,cue,信,cue,y,2026-03-19 17:50:27
three_4_syllable_words,9,trial_14,1,学富五车,word,y,2026-03-19 17:50:35
three_4_syllable_words,9,trial_14,2,风驰电掣,word,y,2026-03-19 17:50:42
three_4_syllable_words,9,trial_14,3,波澜壮阔,word,y,2026-03-19 17:50:48
three_4_syllable_words,9,trial_14,cue,阔,cue,y,2026-03-19 17:50:56
three_4_syllable_words,9,trial_15,1,望梅止渴,word,y,2026-03-19 17:51:04
three_4_syllable_words,9,trial_15,2,十拿九稳,word,n,2026-03-19 17:51:11
three_4_syllable_words,9,trial_15,3,如释重负,word,y,2026-03-19 17:51:22
three_4_syllable_words,9,trial_15,cue,释,cue,y,2026-03-19 17:51:26
three_4_syllable_words,9,trial_16,1,对牛弹琴,word,y,2026-03-19 17:51:33
three_4_syllable_words,9,trial_16,2,指鹿围马,word,y,2026-03-19 17:51:44
three_4_syllable_words,9,trial_16,3,波澜壮阔,word,y,2026-03-19 17:51:52
three_4_syllable_words,9,trial_16,cue,牛,cue,n,2026-03-19 17:51:55
three_4_syllable_words,9,trial_17,1,心花怒放,word,y,2026-03-19 17:52:08
three_4_syllable_words,9,trial_17,2,精益求精,word,y,2026-03-19 17:52:15
three_4_syllable_words,9,trial_17,3,一举两得,word,y,2026-03-19 17:52:23
three_4_syllable_words,9,trial_17,cue,得,cue,y,2026-03-19 17:52:26
three_4_syllable_words,9,trial_18,1,心花怒放,word,y,2026-03-19 17:52:32
three_4_syllable_words,9,trial_18,2,画龙点睛,word,y,2026-03-19 17:52:39
three_4_syllable_words,9,trial_18,3,所向披靡,word,y,2026-03-19 17:52:48
three_4_syllable_words,9,trial_18,cue,画,cue,y,2026-03-19 17:52:55
three_4_syllable_words,9,trial_19,1,守株待兔,word,y,2026-03-19 17:53:04
three_4_syllable_words,9,trial_19,2,日出而作,word,y,2026-03-19 17:53:11
three_4_syllable_words,9,trial_19,3,揭竿而起,word,y,2026-03-19 17:53:31
three_4_syllable_words,9,trial_19,cue,揭,cue,y,2026-03-19 17:53:35
three_4_syllable_words,9,trial_20,1,勇往直前,word,y,2026-03-19 17:53:45
three_4_syllable_words,9,trial_20,2,日出而作,word,y,2026-03-19 17:53:54
three_4_syllable_words,9,trial_20,3,鸟语花香,word,y,2026-03-19 17:54:00
three_4_syllable_words,9,trial_20,cue,香,cue,y,2026-03-19 17:54:02
three_4_syllable_words,9,trial_21,1,绿树成荫,word,n,2026-03-19 17:54:09
three_4_syllable_words,9,trial_21,2,举案齐眉,word,y,2026-03-19 17:54:15
three_4_syllable_words,9,trial_21,3,功亏宜篑,word,y,2026-03-19 17:54:22
three_4_syllable_words,9,trial_21,cue,成,cue,y,2026-03-19 17:54:26
three_4_syllable_words,9,trial_22,1,奋发图强,word,y,2026-03-19 17:54:33
three_4_syllable_words,9,trial_22,2,卧薪尝胆,word,y,2026-03-19 17:54:40
three_4_syllable_words,9,trial_22,3,刻舟求剑,word,y,2026-03-19 17:54:47
three_4_syllable_words,9,trial_22,cue,强,cue,y,2026-03-19 17:54:52
three_4_syllable_words,9,trial_23,1,排山倒海,word,y,2026-03-19 17:55:00
three_4_syllable_words,9,trial_23,2,自相矛盾,word,y,2026-03-19 17:55:08
three_4_syllable_words,9,trial_23,3,大公无私,word,y,2026-03-19 17:55:15
three_4_syllable_words,9,trial_23,cue,自,cue,y,2026-03-19 17:55:18
three_4_syllable_words,9,trial_24,1,功亏宜篑,word,y,2026-03-19 17:55:26
three_4_syllable_words,9,trial_24,2,心花怒放,word,y,2026-03-19 17:55:34
three_4_syllable_words,9,trial_24,3,掩耳盗铃,word,y,2026-03-19 17:55:41
three_4_syllable_words,9,trial_24,cue,掩,cue,y,2026-03-19 17:55:45
three_4_syllable_words,9,trial_25,1,锐不可当,word,n,2026-03-19 17:55:51
three_4_syllable_words,9,trial_25,2,翻天覆地,word,y,2026-03-19 17:55:57
three_4_syllable_words,9,trial_25,3,闻鸡起舞,word,y,2026-03-19 17:56:04
three_4_syllable_words,9,trial_25,cue,地,cue,n,2026-03-19 17:56:10
three_4_syllable_words,9,trial_26,1,画龙点睛,word,y,2026-03-19 17:56:17
three_4_syllable_words,9,trial_26,2,风起云涌,word,y,2026-03-19 17:56:24
three_4_syllable_words,9,trial_26,3,才高八斗,word,n,2026-03-19 17:56:31
three_4_syllable_words,9,trial_26,cue,点,cue,y,2026-03-19 17:56:36
three_4_syllable_words,9,trial_27,1,排山倒海,word,y,2026-03-19 17:56:43
three_4_syllable_words,9,trial_27,2,举一反三,word,y,2026-03-19 17:56:50
three_4_syllable_words,9,trial_27,3,繁花似锦,word,y,2026-03-19 17:56:56
three_4_syllable_words,9,trial_27,cue,倒,cue,y,2026-03-19 17:57:01
three_4_syllable_words,9,trial_28,1,疾如雷霆,word,y,2026-03-19 17:57:07
three_4_syllable_words,9,trial_28,2,举案齐眉,word,y,2026-03-19 17:57:14
three_4_syllable_words,9,trial_28,3,白雪皑皑,word,n,2026-03-19 17:57:21
three_4_syllable_words,9,trial_28,cue,雪,cue,y,2026-03-19 17:57:24
three_4_syllable_words,9,trial_29,1,气势旁礴,word,y,2026-03-19 17:57:31
three_4_syllable_words,9,trial_29,2,一往无前,word,y,2026-03-19 17:57:38
three_4_syllable_words,9,trial_29,3,博古通今,word,n,2026-03-19 17:57:45
three_4_syllable_words,9,trial_29,cue,礴,cue,n,2026-03-19 17:57:48
three_4_syllable_words,9,trial_30,1,学富五车,word,y,2026-03-19 17:57:55
three_4_syllable_words,9,trial_30,2,唇枪舌剑,word,y,2026-03-19 17:58:00
three_4_syllable_words,9,trial_30,3,雷霆万钧,word,y,2026-03-19 17:58:06
three_4_syllable_words,9,trial_30,cue,富,cue,y,2026-03-19 17:58:09
three_4_syllable_words,9,trial_31,1,触类旁通,word,n,2026-03-19 17:58:15
three_4_syllable_words,9,trial_31,2,鸟语花香,word,y,2026-03-19 17:58:22
three_4_syllable_words,9,trial_31,3,运筹帷幄,word,y,2026-03-19 17:58:28
three_4_syllable_words,9,trial_31,cue,类,cue,y,2026-03-19 17:58:31
three_4_syllable_words,9,trial_32,1,雷霆万钧,word,y,2026-03-19 17:58:38
three_4_syllable_words,9,trial_32,2,信守不渝,word,y,2026-03-19 17:58:45
three_4_syllable_words,9,trial_32,3,万无一失,word,y,2026-03-19 17:58:54
three_4_syllable_words,9,trial_32,cue,霆,cue,y,2026-03-19 17:58:56
three_4_syllable_words,9,trial_33,1,比翼双飞,word,y,2026-03-19 17:59:02
three_4_syllable_words,9,trial_33,2,喜出望外,word,y,2026-03-19 17:59:08
three_4_syllable_words,9,trial_33,3,万子千红,word,y,2026-03-19 17:59:14
three_4_syllable_words,9,trial_33,cue,双,cue,y,2026-03-19 17:59:18
three_4_syllable_words,9,trial_34,1,家喻户晓,word,y,2026-03-19 17:59:24
three_4_syllable_words,9,trial_34,2,破釜沉舟,word,y,2026-03-19 17:59:30
three_4_syllable_words,9,trial_34,3,唇枪舌剑,word,y,2026-03-19 17:59:36
three_4_syllable_words,9,trial_34,cue,破,cue,y,2026-03-19 17:59:40
three_4_syllable_words,9,trial_35,1,万子千红,word,y,2026-03-19 17:59:47
three_4_syllable_words,9,trial_35,2,守口如瓶,word,y,2026-03-19 17:59:53
three_4_syllable_words,9,trial_35,3,胸有成竹,word,y,2026-03-19 18:00:00
three_4_syllable_words,9,trial_35,cue,有,cue,y,2026-03-19 18:00:03
three_4_syllable_words,9,trial_36,1,日出而作,word,y,2026-03-19 18:00:10
three_4_syllable_words,9,trial_36,2,叶公浩龙,word,n,2026-03-19 18:00:19
three_4_syllable_words,9,trial_36,3,风起云涌,word,y,2026-03-19 18:00:27
three_4_syllable_words,9,trial_36,cue,作,cue,y,2026-03-19 18:00:31
three_4_syllable_words,9,trial_37,1,奋发图强,word,y,2026-03-19 18:00:38
three_4_syllable_words,9,trial_37,2,海誓山盟,word,y,2026-03-19 18:00:47
three_4_syllable_words,9,trial_37,3,安居乐业,word,y,2026-03-19 18:00:56
three_4_syllable_words,9,trial_37,cue,业,cue,y,2026-03-19 18:00:59
three_4_syllable_words,9,trial_38,1,守株待兔,word,y,2026-03-19 18:01:05
three_4_syllable_words,9,trial_38,2,举一反三,word,y,2026-03-19 18:01:13
three_4_syllable_words,9,trial_38,3,刻舟求剑,word,y,2026-03-19 18:01:19
three_4_syllable_words,9,trial_38,cue,舟,cue,y,2026-03-19 18:01:22
three_4_syllable_words,9,trial_39,1,雷厉风行,word,y,2026-03-19 18:01:34
three_4_syllable_words,9,trial_39,2,山崩地裂,word,y,2026-03-19 18:01:41
three_4_syllable_words,9,trial_39,3,锐不可当,word,y,2026-03-19 18:01:50
three_4_syllable_words,9,trial_39,cue,当,cue,y,2026-03-19 18:01:53
three_4_syllable_words,9,trial_40,1,疾如雷霆,word,y,2026-03-19 18:02:00
three_4_syllable_words,9,trial_40,2,草船借箭,word,y,2026-03-19 18:02:07
three_4_syllable_words,9,trial_40,3,举一反三,word,y,2026-03-19 18:02:14
three_4_syllable_words,9,trial_40,cue,箭,cue,y,2026-03-19 18:02:18
three_4_syllable_words,9,trial_41,1,废寝忘食,word,y,2026-03-19 18:02:24
three_4_syllable_words,9,trial_41,2,同甘共苦,word,y,2026-03-19 18:02:31
three_4_syllable_words,9,trial_41,3,风和日丽,word,y,2026-03-19 18:02:37
three_4_syllable_words,9,trial_41,cue,共,cue,y,2026-03-19 18:02:40
four_3_syllable_words,1,trial_1,1,交响悦,word,y,2026-03-19 18:02:46
four_3_syllable_words,1,trial_1,2,旅游团,word,y,2026-03-19 18:02:52
four_3_syllable_words,1,trial_1,3,会议室,word,y,2026-03-19 18:02:58
four_3_syllable_words,1,trial_1,4,化妆品,word,y,2026-03-19 18:03:03
four_3_syllable_words,1,trial_1,cue,悦,cue,y,2026-03-19 18:03:07
four_3_syllable_words,1,trial_2,1,变压器,word,y,2026-03-19 18:03:11
four_3_syllable_words,1,trial_2,2,青哨年,word,y,2026-03-19 18:03:16
four_3_syllable_words,1,trial_2,3,参谋掌,word,y,2026-03-19 18:03:22
four_3_syllable_words,1,trial_2,4,工艺品,word,y,2026-03-19 18:03:27
four_3_syllable_words,1,trial_2,cue,青,cue,y,2026-03-19 18:03:30
four_3_syllable_words,1,trial_3,1,鼓风机,word,y,2026-03-19 18:03:36
four_3_syllable_words,1,trial_3,2,催化剂,word,y,2026-03-19 18:03:42
four_3_syllable_words,1,trial_3,3,农业社,word,y,2026-03-19 18:03:48
four_3_syllable_words,1,trial_3,4,抗生素,word,y,2026-03-19 18:03:53
four_3_syllable_words,1,trial_3,cue,剂,cue,y,2026-03-19 18:03:56
four_3_syllable_words,1,trial_4,1,障碍物,word,n,2026-03-19 18:04:01
four_3_syllable_words,1,trial_4,2,蒸馏水,word,n,2026-03-19 18:04:07
four_3_syllable_words,1,trial_4,3,暴风雨,word,y,2026-03-19 18:04:13
four_3_syllable_words,1,trial_4,4,高血压,word,y,2026-03-19 18:04:18
four_3_syllable_words,1,trial_4,cue,压,cue,y,2026-03-19 18:04:21
four_3_syllable_words,1,trial_5,1,设计图,word,y,2026-03-19 18:04:25
four_3_syllable_words,1,trial_5,2,储蓄卡,word,y,2026-03-19 18:04:30
four_3_syllable_words,1,trial_5,3,排球赛,word,y,2026-03-19 18:04:36
four_3_syllable_words,1,trial_5,4,科学馆,word,y,2026-03-19 18:04:40
four_3_syllable_words,1,trial_5,cue,图,cue,y,2026-03-19 18:04:44
four_3_syllable_words,1,trial_6,1,方程式,word,n,2026-03-19 18:04:50
four_3_syllable_words,1,trial_6,2,志愿军,word,y,2026-03-19 18:04:56
four_3_syllable_words,1,trial_6,3,副作用,word,y,2026-03-19 18:05:01
four_3_syllable_words,1,trial_6,4,代表团,word,y,2026-03-19 18:05:06
four_3_syllable_words,1,trial_6,cue,志,cue,y,2026-03-19 18:05:09
four_3_syllable_words,1,trial_7,1,葡萄糖,word,n,2026-03-19 18:05:15
four_3_syllable_words,1,trial_7,2,核电站,word,y,2026-03-19 18:05:20
four_3_syllable_words,1,trial_7,3,交响悦,word,y,2026-03-19 18:05:26
four_3_syllable_words,1,trial_7,4,留学生,word,y,2026-03-19 18:05:31
four_3_syllable_words,1,trial_7,cue,萄,cue,y,2026-03-19 18:06:08
four_3_syllable_words,1,trial_8,1,天花板,word,y,2026-03-19 18:06:14
four_3_syllable_words,1,trial_8,2,面包机,word,y,2026-03-19 18:06:19
four_3_syllable_words,1,trial_8,3,化妆品,word,y,2026-03-19 18:06:24
four_3_syllable_words,1,trial_8,4,变压器,word,y,2026-03-19 18:06:29
four_3_syllable_words,1,trial_8,cue,器,cue,y,2026-03-19 18:06:44
four_3_syllable_words,1,trial_9,1,出租车,word,y,2026-03-19 18:06:49
four_3_syllable_words,1,trial_9,2,广播剧,word,y,2026-03-19 18:06:55
four_3_syllable_words,1,trial_9,3,摄影师,word,y,2026-03-19 18:07:00
four_3_syllable_words,1,trial_9,4,放大镜,word,y,2026-03-19 18:07:05
four_3_syllable_words,1,trial_9,cue,车,cue,y,2026-03-19 18:07:08
four_3_syllable_words,1,trial_10,1,航天员,word,y,2026-03-19 18:07:14
four_3_syllable_words,1,trial_10,2,收银台,word,y,2026-03-19 18:07:19
four_3_syllable_words,1,trial_10,3,相对论,word,y,2026-03-19 18:07:24
four_3_syllable_words,1,trial_10,4,发动机,word,y,2026-03-19 18:07:30
four_3_syllable_words,1,trial_10,cue,动,cue,y,2026-03-19 18:07:32
four_3_syllable_words,1,trial_11,1,运输车,word,y,2026-03-19 18:07:38
four_3_syllable_words,1,trial_11,2,玻璃杯,word,n,2026-03-19 18:07:44
four_3_syllable_words,1,trial_11,3,免税店,word,y,2026-03-19 18:07:49
four_3_syllable_words,1,trial_11,4,猫头鹰,word,y,2026-03-19 18:07:54
four_3_syllable_words,1,trial_11,cue,鹰,cue,y,2026-03-19 18:07:57
four_3_syllable_words,1,trial_12,1,摄影师,word,y,2026-03-19 18:08:02
four_3_syllable_words,1,trial_12,2,广播剧,word,y,2026-03-19 18:08:07
four_3_syllable_words,1,trial_12,3,计算题,word,y,2026-03-19 18:08:12
four_3_syllable_words,1,trial_12,4,冷空气,word,y,2026-03-19 18:08:17
four_3_syllable_words,1,trial_12,cue,计,cue,y,2026-03-19 18:08:20
four_3_syllable_words,1,trial_13,1,志愿军,word,y,2026-03-19 18:08:26
four_3_syllable_words,1,trial_13,2,录取线,word,y,2026-03-19 18:08:31
four_3_syllable_words,1,trial_13,3,实验室,word,y,2026-03-19 18:08:36
four_3_syllable_words,1,trial_13,4,民主党,word,y,2026-03-19 18:08:43
four_3_syllable_words,1,trial_13,cue,民,cue,y,2026-03-19 18:08:46
four_3_syllable_words,1,trial_14,1,海平面,word,y,2026-03-19 18:08:51
four_3_syllable_words,1,trial_14,2,救护车,word,y,2026-03-19 18:08:56
four_3_syllable_words,1,trial_14,3,直辖市,word,y,2026-03-19 18:09:01
four_3_syllable_words,1,trial_14,4,奴隶制,word,y,2026-03-19 18:09:06
four_3_syllable_words,1,trial_14,cue,制,cue,y,2026-03-19 18:09:08
four_3_syllable_words,1,trial_15,1,西红柿,word,y,2026-03-19 18:09:14
four_3_syllable_words,1,trial_15,2,营业员,word,y,2026-03-19 18:09:19
four_3_syllable_words,1,trial_15,3,男籽汉,word,y,2026-03-19 18:09:24
four_3_syllable_words,1,trial_15,4,保温杯,word,y,2026-03-19 18:09:29
four_3_syllable_words,1,trial_15,cue,温,cue,y,2026-03-19 18:09:31
four_3_syllable_words,1,trial_16,1,传感器,word,y,2026-03-19 18:09:37
four_3_syllable_words,1,trial_16,2,蒸馏水,word,y,2026-03-19 18:09:42
four_3_syllable_words,1,trial_16,3,冷空气,word,y,2026-03-19 18:09:47
four_3_syllable_words,1,trial_16,4,绘画展,word,y,2026-03-19 18:09:53
four_3_syllable_words,1,trial_16,cue,画,cue,y,2026-03-19 18:09:56
four_3_syllable_words,1,trial_17,1,毕业证,word,y,2026-03-19 18:10:01
four_3_syllable_words,1,trial_17,2,进行曲,word,y,2026-03-19 18:10:07
four_3_syllable_words,1,trial_17,3,重要性,word,y,2026-03-19 18:10:14
four_3_syllable_words,1,trial_17,4,核电站,word,y,2026-03-19 18:10:19
four_3_syllable_words,1,trial_17,cue,进,cue,y,2026-03-19 18:10:23
four_3_syllable_words,1,trial_18,1,紫外线,word,n,2026-03-19 18:10:28
four_3_syllable_words,1,trial_18,2,儿童节,word,y,2026-03-19 18:10:33
four_3_syllable_words,1,trial_18,3,储蓄卡,word,y,2026-03-19 18:10:38
four_3_syllable_words,1,trial_18,4,技术员,word,y,2026-03-19 18:10:44
four_3_syllable_words,1,trial_18,cue,蓄,cue,y,2026-03-19 20:53:11
four_3_syllable_words,1,trial_19,1,天花板,word,y,2026-03-19 20:53:20
four_3_syllable_words,1,trial_19,2,魔术师,word,y,2026-03-19 20:53:28
four_3_syllable_words,1,trial_19,3,建筑师,word,y,2026-03-19 20:53:32
four_3_syllable_words,1,trial_19,4,动物园,word,y,2026-03-19 20:53:37
four_3_syllable_words,1,trial_19,cue,动,cue,y,2026-03-19 20:53:40
four_3_syllable_words,1,trial_20,1,超声波,word,y,2026-03-19 20:53:45
four_3_syllable_words,1,trial_20,2,放映厅,word,y,2026-03-19 20:53:52
four_3_syllable_words,1,trial_20,3,障碍物,word,y,2026-03-19 20:53:57
four_3_syllable_words,1,trial_20,4,建设部,word,y,2026-03-19 20:54:12
four_3_syllable_words,1,trial_20,cue,放,cue,y,2026-03-19 20:54:18
four_3_syllable_words,1,trial_21,1,加工厂,word,y,2026-03-19 20:54:25
four_3_syllable_words,1,trial_21,2,检察官,word,y,2026-03-19 20:54:38
four_3_syllable_words,1,trial_21,3,宇航员,word,y,2026-03-19 20:54:46
four_3_syllable_words,1,trial_21,4,写字台,word,y,2026-03-19 20:54:51
four_3_syllable_words,1,trial_21,cue,宇,cue,y,2026-03-19 20:54:54
four_3_syllable_words,1,trial_22,1,人行道,word,y,2026-03-19 20:55:01
four_3_syllable_words,1,trial_22,2,儿童节,word,y,2026-03-19 20:55:08
four_3_syllable_words,1,trial_22,3,工艺品,word,y,2026-03-19 20:55:13
four_3_syllable_words,1,trial_22,4,收银台,word,y,2026-03-19 20:55:19
four_3_syllable_words,1,trial_22,cue,收,cue,y,2026-03-19 20:55:23
four_3_syllable_words,1,trial_23,1,新闻稿,word,y,2026-03-19 20:55:30
four_3_syllable_words,1,trial_23,2,免税店,word,y,2026-03-19 20:55:36
four_3_syllable_words,1,trial_23,3,天花板,word,y,2026-03-19 20:55:43
four_3_syllable_words,1,trial_23,4,煤气灶,word,y,2026-03-19 20:55:51
four_3_syllable_words,1,trial_23,cue,气,cue,y,2026-03-19 20:55:54
four_3_syllable_words,1,trial_24,1,黑板报,word,y,2026-03-19 20:56:01
four_3_syllable_words,1,trial_24,2,化妆品,word,y,2026-03-19 20:56:10
four_3_syllable_words,1,trial_24,3,留学生,word,y,2026-03-19 20:56:16
four_3_syllable_words,1,trial_24,4,加工厂,word,y,2026-03-19 20:56:27
four_3_syllable_words,1,trial_24,cue,厂,cue,y,2026-03-19 20:56:29
four_3_syllable_words,1,trial_25,1,金黄色,word,y,2026-03-19 20:56:36
four_3_syllable_words,1,trial_25,2,免疫力,word,y,2026-03-19 20:56:44
four_3_syllable_words,1,trial_25,3,青哨年,word,y,2026-03-19 20:56:50
four_3_syllable_words,1,trial_25,4,民主党,word,y,2026-03-19 20:56:55
four_3_syllable_words,1,trial_25,cue,免,cue,y,2026-03-19 20:56:57
four_3_syllable_words,1,trial_26,1,参考书,word,y,2026-03-19 20:57:03
four_3_syllable_words,1,trial_26,2,儿童节,word,y,2026-03-19 20:57:12
four_3_syllable_words,1,trial_26,3,参谋掌,word,y,2026-03-19 20:57:20
four_3_syllable_words,1,trial_26,4,办事处,word,y,2026-03-19 20:57:29
four_3_syllable_words,1,trial_26,cue,事,cue,y,2026-03-19 20:57:32
four_3_syllable_words,1,trial_27,1,留学生,word,y,2026-03-19 20:57:38
four_3_syllable_words,1,trial_27,2,农业社,word,y,2026-03-19 20:57:45
four_3_syllable_words,1,trial_27,3,电动车,word,y,2026-03-19 20:57:52
four_3_syllable_words,1,trial_27,4,放映厅,word,y,2026-03-19 20:57:59
four_3_syllable_words,1,trial_27,cue,学,cue,y,2026-03-19 20:58:03
four_3_syllable_words,1,trial_28,1,幼儿园,word,y,2026-03-19 20:58:09
four_3_syllable_words,1,trial_28,2,葡萄糖,word,y,2026-03-19 20:58:16
four_3_syllable_words,1,trial_28,3,儿童节,word,y,2026-03-19 20:58:22
four_3_syllable_words,1,trial_28,4,保险箱,word,y,2026-03-19 20:58:29
four_3_syllable_words,1,trial_28,cue,葡,cue,y,2026-03-19 20:58:32
four_3_syllable_words,1,trial_29,1,抗生素,word,y,2026-03-19 20:58:37
four_3_syllable_words,1,trial_29,2,写字台,word,y,2026-03-19 20:58:47
four_3_syllable_words,1,trial_29,3,葡萄糖,word,y,2026-03-19 20:58:54
four_3_syllable_words,1,trial_29,4,交通灯,word,y,2026-03-19 20:59:02
four_3_syllable_words,1,trial_29,cue,写,cue,y,2026-03-19 20:59:06
four_3_syllable_words,1,trial_30,1,公安局,word,y,2026-03-19 20:59:12
four_3_syllable_words,1,trial_30,2,紫外线,word,y,2026-03-19 20:59:22
four_3_syllable_words,1,trial_30,3,金黄色,word,y,2026-03-19 20:59:28
four_3_syllable_words,1,trial_30,4,旅游团,word,y,2026-03-19 20:59:36
four_3_syllable_words,1,trial_30,cue,游,cue,y,2026-03-19 20:59:42
four_3_syllable_words,1,trial_31,1,抗生素,word,y,2026-03-19 20:59:50
four_3_syllable_words,1,trial_31,2,保险箱,word,y,2026-03-19 21:00:01
four_3_syllable_words,1,trial_31,3,黑板报,word,y,2026-03-19 21:00:08
four_3_syllable_words,1,trial_31,4,营业员,word,y,2026-03-19 21:00:14
four_3_syllable_words,1,trial_31,cue,生,cue,y,2026-03-19 21:00:20
four_3_syllable_words,1,trial_32,1,价值观,word,y,2026-03-19 21:00:26
four_3_syllable_words,1,trial_32,2,煤气灶,word,y,2026-03-19 21:00:37
four_3_syllable_words,1,trial_32,3,病原体,word,y,2026-03-19 21:00:46
four_3_syllable_words,1,trial_32,4,免税店,word,y,2026-03-19 21:00:55
four_3_syllable_words,1,trial_32,cue,原,cue,y,2026-03-19 21:01:04
four_3_syllable_words,1,trial_33,1,签名册,word,n,2026-03-19 21:01:16
four_3_syllable_words,1,trial_33,2,鼓风机,word,y,2026-03-19 21:01:22
four_3_syllable_words,1,trial_33,3,主人翁,word,y,2026-03-19 21:01:55
four_3_syllable_words,1,trial_33,4,防火墙,word,y,2026-03-19 21:02:02
four_3_syllable_words,1,trial_33,cue,鼓,cue,n,2026-03-19 21:02:08
four_3_syllable_words,1,trial_34,1,火车票,word,y,2026-03-19 21:02:15
four_3_syllable_words,1,trial_34,2,男籽汉,word,y,2026-03-19 21:02:21
four_3_syllable_words,1,trial_34,3,党中央,word,y,2026-03-19 21:02:25
four_3_syllable_words,1,trial_34,4,玻璃杯,word,y,2026-03-19 21:02:34
four_3_syllable_words,1,trial_34,cue,票,cue,y,2026-03-19 21:02:38
four_3_syllable_words,1,trial_35,1,乒乓球,word,y,2026-03-19 21:02:44
four_3_syllable_words,1,trial_35,2,主人翁,word,y,2026-03-19 21:02:52
four_3_syllable_words,1,trial_35,3,直辖市,word,y,2026-03-19 21:02:58
four_3_syllable_words,1,trial_35,4,收音机,word,y,2026-03-19 21:03:06
four_3_syllable_words,1,trial_35,cue,乓,cue,y,2026-03-19 21:03:13
four_3_syllable_words,1,trial_36,1,建筑师,word,y,2026-03-19 21:03:21
four_3_syllable_words,1,trial_36,2,爆破队,word,y,2026-03-19 21:03:27
four_3_syllable_words,1,trial_36,3,黑板报,word,y,2026-03-19 21:03:35
four_3_syllable_words,1,trial_36,4,加工厂,word,y,2026-03-19 21:03:40
four_3_syllable_words,1,trial_36,cue,工,cue,y,2026-03-19 21:03:45
four_3_syllable_words,1,trial_37,1,玻璃杯,word,y,2026-03-19 21:03:51
four_3_syllable_words,1,trial_37,2,图书馆,word,y,2026-03-19 21:03:56
four_3_syllable_words,1,trial_37,3,参谋掌,word,y,2026-03-19 21:04:01
four_3_syllable_words,1,trial_37,4,进行曲,word,y,2026-03-19 21:04:11
four_3_syllable_words,1,trial_37,cue,参,cue,y,2026-03-19 21:04:14
four_3_syllable_words,1,trial_38,1,理工科,word,y,2026-03-19 21:04:20
four_3_syllable_words,1,trial_38,2,保险箱,word,y,2026-03-19 21:04:28
four_3_syllable_words,1,trial_38,3,视网膜,word,y,2026-03-19 21:04:33
four_3_syllable_words,1,trial_38,4,笔记本,word,y,2026-03-19 21:04:39
four_3_syllable_words,1,trial_38,cue,箱,cue,y,2026-03-19 21:04:43
four_3_syllable_words,1,trial_39,1,暴风雨,word,y,2026-03-19 21:04:49
four_3_syllable_words,1,trial_39,2,抗生素,word,y,2026-03-19 21:04:55
four_3_syllable_words,1,trial_39,3,自然界,word,y,2026-03-19 21:05:00
four_3_syllable_words,1,trial_39,4,收银台,word,y,2026-03-19 21:05:06
four_3_syllable_words,1,trial_39,cue,雨,cue,y,2026-03-19 21:05:10
four_3_syllable_words,1,trial_40,1,黑板报,word,y,2026-03-19 21:05:16
four_3_syllable_words,1,trial_40,2,科学馆,word,y,2026-03-19 21:05:21
four_3_syllable_words,1,trial_40,3,免税店,word,y,2026-03-19 21:05:30
four_3_syllable_words,1,trial_40,4,普通话,word,y,2026-03-19 21:05:38
four_3_syllable_words,1,trial_40,cue,馆,cue,y,2026-03-19 21:05:42
four_3_syllable_words,1,trial_41,1,西红柿,word,y,2026-03-19 21:05:52
four_3_syllable_words,1,trial_41,2,摄影师,word,y,2026-03-19 21:06:03
four_3_syllable_words,1,trial_41,3,男籽汉,word,y,2026-03-19 21:06:10
four_3_syllable_words,1,trial_41,4,感染源,word,y,2026-03-19 21:06:18
four_3_syllable_words,1,trial_41,cue,染,cue,y,2026-03-19 21:06:21
four_3_syllable_words,2,trial_1,1,排球赛,word,y,2026-03-19 21:06:28
four_3_syllable_words,2,trial_1,2,高血压,word,y,2026-03-19 21:06:35
four_3_syllable_words,2,trial_1,3,价值观,word,y,2026-03-19 21:06:47
four_3_syllable_words,2,trial_1,4,运输车,word,y,2026-03-19 21:06:53
four_3_syllable_words,2,trial_1,cue,车,cue,y,2026-03-19 21:06:57
four_3_syllable_words,2,trial_2,1,暴风雨,word,y,2026-03-19 21:07:02
four_3_syllable_words,2,trial_2,2,接待室,word,y,2026-03-19 21:07:10
four_3_syllable_words,2,trial_2,3,冷空气,word,y,2026-03-19 21:07:14
four_3_syllable_words,2,trial_2,4,传感器,word,y,2026-03-19 21:07:20
four_3_syllable_words,2,trial_2,cue,室,cue,y,2026-03-19 21:07:28
four_3_syllable_words,2,trial_3,1,收银台,word,y,2026-03-19 21:07:35
four_3_syllable_words,2,trial_3,2,耗奇心,word,y,2026-03-19 21:07:42
four_3_syllable_words,2,trial_3,3,连锁店,word,y,2026-03-19 21:07:47
four_3_syllable_words,2,trial_3,4,党中央,word,y,2026-03-19 21:07:57
four_3_syllable_words,2,trial_3,cue,银,cue,y,2026-03-19 21:08:02
four_3_syllable_words,2,trial_4,1,录音机,word,y,2026-03-19 21:08:10
four_3_syllable_words,2,trial_4,2,连锁店,word,y,2026-03-19 21:08:25
four_3_syllable_words,2,trial_4,3,望远镜,word,y,2026-03-19 21:08:42
four_3_syllable_words,2,trial_4,4,教师节,word,y,2026-03-19 21:08:58
four_3_syllable_words,2,trial_4,cue,望,cue,y,2026-03-19 21:09:01
four_3_syllable_words,2,trial_5,1,火车票,word,y,2026-03-19 21:09:13
four_3_syllable_words,2,trial_5,2,招待所,word,y,2026-03-19 21:09:17
four_3_syllable_words,2,trial_5,3,猫头鹰,word,y,2026-03-19 21:09:25
four_3_syllable_words,2,trial_5,4,加工厂,word,y,2026-03-19 21:09:33
four_3_syllable_words,2,trial_5,cue,猫,cue,y,2026-03-19 21:09:40
four_3_syllable_words,2,trial_6,1,天花板,word,y,2026-03-19 21:09:50
four_3_syllable_words,2,trial_6,2,免疫力,word,y,2026-03-19 21:10:00
four_3_syllable_words,2,trial_6,3,绘画展,word,y,2026-03-19 21:10:11
four_3_syllable_words,2,trial_6,4,社会学,word,y,2026-03-19 21:10:20
four_3_syllable_words,2,trial_6,cue,学,cue,y,2026-03-19 21:10:28
four_3_syllable_words,2,trial_7,1,排球赛,word,y,2026-03-19 21:10:42
four_3_syllable_words,2,trial_7,2,创造力,word,y,2026-03-19 21:10:50
four_3_syllable_words,2,trial_7,3,电动车,word,y,2026-03-19 21:10:58
four_3_syllable_words,2,trial_7,4,反动派,word,y,2026-03-19 21:11:04
four_3_syllable_words,2,trial_7,cue,球,cue,y,2026-03-19 21:11:15
four_3_syllable_words,2,trial_8,1,乘务员,word,y,2026-03-19 21:11:21
four_3_syllable_words,2,trial_8,2,广播站,word,y,2026-03-19 21:11:28
four_3_syllable_words,2,trial_8,3,宇航员,word,y,2026-03-19 21:11:33
four_3_syllable_words,2,trial_8,4,交通灯,word,y,2026-03-19 21:11:49
four_3_syllable_words,2,trial_8,cue,务,cue,y,2026-03-19 21:11:57
four_3_syllable_words,2,trial_9,1,录音机,word,y,2026-03-19 21:12:20
four_3_syllable_words,2,trial_9,2,练习册,word,y,2026-03-19 21:12:31
four_3_syllable_words,2,trial_9,3,广播剧,word,y,2026-03-19 21:12:43
four_3_syllable_words,2,trial_9,4,人行道,word,y,2026-03-19 21:12:55
four_3_syllable_words,2,trial_9,cue,广,cue,y,2026-03-19 21:13:01
four_3_syllable_words,2,trial_10,1,技术员,word,y,2026-03-19 21:13:15
four_3_syllable_words,2,trial_10,2,耗奇心,word,y,2026-03-19 21:13:20
four_3_syllable_words,2,trial_10,3,签名册,word,y,2026-03-19 21:13:34
four_3_syllable_words,2,trial_10,4,乘务员,word,y,2026-03-19 21:13:45
four_3_syllable_words,2,trial_10,cue,员,cue,y,2026-03-19 21:13:49
four_3_syllable_words,2,trial_11,1,西红柿,word,y,2026-03-19 21:14:00
four_3_syllable_words,2,trial_11,2,广播站,word,y,2026-03-19 21:14:11
four_3_syllable_words,2,trial_11,3,耗奇心,word,y,2026-03-19 21:14:20
four_3_syllable_words,2,trial_11,4,连锁店,word,y,2026-03-19 21:14:31
four_3_syllable_words,2,trial_11,cue,锁,cue,y,2026-03-19 21:14:35
four_3_syllable_words,2,trial_12,1,消费者,word,y,2026-03-19 21:14:43
four_3_syllable_words,2,trial_12,2,暴风雨,word,y,2026-03-19 21:14:51
four_3_syllable_words,2,trial_12,3,单细胞,word,y,2026-03-19 21:14:57
four_3_syllable_words,2,trial_12,4,同位素,word,y,2026-03-19 21:15:11
four_3_syllable_words,2,trial_12,cue,费,cue,y,2026-03-19 21:15:17
four_3_syllable_words,2,trial_13,1,加工厂,word,y,2026-03-19 21:15:23
four_3_syllable_words,2,trial_13,2,反动派,word,y,2026-03-19 21:15:38
four_3_syllable_words,2,trial_13,3,保温杯,word,y,2026-03-19 21:15:49
four_3_syllable_words,2,trial_13,4,重要性,word,y,2026-03-19 21:16:07
four_3_syllable_words,2,trial_13,cue,反,cue,y,2026-03-19 21:16:14
four_3_syllable_words,2,trial_14,1,自来水,word,y,2026-03-19 21:16:25
four_3_syllable_words,2,trial_14,2,生产线,word,y,2026-03-19 21:16:36
four_3_syllable_words,2,trial_14,3,招待所,word,y,2026-03-19 21:16:46
four_3_syllable_words,2,trial_14,4,责任感,word,y,2026-03-19 21:17:01
four_3_syllable_words,2,trial_14,cue,招,cue,y,2026-03-19 21:17:09
four_3_syllable_words,2,trial_15,1,社会学,word,y,2026-03-19 21:17:16
four_3_syllable_words,2,trial_15,2,运输车,word,y,2026-03-19 21:17:25
four_3_syllable_words,2,trial_15,3,婚姻法,word,y,2026-03-19 21:17:34
four_3_syllable_words,2,trial_15,4,直辖市,word,y,2026-03-19 21:17:39
four_3_syllable_words,2,trial_15,cue,会,cue,y,2026-03-19 21:17:42
four_3_syllable_words,2,trial_16,1,催化剂,word,y,2026-03-19 21:17:48
four_3_syllable_words,2,trial_16,2,主人翁,word,y,2026-03-19 21:17:57
four_3_syllable_words,2,trial_16,3,交通灯,word,y,2026-03-19 21:18:03
four_3_syllable_words,2,trial_16,4,广播站,word,y,2026-03-19 21:18:09
four_3_syllable_words,2,trial_16,cue,翁,cue,y,2026-03-19 21:18:15
four_3_syllable_words,2,trial_17,1,责任感,word,y,2026-03-19 21:18:22
four_3_syllable_words,2,trial_17,2,技术员,word,y,2026-03-19 21:18:30
four_3_syllable_words,2,trial_17,3,招待所,word,y,2026-03-19 21:18:36
four_3_syllable_words,2,trial_17,4,重要性,word,y,2026-03-19 21:18:42
four_3_syllable_words,2,trial_17,cue,重,cue,y,2026-03-19 21:18:45
four_3_syllable_words,2,trial_18,1,自然界,word,y,2026-03-19 21:18:51
four_3_syllable_words,2,trial_18,2,介绍信,word,y,2026-03-19 21:18:58
four_3_syllable_words,2,trial_18,3,障碍物,word,y,2026-03-19 21:19:04
four_3_syllable_words,2,trial_18,4,视网膜,word,y,2026-03-19 21:19:12
four_3_syllable_words,2,trial_18,cue,障,cue,y,2026-03-19 21:19:19
four_3_syllable_words,2,trial_19,1,艺术品,word,y,2026-03-19 21:19:37
four_3_syllable_words,2,trial_19,2,内分泌,word,y,2026-03-19 21:20:06
four_3_syllable_words,2,trial_19,3,菜市场,word,y,2026-03-19 21:20:13
four_3_syllable_words,2,trial_19,4,俱乐部,word,y,2026-03-19 21:20:19
four_3_syllable_words,2,trial_19,cue,内,cue,y,2026-03-19 21:20:22
four_3_syllable_words,2,trial_20,1,面包机,word,y,2026-03-19 21:20:29
four_3_syllable_words,2,trial_20,2,氨基酸,word,y,2026-03-19 21:20:35
four_3_syllable_words,2,trial_20,3,传感器,word,y,2026-03-19 21:20:43
four_3_syllable_words,2,trial_20,4,摄影师,word,y,2026-03-19 21:20:49
four_3_syllable_words,2,trial_20,cue,感,cue,y,2026-03-19 21:20:53
four_3_syllable_words,2,trial_21,1,自然界,word,y,2026-03-19 21:21:00
four_3_syllable_words,2,trial_21,2,传感器,word,y,2026-03-19 21:21:12
four_3_syllable_words,2,trial_21,3,放映厅,word,y,2026-03-19 21:21:28
four_3_syllable_words,2,trial_21,4,金黄色,word,y,2026-03-19 21:21:37
four_3_syllable_words,2,trial_21,cue,界,cue,y,2026-03-19 21:21:41
four_3_syllable_words,2,trial_22,1,冷空气,word,y,2026-03-19 21:21:47
four_3_syllable_words,2,trial_22,2,广播剧,word,y,2026-03-19 21:21:52
four_3_syllable_words,2,trial_22,3,男籽汉,word,y,2026-03-19 21:21:58
four_3_syllable_words,2,trial_22,4,价值观,word,y,2026-03-19 21:22:04
four_3_syllable_words,2,trial_22,cue,剧,cue,y,2026-03-19 21:22:07
four_3_syllable_words,2,trial_23,1,绘画展,word,y,2026-03-19 21:22:15
four_3_syllable_words,2,trial_23,2,同位素,word,y,2026-03-19 21:22:22
four_3_syllable_words,2,trial_23,3,公安局,word,y,2026-03-19 21:22:29
four_3_syllable_words,2,trial_23,4,招待所,word,y,2026-03-19 21:22:37
four_3_syllable_words,2,trial_23,cue,素,cue,y,2026-03-19 21:22:40
four_3_syllable_words,2,trial_24,1,志愿军,word,y,2026-03-19 21:22:46
four_3_syllable_words,2,trial_24,2,金黄色,word,y,2026-03-19 21:22:52
four_3_syllable_words,2,trial_24,3,救护车,word,y,2026-03-19 21:22:56
four_3_syllable_words,2,trial_24,4,放映厅,word,y,2026-03-19 21:23:06
four_3_syllable_words,2,trial_24,cue,映,cue,y,2026-03-19 21:23:11
four_3_syllable_words,2,trial_25,1,穿山甲,word,y,2026-03-19 21:23:20
four_3_syllable_words,2,trial_25,2,参考书,word,y,2026-03-19 21:23:30
four_3_syllable_words,2,trial_25,3,出版社,word,y,2026-03-19 21:23:39
four_3_syllable_words,2,trial_25,4,毕业证,word,y,2026-03-19 21:23:47
four_3_syllable_words,2,trial_25,cue,出,cue,y,2026-03-19 21:24:04
four_3_syllable_words,2,trial_26,1,重要性,word,y,2026-03-19 21:24:11
four_3_syllable_words,2,trial_26,2,奴隶制,word,y,2026-03-19 21:24:21
four_3_syllable_words,2,trial_26,3,太阳能,word,y,2026-03-19 21:24:30
four_3_syllable_words,2,trial_26,4,呼吸道,word,y,2026-03-19 21:24:36
four_3_syllable_words,2,trial_26,cue,阳,cue,y,2026-03-19 21:24:40
four_3_syllable_words,2,trial_27,1,多边形,word,y,2026-03-19 21:24:45
four_3_syllable_words,2,trial_27,2,太阳能,word,y,2026-03-19 21:24:51
four_3_syllable_words,2,trial_27,3,生产线,word,y,2026-03-19 21:24:56
four_3_syllable_words,2,trial_27,4,录取线,word,y,2026-03-19 21:25:03
four_3_syllable_words,2,trial_27,cue,形,cue,y,2026-03-19 21:25:12
four_3_syllable_words,2,trial_28,1,穿山甲,word,y,2026-03-19 21:25:27
four_3_syllable_words,2,trial_28,2,畜牧业,word,y,2026-03-19 21:25:32
four_3_syllable_words,2,trial_28,3,青哨年,word,y,2026-03-19 21:25:38
four_3_syllable_words,2,trial_28,4,摄影师,word,y,2026-03-19 21:25:51
four_3_syllable_words,2,trial_28,cue,畜,cue,y,2026-03-19 21:26:06
four_3_syllable_words,2,trial_29,1,西红柿,word,y,2026-03-19 21:26:14
four_3_syllable_words,2,trial_29,2,神经元,word,y,2026-03-19 21:26:20
four_3_syllable_words,2,trial_29,3,太阳能,word,y,2026-03-19 21:26:24
four_3_syllable_words,2,trial_29,4,气象站,word,y,2026-03-19 21:26:30
four_3_syllable_words,2,trial_29,cue,神,cue,y,2026-03-19 21:26:33
four_3_syllable_words,2,trial_30,1,儿童节,word,y,2026-03-19 21:26:41
four_3_syllable_words,2,trial_30,2,营业员,word,y,2026-03-19 21:26:46
four_3_syllable_words,2,trial_30,3,生产线,word,y,2026-03-19 21:26:56
four_3_syllable_words,2,trial_30,4,穿山甲,word,y,2026-03-19 21:27:04
four_3_syllable_words,2,trial_30,cue,童,cue,y,2026-03-19 21:27:19
four_3_syllable_words,2,trial_31,1,建筑师,word,y,2026-03-19 21:27:37
four_3_syllable_words,2,trial_31,2,录取线,word,y,2026-03-19 21:27:43
four_3_syllable_words,2,trial_31,3,图书馆,word,y,2026-03-19 21:27:49
four_3_syllable_words,2,trial_31,4,练习册,word,y,2026-03-19 21:27:56
four_3_syllable_words,2,trial_31,cue,线,cue,y,2026-03-19 21:28:02
four_3_syllable_words,2,trial_32,1,广播站,word,y,2026-03-19 21:28:12
four_3_syllable_words,2,trial_32,2,绘画展,word,y,2026-03-19 21:28:19
four_3_syllable_words,2,trial_32,3,高利贷,word,y,2026-03-19 21:28:25
four_3_syllable_words,2,trial_32,4,马铃薯,word,y,2026-03-19 21:28:31
four_3_syllable_words,2,trial_32,cue,铃,cue,y,2026-03-19 21:28:33
four_3_syllable_words,2,trial_33,1,高血压,word,y,2026-03-19 21:28:39
four_3_syllable_words,2,trial_33,2,广播剧,word,y,2026-03-19 21:28:45
four_3_syllable_words,2,trial_33,3,广播站,word,y,2026-03-19 21:28:51
four_3_syllable_words,2,trial_33,4,农业社,word,y,2026-03-19 21:28:57
four_3_syllable_words,2,trial_33,cue,社,cue,y,2026-03-19 21:28:59
four_3_syllable_words,2,trial_34,1,农业社,word,y,2026-03-19 21:29:11
four_3_syllable_words,2,trial_34,2,建筑师,word,y,2026-03-19 21:29:21
four_3_syllable_words,2,trial_34,3,气象站,word,y,2026-03-19 21:29:27
four_3_syllable_words,2,trial_34,4,科学馆,word,y,2026-03-19 21:29:33
four_3_syllable_words,2,trial_34,cue,象,cue,y,2026-03-19 21:29:37
four_3_syllable_words,2,trial_35,1,毕业证,word,y,2026-03-19 21:29:44
four_3_syllable_words,2,trial_35,2,铁矿石,word,y,2026-03-19 21:29:49
four_3_syllable_words,2,trial_35,3,新闻稿,word,y,2026-03-19 21:30:06
four_3_syllable_words,2,trial_35,4,普通话,word,y,2026-03-19 21:30:14
four_3_syllable_words,2,trial_35,cue,石,cue,y,2026-03-19 21:30:18
four_3_syllable_words,2,trial_36,1,摄影师,word,y,2026-03-19 21:30:37
four_3_syllable_words,2,trial_36,2,呼吸道,word,y,2026-03-19 21:30:45
four_3_syllable_words,2,trial_36,3,收银台,word,y,2026-03-19 21:30:55
four_3_syllable_words,2,trial_36,4,婚姻法,word,y,2026-03-19 21:31:02
four_3_syllable_words,2,trial_36,cue,法,cue,y,2026-03-19 21:31:05
four_3_syllable_words,2,trial_37,1,会议室,word,y,2026-03-19 21:31:11
four_3_syllable_words,2,trial_37,2,核电站,word,y,2026-03-19 21:31:21
four_3_syllable_words,2,trial_37,3,交响悦,word,y,2026-03-19 21:31:29
four_3_syllable_words,2,trial_37,4,马铃薯,word,y,2026-03-19 21:31:40
four_3_syllable_words,2,trial_37,cue,站,cue,y,2026-03-19 21:31:43
four_3_syllable_words,2,trial_38,1,救护车,word,y,2026-03-19 21:31:56
four_3_syllable_words,2,trial_38,2,单细胞,word,y,2026-03-19 21:32:03
four_3_syllable_words,2,trial_38,3,民主党,word,y,2026-03-19 21:32:09
four_3_syllable_words,2,trial_38,4,爆破队,word,y,2026-03-19 21:32:16
four_3_syllable_words,2,trial_38,cue,胞,cue,y,2026-03-19 21:32:20
four_3_syllable_words,2,trial_39,1,国务院,word,y,2026-03-19 21:32:26
four_3_syllable_words,2,trial_39,2,绘画展,word,y,2026-03-19 21:32:45
four_3_syllable_words,2,trial_39,3,自来水,word,y,2026-03-19 21:32:51
four_3_syllable_words,2,trial_39,4,鼓风机,word,y,2026-03-19 21:33:04
four_3_syllable_words,2,trial_39,cue,风,cue,y,2026-03-19 21:33:09
four_3_syllable_words,2,trial_40,1,工艺品,word,y,2026-03-19 21:33:16
four_3_syllable_words,2,trial_40,2,方程式,word,y,2026-03-19 21:33:20
four_3_syllable_words,2,trial_40,3,创造力,word,y,2026-03-19 21:33:25
four_3_syllable_words,2,trial_40,4,动物园,word,y,2026-03-19 21:33:30
four_3_syllable_words,2,trial_40,cue,品,cue,y,2026-03-19 21:33:36
four_3_syllable_words,2,trial_41,1,抗生素,word,y,2026-03-19 21:33:43
four_3_syllable_words,2,trial_41,2,婚姻法,word,y,2026-03-19 21:33:48
four_3_syllable_words,2,trial_41,3,魔术师,word,y,2026-03-19 21:34:04
four_3_syllable_words,2,trial_41,4,放映厅,word,y,2026-03-19 21:34:15
four_3_syllable_words,2,trial_41,cue,素,cue,y,2026-03-19 21:34:34
four_3_syllable_words,3,trial_1,1,纪念碑,word,y,2026-03-19 21:34:40
four_3_syllable_words,3,trial_1,2,运输车,word,y,2026-03-19 21:34:45
four_3_syllable_words,3,trial_1,3,笔记本,word,y,2026-03-19 21:34:50
four_3_syllable_words,3,trial_1,4,图书馆,word,y,2026-03-19 21:34:58
four_3_syllable_words,3,trial_1,cue,碑,cue,y,2026-03-19 21:35:07
four_3_syllable_words,3,trial_2,1,同位素,word,y,2026-03-19 21:35:16
four_3_syllable_words,3,trial_2,2,相对论,word,y,2026-03-19 21:35:22
four_3_syllable_words,3,trial_2,3,签名册,word,y,2026-03-19 21:36:12
four_3_syllable_words,3,trial_2,4,天花板,word,y,2026-03-19 21:36:21
four_3_syllable_words,3,trial_2,cue,天,cue,y,2026-03-19 21:36:25
four_3_syllable_words,3,trial_3,1,营业员,word,y,2026-03-19 21:36:36
four_3_syllable_words,3,trial_3,2,太阳能,word,y,2026-03-19 21:36:46
four_3_syllable_words,3,trial_3,3,神经元,word,y,2026-03-19 21:36:56
four_3_syllable_words,3,trial_3,4,责任感,word,y,2026-03-19 21:37:02
four_3_syllable_words,3,trial_3,cue,业,cue,y,2026-03-19 21:37:26
four_3_syllable_words,3,trial_4,1,紫外线,word,y,2026-03-19 21:37:32
four_3_syllable_words,3,trial_4,2,煤气灶,word,y,2026-03-19 21:37:38
four_3_syllable_words,3,trial_4,3,创造力,word,y,2026-03-19 21:38:01
four_3_syllable_words,3,trial_4,4,铁矿石,word,y,2026-03-19 21:38:11
four_3_syllable_words,3,trial_4,cue,铁,cue,y,2026-03-19 21:38:15
four_3_syllable_words,3,trial_5,1,消费者,word,y,2026-03-19 21:38:32
four_3_syllable_words,3,trial_5,2,代表团,word,y,2026-03-19 21:38:44
four_3_syllable_words,3,trial_5,3,补习班,word,y,2026-03-19 21:38:48
four_3_syllable_words,3,trial_5,4,打字员,word,y,2026-03-19 21:38:54
four_3_syllable_words,3,trial_5,cue,团,cue,y,2026-03-19 21:39:01
four_3_syllable_words,3,trial_6,1,高血压,word,y,2026-03-19 21:39:05
four_3_syllable_words,3,trial_6,2,视网膜,word,y,2026-03-19 21:39:10
four_3_syllable_words,3,trial_6,3,男籽汉,word,y,2026-03-19 21:39:15
four_3_syllable_words,3,trial_6,4,催化剂,word,y,2026-03-19 21:39:20
four_3_syllable_words,3,trial_6,cue,催,cue,y,2026-03-19 21:39:24
four_3_syllable_words,3,trial_7,1,黑板报,word,y,2026-03-19 21:39:37
four_3_syllable_words,3,trial_7,2,接待室,word,y,2026-03-19 21:39:47
four_3_syllable_words,3,trial_7,3,参谋掌,word,y,2026-03-19 21:39:55
four_3_syllable_words,3,trial_7,4,出版社,word,y,2026-03-19 21:40:19
four_3_syllable_words,3,trial_7,cue,社,cue,y,2026-03-19 21:40:23
four_3_syllable_words,3,trial_8,1,幼儿园,word,y,2026-03-19 21:40:33
four_3_syllable_words,3,trial_8,2,留学生,word,y,2026-03-19 21:40:52
four_3_syllable_words,3,trial_8,3,宇航员,word,y,2026-03-19 21:41:03
four_3_syllable_words,3,trial_8,4,招待所,word,y,2026-03-19 21:41:11
four_3_syllable_words,3,trial_8,cue,生,cue,y,2026-03-19 21:41:16
four_3_syllable_words,3,trial_9,1,练习册,word,y,2026-03-19 21:41:22
four_3_syllable_words,3,trial_9,2,签名册,word,y,2026-03-19 21:41:39
four_3_syllable_words,3,trial_9,3,猫头鹰,word,y,2026-03-19 21:41:54
four_3_syllable_words,3,trial_9,4,广播站,word,y,2026-03-19 21:42:01
four_3_syllable_words,3,trial_9,cue,广,cue,y,2026-03-19 21:42:04
four_3_syllable_words,3,trial_10,1,核电站,word,y,2026-03-19 21:42:12
four_3_syllable_words,3,trial_10,2,葡萄糖,word,y,2026-03-19 21:42:18
four_3_syllable_words,3,trial_10,3,金黄色,word,y,2026-03-19 21:42:25
four_3_syllable_words,3,trial_10,4,暴风雨,word,y,2026-03-19 21:42:39
four_3_syllable_words,3,trial_10,cue,黄,cue,y,2026-03-19 21:42:52
four_3_syllable_words,3,trial_11,1,保温杯,word,y,2026-03-19 21:43:09
four_3_syllable_words,3,trial_11,2,男籽汉,word,y,2026-03-19 21:43:23
four_3_syllable_words,3,trial_11,3,副作用,word,y,2026-03-19 21:44:02
four_3_syllable_words,3,trial_11,4,化妆品,word,y,2026-03-19 21:44:11
four_3_syllable_words,3,trial_11,cue,男,cue,y,2026-03-19 21:44:29
four_3_syllable_words,3,trial_12,1,俱乐部,word,y,2026-03-19 21:44:53
four_3_syllable_words,3,trial_12,2,艺术品,word,y,2026-03-19 21:45:00
four_3_syllable_words,3,trial_12,3,救护车,word,y,2026-03-19 21:45:12
four_3_syllable_words,3,trial_12,4,代表团,word,y,2026-03-19 21:45:24
four_3_syllable_words,3,trial_12,cue,护,cue,y,2026-03-19 21:45:47
four_3_syllable_words,3,trial_13,1,运输车,word,y,2026-03-19 21:45:57
four_3_syllable_words,3,trial_13,2,婚姻法,word,y,2026-03-19 21:46:08
four_3_syllable_words,3,trial_13,3,多边形,word,y,2026-03-19 21:46:26
four_3_syllable_words,3,trial_13,4,志愿军,word,y,2026-03-19 21:46:42
four_3_syllable_words,3,trial_13,cue,边,cue,y,2026-03-19 21:47:07
four_3_syllable_words,3,trial_14,1,保险箱,word,y,2026-03-19 21:47:13
four_3_syllable_words,3,trial_14,2,写字台,word,y,2026-03-19 21:47:21
four_3_syllable_words,3,trial_14,3,自来水,word,y,2026-03-19 21:47:26
four_3_syllable_words,3,trial_14,4,同位素,word,y,2026-03-19 21:47:33
four_3_syllable_words,3,trial_14,cue,位,cue,y,2026-03-19 21:47:37
four_3_syllable_words,3,trial_15,1,高利贷,word,y,2026-03-19 21:47:45
four_3_syllable_words,3,trial_15,2,奴隶制,word,y,2026-03-19 21:47:53
four_3_syllable_words,3,trial_15,3,航天员,word,y,2026-03-19 21:47:58
four_3_syllable_words,3,trial_15,4,传叫士,word,y,2026-03-19 21:48:05
four_3_syllable_words,3,trial_15,cue,利,cue,y,2026-03-19 21:48:09
four_3_syllable_words,3,trial_16,1,灵敏度,word,y,2026-03-19 21:48:17
four_3_syllable_words,3,trial_16,2,绘画展,word,y,2026-03-19 21:48:23
four_3_syllable_words,3,trial_16,3,西红柿,word,y,2026-03-19 21:48:33
four_3_syllable_words,3,trial_16,4,救护车,word,y,2026-03-19 21:48:38
four_3_syllable_words,3,trial_16,cue,红,cue,y,2026-03-19 21:48:42
four_3_syllable_words,3,trial_17,1,志愿军,word,y,2026-03-19 21:48:47
four_3_syllable_words,3,trial_17,2,呼吸道,word,y,2026-03-19 21:48:53
four_3_syllable_words,3,trial_17,3,望远镜,word,y,2026-03-19 21:49:05
four_3_syllable_words,3,trial_17,4,消费者,word,y,2026-03-19 21:49:10
four_3_syllable_words,3,trial_17,cue,道,cue,y,2026-03-19 21:49:12
four_3_syllable_words,3,trial_18,1,研究生,word,y,2026-03-19 21:49:17
four_3_syllable_words,3,trial_18,2,玻璃杯,word,y,2026-03-19 21:49:22
four_3_syllable_words,3,trial_18,3,主人翁,word,y,2026-03-19 21:49:41
four_3_syllable_words,3,trial_18,4,抗生素,word,y,2026-03-19 21:49:55
four_3_syllable_words,3,trial_18,cue,抗,cue,y,2026-03-19 21:50:10
four_3_syllable_words,3,trial_19,1,航天员,word,y,2026-03-19 21:50:16
four_3_syllable_words,3,trial_19,2,设计图,word,n,2026-03-19 21:50:26
four_3_syllable_words,3,trial_19,3,玻璃杯,word,y,2026-03-19 21:50:31
four_3_syllable_words,3,trial_19,4,收音机,word,y,2026-03-19 21:50:36
four_3_syllable_words,3,trial_19,cue,机,cue,y,2026-03-19 21:50:47
four_3_syllable_words,3,trial_20,1,农业社,word,y,2026-03-19 21:50:52
four_3_syllable_words,3,trial_20,2,鼓风机,word,y,2026-03-19 21:50:59
four_3_syllable_words,3,trial_20,3,理工科,word,y,2026-03-19 21:51:07
four_3_syllable_words,3,trial_20,4,录取线,word,y,2026-03-19 21:51:17
four_3_syllable_words,3,trial_20,cue,录,cue,y,2026-03-19 21:51:25
four_3_syllable_words,3,trial_21,1,交响悦,word,y,2026-03-19 21:51:53
four_3_syllable_words,3,trial_21,2,免税店,word,y,2026-03-19 21:52:00
four_3_syllable_words,3,trial_21,3,视网膜,word,y,2026-03-19 21:52:10
four_3_syllable_words,3,trial_21,4,科学馆,word,y,2026-03-19 21:52:21
four_3_syllable_words,3,trial_21,cue,网,cue,y,2026-03-19 21:52:29
four_3_syllable_words,3,trial_22,1,气象站,word,y,2026-03-19 21:52:38
four_3_syllable_words,3,trial_22,2,放映厅,word,y,2026-03-19 21:52:45
four_3_syllable_words,3,trial_22,3,锦标赛,word,y,2026-03-19 21:52:55
four_3_syllable_words,3,trial_22,4,催化剂,word,y,2026-03-19 21:53:05
four_3_syllable_words,3,trial_22,cue,站,cue,y,2026-03-19 21:53:10
four_3_syllable_words,3,trial_23,1,面包机,word,y,2026-03-19 21:53:17
four_3_syllable_words,3,trial_23,2,灵敏度,word,y,2026-03-19 21:53:31
four_3_syllable_words,3,trial_23,3,锦标赛,word,y,2026-03-19 21:53:41
four_3_syllable_words,3,trial_23,4,免税店,word,y,2026-03-19 21:54:26
four_3_syllable_words,3,trial_23,cue,灵,cue,y,2026-03-19 21:54:34
four_3_syllable_words,3,trial_24,1,创造力,word,y,2026-03-19 21:54:48
four_3_syllable_words,3,trial_24,2,自然界,word,y,2026-03-19 21:55:07
four_3_syllable_words,3,trial_24,3,公安局,word,y,2026-03-19 21:55:14
four_3_syllable_words,3,trial_24,4,普通话,word,y,2026-03-19 21:55:20
four_3_syllable_words,3,trial_24,cue,普,cue,y,2026-03-19 21:55:25
four_3_syllable_words,3,trial_25,1,录音机,word,y,2026-03-19 21:55:55
four_3_syllable_words,3,trial_25,2,免税店,word,y,2026-03-19 21:57:06
four_3_syllable_words,3,trial_25,3,电动车,word,y,2026-03-19 21:57:21
four_3_syllable_words,3,trial_25,4,广播站,word,y,2026-03-19 21:57:47
four_3_syllable_words,3,trial_25,cue,音,cue,y,2026-03-19 21:57:52
four_3_syllable_words,3,trial_26,1,护理员,word,y,2026-03-19 21:57:58
four_3_syllable_words,3,trial_26,2,乘务员,word,y,2026-03-19 21:58:22
four_3_syllable_words,3,trial_26,3,乒乓球,word,y,2026-03-19 21:58:32
four_3_syllable_words,3,trial_26,4,打字员,word,y,2026-03-19 21:58:40
four_3_syllable_words,3,trial_26,cue,员,cue,y,2026-03-19 21:58:53
four_3_syllable_words,3,trial_27,1,旅游团,word,y,2026-03-19 21:59:00
four_3_syllable_words,3,trial_27,2,同位素,word,y,2026-03-19 21:59:08
four_3_syllable_words,3,trial_27,3,民主党,word,y,2026-03-19 21:59:14
four_3_syllable_words,3,trial_27,4,国务院,word,y,2026-03-19 21:59:21
four_3_syllable_words,3,trial_27,cue,同,cue,y,2026-03-19 21:59:48
four_3_syllable_words,3,trial_28,1,写字台,word,y,2026-03-19 22:00:08
four_3_syllable_words,3,trial_28,2,储蓄卡,word,y,2026-03-19 22:00:14
four_3_syllable_words,3,trial_28,3,广告牌,word,y,2026-03-19 22:00:20
four_3_syllable_words,3,trial_28,4,创造力,word,y,2026-03-19 22:00:25
four_3_syllable_words,3,trial_28,cue,广,cue,y,2026-03-19 22:00:32
four_3_syllable_words,3,trial_29,1,火车票,word,y,2026-03-19 22:00:36
four_3_syllable_words,3,trial_29,2,摄影师,word,y,2026-03-19 22:00:40
four_3_syllable_words,3,trial_29,3,马铃薯,word,y,2026-03-19 22:00:45
four_3_syllable_words,3,trial_29,4,青哨年,word,y,2026-03-19 22:00:50
four_3_syllable_words,3,trial_29,cue,车,cue,y,2026-03-19 22:00:53
four_3_syllable_words,3,trial_30,1,煤气灶,word,y,2026-03-19 22:00:58
four_3_syllable_words,3,trial_30,2,党中央,word,y,2026-03-19 22:01:02
four_3_syllable_words,3,trial_30,3,催化剂,word,y,2026-03-19 22:01:07
four_3_syllable_words,3,trial_30,4,广播站,word,y,2026-03-19 22:01:11
four_3_syllable_words,3,trial_30,cue,化,cue,y,2026-03-20 15:50:46
four_3_syllable_words,3,trial_31,1,责任感,word,y,2026-03-20 15:50:52
four_3_syllable_words,3,trial_31,2,儿童节,word,y,2026-03-20 15:50:59
four_3_syllable_words,3,trial_31,3,气象站,word,y,2026-03-20 15:51:05
four_3_syllable_words,3,trial_31,4,进行曲,word,y,2026-03-20 15:51:14
four_3_syllable_words,3,trial_31,cue,节,cue,y,2026-03-20 15:51:18
four_3_syllable_words,3,trial_32,1,穿山甲,word,y,2026-03-20 15:51:25
four_3_syllable_words,3,trial_32,2,消费者,word,y,2026-03-20 15:51:42
four_3_syllable_words,3,trial_32,3,神经元,word,y,2026-03-20 15:51:47
four_3_syllable_words,3,trial_32,4,俱乐部,word,y,2026-03-20 15:51:53
four_3_syllable_words,3,trial_32,cue,山,cue,y,2026-03-20 15:52:00
four_3_syllable_words,3,trial_33,1,储蓄卡,word,y,2026-03-20 15:52:07
four_3_syllable_words,3,trial_33,2,乒乓球,word,y,2026-03-20 15:52:18
four_3_syllable_words,3,trial_33,3,免税店,word,y,2026-03-20 15:52:24
four_3_syllable_words,3,trial_33,4,计算题,word,y,2026-03-20 15:52:30
four_3_syllable_words,3,trial_33,cue,免,cue,y,2026-03-20 15:52:36
four_3_syllable_words,3,trial_34,1,神经元,word,y,2026-03-20 15:52:43
four_3_syllable_words,3,trial_34,2,党中央,word,y,2026-03-20 15:52:55
four_3_syllable_words,3,trial_34,3,抗生素,word,y,2026-03-20 15:53:02
four_3_syllable_words,3,trial_34,4,连锁店,word,y,2026-03-20 15:53:11
four_3_syllable_words,3,trial_34,cue,连,cue,y,2026-03-20 15:53:18
four_3_syllable_words,3,trial_35,1,金黄色,word,y,2026-03-20 15:53:29
four_3_syllable_words,3,trial_35,2,魔术师,word,y,2026-03-20 15:53:43
four_3_syllable_words,3,trial_35,3,感染源,word,y,2026-03-20 15:53:49
four_3_syllable_words,3,trial_35,4,天花板,word,y,2026-03-20 15:53:56
four_3_syllable_words,3,trial_35,cue,师,cue,y,2026-03-20 15:54:04
four_3_syllable_words,3,trial_36,1,责任感,word,y,2026-03-20 15:54:14
four_3_syllable_words,3,trial_36,2,连锁店,word,y,2026-03-20 15:54:22
four_3_syllable_words,3,trial_36,3,办事处,word,y,2026-03-20 15:54:29
four_3_syllable_words,3,trial_36,4,电冰箱,word,y,2026-03-20 15:54:37
four_3_syllable_words,3,trial_36,cue,冰,cue,y,2026-03-20 15:54:40
four_3_syllable_words,3,trial_37,1,蒸馏水,word,y,2026-03-20 15:54:47
four_3_syllable_words,3,trial_37,2,人行道,word,y,2026-03-20 15:54:54
four_3_syllable_words,3,trial_37,3,放大镜,word,y,2026-03-20 15:55:00
four_3_syllable_words,3,trial_37,4,旅游团,word,y,2026-03-20 15:55:14
four_3_syllable_words,3,trial_37,cue,放,cue,y,2026-03-20 15:55:19
four_3_syllable_words,3,trial_38,1,创造力,word,y,2026-03-20 15:55:26
four_3_syllable_words,3,trial_38,2,技术员,word,y,2026-03-20 15:55:35
four_3_syllable_words,3,trial_38,3,图书馆,word,y,2026-03-20 15:55:44
four_3_syllable_words,3,trial_38,4,办事处,word,y,2026-03-20 15:55:53
four_3_syllable_words,3,trial_38,cue,员,cue,y,2026-03-20 15:55:59
four_3_syllable_words,3,trial_39,1,进行曲,word,y,2026-03-20 15:56:04
four_3_syllable_words,3,trial_39,2,蒸馏水,word,y,2026-03-20 15:56:13
four_3_syllable_words,3,trial_39,3,西红柿,word,y,2026-03-20 15:56:20
four_3_syllable_words,3,trial_39,4,传感器,word,y,2026-03-20 15:56:28
four_3_syllable_words,3,trial_39,cue,传,cue,y,2026-03-20 15:56:37
four_3_syllable_words,3,trial_40,1,金黄色,word,y,2026-03-20 15:56:43
four_3_syllable_words,3,trial_40,2,图书馆,word,y,2026-03-20 15:56:51
four_3_syllable_words,3,trial_40,3,公安局,word,y,2026-03-20 15:56:59
four_3_syllable_words,3,trial_40,4,会议室,word,y,2026-03-20 15:57:07
four_3_syllable_words,3,trial_40,cue,室,cue,y,2026-03-20 15:57:09
four_3_syllable_words,3,trial_41,1,煤气灶,word,y,2026-03-20 15:57:15
four_3_syllable_words,3,trial_41,2,奴隶制,word,y,2026-03-20 15:57:21
four_3_syllable_words,3,trial_41,3,合唱团,word,y,2026-03-20 15:57:35
four_3_syllable_words,3,trial_41,4,玻璃杯,word,y,2026-03-20 15:57:40
four_3_syllable_words,3,trial_41,cue,灶,cue,y,2026-03-20 15:57:43
four_3_syllable_words,4,trial_1,1,交响悦,word,y,2026-03-20 15:57:51
four_3_syllable_words,4,trial_1,2,科学馆,word,y,2026-03-20 15:57:59
four_3_syllable_words,4,trial_1,3,航天员,word,y,2026-03-20 15:58:08
four_3_syllable_words,4,trial_1,4,冷空气,word,y,2026-03-20 15:58:14
four_3_syllable_words,4,trial_1,cue,科,cue,y,2026-03-20 15:58:17
four_3_syllable_words,4,trial_2,1,收音机,word,y,2026-03-20 15:58:24
four_3_syllable_words,4,trial_2,2,合唱团,word,y,2026-03-20 15:58:30
four_3_syllable_words,4,trial_2,3,相对论,word,y,2026-03-20 15:58:36
four_3_syllable_words,4,trial_2,4,变压器,word,y,2026-03-20 15:58:45
four_3_syllable_words,4,trial_2,cue,音,cue,y,2026-03-20 15:58:51
four_3_syllable_words,4,trial_3,1,病原体,word,y,2026-03-20 15:58:58
four_3_syllable_words,4,trial_3,2,连锁店,word,y,2026-03-20 15:59:05
four_3_syllable_words,4,trial_3,3,传叫士,word,y,2026-03-20 15:59:13
four_3_syllable_words,4,trial_3,4,会议室,word,y,2026-03-20 15:59:24
four_3_syllable_words,4,trial_3,cue,会,cue,y,2026-03-20 15:59:28
four_3_syllable_words,4,trial_4,1,单细胞,word,y,2026-03-20 15:59:36
four_3_syllable_words,4,trial_4,2,民主党,word,y,2026-03-20 15:59:41
four_3_syllable_words,4,trial_4,3,教师节,word,y,2026-03-20 15:59:49
four_3_syllable_words,4,trial_4,4,灵敏度,word,y,2026-03-20 16:00:02
four_3_syllable_words,4,trial_4,cue,党,cue,y,2026-03-20 16:00:06
four_3_syllable_words,4,trial_5,1,化妆品,word,y,2026-03-20 16:00:12
four_3_syllable_words,4,trial_5,2,乒乓球,word,y,2026-03-20 16:00:20
four_3_syllable_words,4,trial_5,3,超声波,word,y,2026-03-20 16:00:26
four_3_syllable_words,4,trial_5,4,储蓄卡,word,y,2026-03-20 16:00:33
four_3_syllable_words,4,trial_5,cue,乒,cue,y,2026-03-20 16:00:37
four_3_syllable_words,4,trial_6,1,工艺品,word,y,2026-03-20 16:00:43
four_3_syllable_words,4,trial_6,2,护理员,word,y,2026-03-20 16:00:48
four_3_syllable_words,4,trial_6,3,保险箱,word,y,2026-03-20 16:00:56
four_3_syllable_words,4,trial_6,4,排球赛,word,y,2026-03-20 16:01:03
four_3_syllable_words,4,trial_6,cue,赛,cue,y,2026-03-20 16:01:05
four_3_syllable_words,4,trial_7,1,人行道,word,y,2026-03-20 16:01:12
four_3_syllable_words,4,trial_7,2,进行曲,word,n,2026-03-20 16:01:19
four_3_syllable_words,4,trial_7,3,民主党,word,y,2026-03-20 16:01:26
four_3_syllable_words,4,trial_7,4,技术员,word,y,2026-03-20 16:01:33
four_3_syllable_words,4,trial_7,cue,道,cue,y,2026-03-20 16:01:36
four_3_syllable_words,4,trial_8,1,障碍物,word,y,2026-03-20 16:01:42
four_3_syllable_words,4,trial_8,2,联合国,word,y,2026-03-20 16:01:49
four_3_syllable_words,4,trial_8,3,魔术师,word,y,2026-03-20 16:01:55
four_3_syllable_words,4,trial_8,4,动物园,word,y,2026-03-20 16:02:02
four_3_syllable_words,4,trial_8,cue,国,cue,y,2026-03-20 16:02:05
four_3_syllable_words,4,trial_9,1,研究生,word,y,2026-03-20 16:02:12
four_3_syllable_words,4,trial_9,2,银河系,word,y,2026-03-20 16:02:19
four_3_syllable_words,4,trial_9,3,科学馆,word,y,2026-03-20 16:02:26
four_3_syllable_words,4,trial_9,4,荧光屏,word,y,2026-03-20 16:02:32
four_3_syllable_words,4,trial_9,cue,光,cue,y,2026-03-20 16:02:35
four_3_syllable_words,4,trial_10,1,蒸馏水,word,y,2026-03-20 16:02:42
four_3_syllable_words,4,trial_10,2,加工厂,word,y,2026-03-20 16:02:48
four_3_syllable_words,4,trial_10,3,乘务员,word,y,2026-03-20 16:02:55
four_3_syllable_words,4,trial_10,4,留学生,word,y,2026-03-20 16:03:03
four_3_syllable_words,4,trial_10,cue,留,cue,y,2026-03-20 16:03:06
four_3_syllable_words,4,trial_11,1,动物园,word,y,2026-03-20 16:03:12
four_3_syllable_words,4,trial_11,2,党中央,word,y,2026-03-20 16:03:27
four_3_syllable_words,4,trial_11,3,参考书,word,y,2026-03-20 16:03:35
four_3_syllable_words,4,trial_11,4,消费者,word,y,2026-03-20 16:03:41
four_3_syllable_words,4,trial_11,cue,园,cue,y,2026-03-20 16:03:46
four_3_syllable_words,4,trial_12,1,荧光屏,word,n,2026-03-20 16:03:52
four_3_syllable_words,4,trial_12,2,实验室,word,y,2026-03-20 16:04:00
four_3_syllable_words,4,trial_12,3,人行道,word,y,2026-03-20 16:04:07
four_3_syllable_words,4,trial_12,4,魔术师,word,y,2026-03-20 16:04:13
four_3_syllable_words,4,trial_12,cue,室,cue,y,2026-03-20 16:04:17
four_3_syllable_words,4,trial_13,1,留学生,word,y,2026-03-20 16:04:24
four_3_syllable_words,4,trial_13,2,反动派,word,y,2026-03-20 16:04:30
four_3_syllable_words,4,trial_13,3,新闻稿,word,y,2026-03-20 16:04:40
four_3_syllable_words,4,trial_13,4,铁矿石,word,y,2026-03-20 16:04:49
four_3_syllable_words,4,trial_13,cue,矿,cue,y,2026-03-20 16:04:52
four_3_syllable_words,4,trial_14,1,魔术师,word,y,2026-03-20 16:04:59
four_3_syllable_words,4,trial_14,2,接待室,word,y,2026-03-20 16:05:05
four_3_syllable_words,4,trial_14,3,志愿军,word,y,2026-03-20 16:05:16
four_3_syllable_words,4,trial_14,4,传感器,word,y,2026-03-20 16:05:23
four_3_syllable_words,4,trial_14,cue,术,cue,y,2026-03-20 16:05:29
four_3_syllable_words,4,trial_15,1,副作用,word,y,2026-03-20 16:05:37
four_3_syllable_words,4,trial_15,2,自来水,word,y,2026-03-20 16:05:47
four_3_syllable_words,4,trial_15,3,录取线,word,y,2026-03-20 16:05:55
four_3_syllable_words,4,trial_15,4,冷空气,word,y,2026-03-20 16:06:07
four_3_syllable_words,4,trial_15,cue,水,cue,y,2026-03-20 16:06:14
four_3_syllable_words,4,trial_16,1,火车票,word,y,2026-03-20 16:06:22
four_3_syllable_words,4,trial_16,2,发动机,word,y,2026-03-20 16:06:35
four_3_syllable_words,4,trial_16,3,穿山甲,word,y,2026-03-20 16:06:42
four_3_syllable_words,4,trial_16,4,检察官,word,y,2026-03-20 16:06:50
four_3_syllable_words,4,trial_16,cue,穿,cue,y,2026-03-20 16:06:58
four_3_syllable_words,4,trial_17,1,单细胞,word,y,2026-03-20 16:07:07
four_3_syllable_words,4,trial_17,2,销售额,word,y,2026-03-20 16:07:15
four_3_syllable_words,4,trial_17,3,宇航员,word,y,2026-03-20 16:07:23
four_3_syllable_words,4,trial_17,4,望远镜,word,y,2026-03-20 16:07:30
four_3_syllable_words,4,trial_17,cue,镜,cue,y,2026-03-20 16:07:36
four_3_syllable_words,4,trial_18,1,超声波,word,y,2026-03-20 16:07:52
four_3_syllable_words,4,trial_18,2,录取线,word,y,2026-03-20 16:07:58
four_3_syllable_words,4,trial_18,3,图书馆,word,y,2026-03-20 16:08:05
four_3_syllable_words,4,trial_18,4,广告牌,word,y,2026-03-20 16:08:12
four_3_syllable_words,4,trial_18,cue,告,cue,y,2026-03-20 16:08:16
four_3_syllable_words,4,trial_19,1,工艺品,word,y,2026-03-20 16:08:24
four_3_syllable_words,4,trial_19,2,生产线,word,y,2026-03-20 16:08:36
four_3_syllable_words,4,trial_19,3,畜牧业,word,y,2026-03-20 16:08:42
four_3_syllable_words,4,trial_19,4,煤气灶,word,y,2026-03-20 16:08:51
four_3_syllable_words,4,trial_19,cue,煤,cue,y,2026-03-20 16:08:55
four_3_syllable_words,4,trial_20,1,会议室,word,y,2026-03-20 16:09:01
four_3_syllable_words,4,trial_20,2,检察官,word,y,2026-03-20 16:09:08
four_3_syllable_words,4,trial_20,3,俱乐部,word,y,2026-03-20 16:09:16
four_3_syllable_words,4,trial_20,4,收音机,word,y,2026-03-20 16:09:23
four_3_syllable_words,4,trial_20,cue,俱,cue,y,2026-03-20 16:09:26
four_3_syllable_words,4,trial_21,1,神经元,word,y,2026-03-20 16:09:32
four_3_syllable_words,4,trial_21,2,责任感,word,y,2026-03-20 16:09:41
four_3_syllable_words,4,trial_21,3,灵敏度,word,n,2026-03-20 16:09:48
four_3_syllable_words,4,trial_21,4,铁矿石,word,y,2026-03-20 16:09:57
four_3_syllable_words,4,trial_21,cue,感,cue,y,2026-03-20 16:10:05
four_3_syllable_words,4,trial_22,1,青哨年,word,y,2026-03-20 16:10:14
four_3_syllable_words,4,trial_22,2,收音机,word,y,2026-03-20 16:10:23
four_3_syllable_words,4,trial_22,3,广播剧,word,y,2026-03-20 16:10:29
four_3_syllable_words,4,trial_22,4,障碍物,word,y,2026-03-20 16:10:38
four_3_syllable_words,4,trial_22,cue,物,cue,y,2026-03-20 16:10:42
four_3_syllable_words,4,trial_23,1,实验室,word,y,2026-03-20 16:10:47
four_3_syllable_words,4,trial_23,2,防火墙,word,y,2026-03-20 16:10:53
four_3_syllable_words,4,trial_23,3,录取线,word,y,2026-03-20 16:10:59
four_3_syllable_words,4,trial_23,4,打字员,word,y,2026-03-20 16:11:07
four_3_syllable_words,4,trial_23,cue,员,cue,y,2026-03-20 16:11:11
four_3_syllable_words,4,trial_24,1,科学家,word,y,2026-03-20 16:11:21
four_3_syllable_words,4,trial_24,2,补习班,word,y,2026-03-20 16:11:29
four_3_syllable_words,4,trial_24,3,检察官,word,y,2026-03-20 16:11:36
four_3_syllable_words,4,trial_24,4,创造力,word,y,2026-03-20 16:11:50
four_3_syllable_words,4,trial_24,cue,补,cue,n,2026-03-20 16:11:56
four_3_syllable_words,4,trial_25,1,防火墙,word,y,2026-03-20 16:12:05
four_3_syllable_words,4,trial_25,2,葡萄糖,word,y,2026-03-20 16:12:13
four_3_syllable_words,4,trial_25,3,纪念碑,word,y,2026-03-20 16:12:24
four_3_syllable_words,4,trial_25,4,录音机,word,y,2026-03-20 16:12:33
four_3_syllable_words,4,trial_25,cue,纪,cue,y,2026-03-20 16:12:37
four_3_syllable_words,4,trial_26,1,感染源,word,y,2026-03-20 16:12:44
four_3_syllable_words,4,trial_26,2,图书馆,word,y,2026-03-20 16:12:57
four_3_syllable_words,4,trial_26,3,呼吸道,word,y,2026-03-20 16:13:05
four_3_syllable_words,4,trial_26,4,联合国,word,y,2026-03-20 16:13:12
four_3_syllable_words,4,trial_26,cue,图,cue,n,2026-03-20 16:13:17
four_3_syllable_words,4,trial_27,1,奴隶制,word,y,2026-03-20 16:13:35
four_3_syllable_words,4,trial_27,2,障碍物,word,y,2026-03-20 16:13:42
four_3_syllable_words,4,trial_27,3,图书馆,word,y,2026-03-20 16:13:49
four_3_syllable_words,4,trial_27,4,婚姻法,word,y,2026-03-20 16:13:57
four_3_syllable_words,4,trial_27,cue,书,cue,y,2026-03-20 16:14:04
four_3_syllable_words,4,trial_28,1,科学家,word,y,2026-03-20 16:14:12
four_3_syllable_words,4,trial_28,2,手榴弹,word,y,2026-03-20 16:14:20
four_3_syllable_words,4,trial_28,3,化妆品,word,y,2026-03-20 16:14:33
four_3_syllable_words,4,trial_28,4,发动机,word,y,2026-03-20 16:14:42
four_3_syllable_words,4,trial_28,cue,家,cue,y,2026-03-20 16:14:49
four_3_syllable_words,4,trial_29,1,锦标赛,word,y,2026-03-20 16:14:58
four_3_syllable_words,4,trial_29,2,天花板,word,y,2026-03-20 16:15:08
four_3_syllable_words,4,trial_29,3,保险箱,word,y,2026-03-20 16:15:17
four_3_syllable_words,4,trial_29,4,会议室,word,y,2026-03-20 16:15:25
four_3_syllable_words,4,trial_29,cue,板,cue,n,2026-03-20 16:15:31
four_3_syllable_words,4,trial_30,1,望远镜,word,y,2026-03-20 16:15:39
four_3_syllable_words,4,trial_30,2,单细胞,word,y,2026-03-20 16:15:45
four_3_syllable_words,4,trial_30,3,收银台,word,y,2026-03-20 16:15:52
four_3_syllable_words,4,trial_30,4,马铃薯,word,y,2026-03-20 16:15:59
four_3_syllable_words,4,trial_30,cue,薯,cue,y,2026-03-20 16:16:02
four_3_syllable_words,4,trial_31,1,交通灯,word,y,2026-03-20 16:16:09
four_3_syllable_words,4,trial_31,2,救护车,word,y,2026-03-20 16:16:14
four_3_syllable_words,4,trial_31,3,交响悦,word,y,2026-03-20 16:16:20
four_3_syllable_words,4,trial_31,4,发动机,word,y,2026-03-20 16:16:28
four_3_syllable_words,4,trial_31,cue,交,cue,y,2026-03-20 16:16:32
four_3_syllable_words,4,trial_32,1,国务院,word,y,2026-03-20 16:16:40
four_3_syllable_words,4,trial_32,2,冷空气,word,y,2026-03-20 16:16:48
four_3_syllable_words,4,trial_32,3,新闻稿,word,y,2026-03-20 16:16:58
four_3_syllable_words,4,trial_32,4,广播站,word,y,2026-03-20 16:17:04
four_3_syllable_words,4,trial_32,cue,冷,cue,y,2026-03-20 16:17:08
four_3_syllable_words,4,trial_33,1,运输车,word,y,2026-03-20 16:17:14
four_3_syllable_words,4,trial_33,2,公安局,word,y,2026-03-20 16:17:21
four_3_syllable_words,4,trial_33,3,理工科,word,y,2026-03-20 16:17:27
four_3_syllable_words,4,trial_33,4,手榴弹,word,y,2026-03-20 16:17:33
four_3_syllable_words,4,trial_33,cue,公,cue,y,2026-03-20 16:17:37
four_3_syllable_words,4,trial_34,1,变压器,word,y,2026-03-20 16:17:43
four_3_syllable_words,4,trial_34,2,主人翁,word,y,2026-03-20 16:17:49
four_3_syllable_words,4,trial_34,3,自来水,word,y,2026-03-20 16:18:00
four_3_syllable_words,4,trial_34,4,会议室,word,y,2026-03-20 16:18:07
four_3_syllable_words,4,trial_34,cue,主,cue,y,2026-03-20 16:18:12
four_3_syllable_words,4,trial_35,1,收银台,word,y,2026-03-20 16:18:24
four_3_syllable_words,4,trial_35,2,参考书,word,y,2026-03-20 16:18:32
four_3_syllable_words,4,trial_35,3,儿童节,word,y,2026-03-20 16:18:41
four_3_syllable_words,4,trial_35,4,计算题,word,y,2026-03-20 16:18:54
four_3_syllable_words,4,trial_35,cue,题,cue,y,2026-03-20 16:19:02
four_3_syllable_words,4,trial_36,1,重要性,word,y,2026-03-20 16:19:09
four_3_syllable_words,4,trial_36,2,技术员,word,y,2026-03-20 16:19:15
four_3_syllable_words,4,trial_36,3,方程式,word,y,2026-03-20 16:19:21
four_3_syllable_words,4,trial_36,4,研究生,word,y,2026-03-20 16:19:29
four_3_syllable_words,4,trial_36,cue,技,cue,y,2026-03-20 16:19:38
four_3_syllable_words,4,trial_37,1,发动机,word,y,2026-03-20 16:19:45
four_3_syllable_words,4,trial_37,2,电冰箱,word,y,2026-03-20 16:19:52
four_3_syllable_words,4,trial_37,3,救护车,word,y,2026-03-20 16:20:00
four_3_syllable_words,4,trial_37,4,穿山甲,word,y,2026-03-20 16:20:07
four_3_syllable_words,4,trial_37,cue,甲,cue,y,2026-03-20 16:20:09
four_3_syllable_words,4,trial_38,1,设计图,word,y,2026-03-20 16:20:17
four_3_syllable_words,4,trial_38,2,介绍信,word,y,2026-03-20 16:20:25
four_3_syllable_words,4,trial_38,3,化妆品,word,y,2026-03-20 16:20:34
four_3_syllable_words,4,trial_38,4,收音机,word,y,2026-03-20 16:20:41
four_3_syllable_words,4,trial_38,cue,计,cue,y,2026-03-20 16:20:44
four_3_syllable_words,4,trial_39,1,出租车,word,y,2026-03-20 16:20:52
four_3_syllable_words,4,trial_39,2,紫外线,word,y,2026-03-20 16:20:58
four_3_syllable_words,4,trial_39,3,国务院,word,y,2026-03-20 16:21:06
four_3_syllable_words,4,trial_39,4,建筑师,word,y,2026-03-20 16:21:12
four_3_syllable_words,4,trial_39,cue,务,cue,y,2026-03-20 16:21:15
four_3_syllable_words,4,trial_40,1,建设部,word,y,2026-03-20 16:21:21
four_3_syllable_words,4,trial_40,2,毕业证,word,y,2026-03-20 16:21:27
four_3_syllable_words,4,trial_40,3,铁矿石,word,y,2026-03-20 16:21:34
four_3_syllable_words,4,trial_40,4,运输车,word,y,2026-03-20 16:21:41
four_3_syllable_words,4,trial_40,cue,部,cue,y,2026-03-20 16:21:44
four_3_syllable_words,4,trial_41,1,交响悦,word,y,2026-03-20 16:21:50
four_3_syllable_words,4,trial_41,2,呼吸道,word,y,2026-03-20 16:21:56
four_3_syllable_words,4,trial_41,3,接待室,word,y,2026-03-20 16:22:11
four_3_syllable_words,4,trial_41,4,西红柿,word,y,2026-03-20 16:22:17
four_3_syllable_words,4,trial_41,cue,西,cue,y,2026-03-20 16:22:20
four_3_syllable_words,5,trial_1,1,同位素,word,y,2026-03-20 16:22:26
four_3_syllable_words,5,trial_1,2,保温杯,word,y,2026-03-20 16:22:33
four_3_syllable_words,5,trial_1,3,创造力,word,y,2026-03-20 16:22:39
four_3_syllable_words,5,trial_1,4,天花板,word,y,2026-03-20 16:22:45
four_3_syllable_words,5,trial_1,cue,花,cue,y,2026-03-20 16:22:47
four_3_syllable_words,5,trial_2,1,绘画展,word,y,2026-03-20 16:22:54
four_3_syllable_words,5,trial_2,2,金黄色,word,y,2026-03-20 16:23:01
four_3_syllable_words,5,trial_2,3,幼儿园,word,y,2026-03-20 16:23:08
four_3_syllable_words,5,trial_2,4,传叫士,word,y,2026-03-20 16:23:14
four_3_syllable_words,5,trial_2,cue,幼,cue,y,2026-03-20 16:23:18
four_3_syllable_words,5,trial_3,1,婚姻法,word,y,2026-03-20 16:23:25
four_3_syllable_words,5,trial_3,2,菜市场,word,y,2026-03-20 16:23:31
four_3_syllable_words,5,trial_3,3,感染源,word,y,2026-03-20 16:23:38
four_3_syllable_words,5,trial_3,4,教师节,word,y,2026-03-20 16:23:46
four_3_syllable_words,5,trial_3,cue,师,cue,y,2026-03-20 16:23:50
four_3_syllable_words,5,trial_4,1,蒸馏水,word,y,2026-03-20 16:23:56
four_3_syllable_words,5,trial_4,2,党中央,word,y,2026-03-20 16:24:03
four_3_syllable_words,5,trial_4,3,核电站,word,y,2026-03-20 16:24:09
four_3_syllable_words,5,trial_4,4,写字台,word,y,2026-03-20 16:24:19
four_3_syllable_words,5,trial_4,cue,馏,cue,y,2026-03-20 16:24:25
four_3_syllable_words,5,trial_5,1,设计图,word,y,2026-03-20 16:24:31
four_3_syllable_words,5,trial_5,2,计算题,word,y,2026-03-20 16:24:39
four_3_syllable_words,5,trial_5,3,化妆品,word,y,2026-03-20 16:24:46
four_3_syllable_words,5,trial_5,4,银河系,word,y,2026-03-20 16:24:53
four_3_syllable_words,5,trial_5,cue,银,cue,y,2026-03-20 16:24:57
four_3_syllable_words,5,trial_6,1,运输车,word,y,2026-03-20 16:25:04
four_3_syllable_words,5,trial_6,2,方程式,word,y,2026-03-20 16:25:11
four_3_syllable_words,5,trial_6,3,催化剂,word,y,2026-03-20 16:25:18
four_3_syllable_words,5,trial_6,4,反动派,word,y,2026-03-20 16:25:26
four_3_syllable_words,5,trial_6,cue,动,cue,y,2026-03-20 16:25:31
four_3_syllable_words,5,trial_7,1,设计图,word,y,2026-03-20 16:25:37
four_3_syllable_words,5,trial_7,2,留学生,word,y,2026-03-20 16:25:44
four_3_syllable_words,5,trial_7,3,副作用,word,y,2026-03-20 16:25:56
four_3_syllable_words,5,trial_7,4,交通灯,word,y,2026-03-20 16:26:05
four_3_syllable_words,5,trial_7,cue,作,cue,y,2026-03-20 16:26:08
four_3_syllable_words,5,trial_8,1,自来水,word,y,2026-03-20 16:26:15
four_3_syllable_words,5,trial_8,2,社会学,word,y,2026-03-20 16:26:22
four_3_syllable_words,5,trial_8,3,天花板,word,y,2026-03-20 16:26:27
four_3_syllable_words,5,trial_8,4,紫外线,word,y,2026-03-20 16:26:35
four_3_syllable_words,5,trial_8,cue,紫,cue,y,2026-03-20 16:26:38
four_3_syllable_words,5,trial_9,1,救护车,word,y,2026-03-20 16:26:44
four_3_syllable_words,5,trial_9,2,太阳能,word,y,2026-03-20 16:26:51
four_3_syllable_words,5,trial_9,3,宇航员,word,y,2026-03-20 16:26:57
four_3_syllable_words,5,trial_9,4,单细胞,word,y,2026-03-20 16:27:04
four_3_syllable_words,5,trial_9,cue,单,cue,y,2026-03-20 16:27:09
four_3_syllable_words,5,trial_10,1,绘画展,word,y,2026-03-20 16:27:16
four_3_syllable_words,5,trial_10,2,联合国,word,y,2026-03-20 16:27:24
four_3_syllable_words,5,trial_10,3,内分泌,word,y,2026-03-20 16:27:30
four_3_syllable_words,5,trial_10,4,研究生,word,y,2026-03-20 16:27:38
four_3_syllable_words,5,trial_10,cue,研,cue,y,2026-03-20 16:27:41
four_3_syllable_words,5,trial_11,1,工艺品,word,y,2026-03-20 16:27:50
four_3_syllable_words,5,trial_11,2,毕业证,word,y,2026-03-20 16:27:57
four_3_syllable_words,5,trial_11,3,护理员,word,y,2026-03-20 16:28:05
four_3_syllable_words,5,trial_11,4,猫头鹰,word,y,2026-03-20 16:28:11
four_3_syllable_words,5,trial_11,cue,毕,cue,y,2026-03-20 16:28:18
four_3_syllable_words,5,trial_12,1,签名册,word,y,2026-03-20 16:28:24
four_3_syllable_words,5,trial_12,2,补习班,word,y,2026-03-20 16:28:30
four_3_syllable_words,5,trial_12,3,留学生,word,y,2026-03-20 16:28:36
four_3_syllable_words,5,trial_12,4,风向标,word,y,2026-03-20 16:28:42
four_3_syllable_words,5,trial_12,cue,标,cue,y,2026-03-20 16:28:47
four_3_syllable_words,5,trial_13,1,玻璃杯,word,y,2026-03-20 16:28:54
four_3_syllable_words,5,trial_13,2,马铃薯,word,y,2026-03-20 16:29:00
four_3_syllable_words,5,trial_13,3,鼓风机,word,y,2026-03-21 19:50:58
four_3_syllable_words,5,trial_13,4,氨基酸,word,y,2026-03-21 19:51:03
four_3_syllable_words,5,trial_13,cue,璃,cue,y,2026-03-21 19:51:06
four_3_syllable_words,5,trial_14,1,实验室,word,y,2026-03-21 19:51:11
four_3_syllable_words,5,trial_14,2,奴隶制,word,n,2026-03-21 19:51:16
four_3_syllable_words,5,trial_14,3,补习班,word,y,2026-03-21 19:51:25
four_3_syllable_words,5,trial_14,4,高血压,word,y,2026-03-21 19:51:30
four_3_syllable_words,5,trial_14,cue,高,cue,y,2026-03-21 19:51:34
four_3_syllable_words,5,trial_15,1,催化剂,word,y,2026-03-21 19:51:41
four_3_syllable_words,5,trial_15,2,广播剧,word,y,2026-03-21 19:51:48
four_3_syllable_words,5,trial_15,3,计算题,word,y,2026-03-21 19:51:54
four_3_syllable_words,5,trial_15,4,动物园,word,y,2026-03-21 19:51:59
four_3_syllable_words,5,trial_15,cue,物,cue,y,2026-03-21 19:52:00
four_3_syllable_words,5,trial_16,1,防火墙,word,y,2026-03-21 19:52:06
four_3_syllable_words,5,trial_16,2,介绍信,word,y,2026-03-21 19:52:12
four_3_syllable_words,5,trial_16,3,护理员,word,y,2026-03-21 19:52:17
four_3_syllable_words,5,trial_16,4,单细胞,word,y,2026-03-21 19:52:23
four_3_syllable_words,5,trial_16,cue,护,cue,n,2026-03-21 19:52:31
four_3_syllable_words,5,trial_17,1,变压器,word,y,2026-03-21 19:52:35
four_3_syllable_words,5,trial_17,2,玻璃杯,word,y,2026-03-21 19:52:40
four_3_syllable_words,5,trial_17,3,感染源,word,y,2026-03-21 19:52:45
four_3_syllable_words,5,trial_17,4,重要性,word,y,2026-03-21 19:52:50
four_3_syllable_words,5,trial_17,cue,感,cue,y,2026-03-21 19:52:53
four_3_syllable_words,5,trial_18,1,笔记本,word,y,2026-03-21 19:53:00
four_3_syllable_words,5,trial_18,2,交响悦,word,n,2026-03-21 19:53:06
four_3_syllable_words,5,trial_18,3,同位素,word,y,2026-03-21 19:53:10
four_3_syllable_words,5,trial_18,4,魔术师,word,y,2026-03-21 19:53:16
four_3_syllable_words,5,trial_18,cue,魔,cue,y,2026-03-21 19:53:18
four_3_syllable_words,5,trial_19,1,动物园,word,y,2026-03-21 19:53:23
four_3_syllable_words,5,trial_19,2,核电站,word,y,2026-03-21 19:53:29
four_3_syllable_words,5,trial_19,3,畜牧业,word,y,2026-03-21 19:53:35
four_3_syllable_words,5,trial_19,4,合唱团,word,y,2026-03-21 19:53:42
four_3_syllable_words,5,trial_19,cue,团,cue,y,2026-03-21 19:53:44
four_3_syllable_words,5,trial_20,1,氨基酸,word,y,2026-03-21 19:53:51
four_3_syllable_words,5,trial_20,2,太阳能,word,y,2026-03-21 19:53:59
four_3_syllable_words,5,trial_20,3,紫外线,word,y,2026-03-21 19:54:05
four_3_syllable_words,5,trial_20,4,反动派,word,y,2026-03-21 19:54:12
four_3_syllable_words,5,trial_20,cue,能,cue,y,2026-03-21 19:54:16
four_3_syllable_words,5,trial_21,1,民主党,word,y,2026-03-21 19:54:21
four_3_syllable_words,5,trial_21,2,传感器,word,y,2026-03-21 19:54:27
four_3_syllable_words,5,trial_21,3,进行曲,word,y,2026-03-21 19:54:34
four_3_syllable_words,5,trial_21,4,消费者,word,y,2026-03-21 19:54:41
four_3_syllable_words,5,trial_21,cue,行,cue,y,2026-03-21 19:54:45
four_3_syllable_words,5,trial_22,1,视网膜,word,y,2026-03-21 19:54:51
four_3_syllable_words,5,trial_22,2,免疫力,word,y,2026-03-21 19:54:58
four_3_syllable_words,5,trial_22,3,耗奇心,word,y,2026-03-21 19:55:03
four_3_syllable_words,5,trial_22,4,建设部,word,y,2026-03-21 19:55:09
four_3_syllable_words,5,trial_22,cue,设,cue,y,2026-03-21 19:55:11
four_3_syllable_words,5,trial_23,1,灵敏度,word,n,2026-03-21 19:55:17
four_3_syllable_words,5,trial_23,2,畜牧业,word,y,2026-03-21 19:55:23
four_3_syllable_words,5,trial_23,3,爆破队,word,y,2026-03-21 19:55:29
four_3_syllable_words,5,trial_23,4,化妆品,word,y,2026-03-21 19:55:35
four_3_syllable_words,5,trial_23,cue,业,cue,y,2026-03-21 19:55:40
four_3_syllable_words,5,trial_24,1,价值观,word,y,2026-03-21 19:55:47
four_3_syllable_words,5,trial_24,2,葡萄糖,word,y,2026-03-21 19:55:56
four_3_syllable_words,5,trial_24,3,生产线,word,y,2026-03-21 19:56:03
four_3_syllable_words,5,trial_24,4,艺术品,word,y,2026-03-21 19:56:12
four_3_syllable_words,5,trial_24,cue,观,cue,y,2026-03-21 19:56:17
four_3_syllable_words,5,trial_25,1,感染源,word,y,2026-03-21 19:56:28
four_3_syllable_words,5,trial_25,2,内分泌,word,y,2026-03-21 19:56:34
four_3_syllable_words,5,trial_25,3,人行道,word,y,2026-03-21 19:56:40
four_3_syllable_words,5,trial_25,4,幼儿园,word,y,2026-03-21 19:56:47
four_3_syllable_words,5,trial_25,cue,园,cue,y,2026-03-21 19:56:51
four_3_syllable_words,5,trial_26,1,创造力,word,y,2026-03-21 19:56:58
four_3_syllable_words,5,trial_26,2,检察官,word,y,2026-03-21 19:57:06
four_3_syllable_words,5,trial_26,3,写字台,word,y,2026-03-21 19:57:15
four_3_syllable_words,5,trial_26,4,毕业证,word,y,2026-03-21 19:57:21
four_3_syllable_words,5,trial_26,cue,证,cue,y,2026-03-21 19:57:31
four_3_syllable_words,5,trial_27,1,交通灯,word,y,2026-03-21 19:57:38
four_3_syllable_words,5,trial_27,2,荧光屏,word,n,2026-03-21 19:57:45
four_3_syllable_words,5,trial_27,3,葡萄糖,word,y,2026-03-21 19:57:53
four_3_syllable_words,5,trial_27,4,抗生素,word,y,2026-03-21 19:58:00
four_3_syllable_words,5,trial_27,cue,灯,cue,y,2026-03-21 19:58:05
four_3_syllable_words,5,trial_28,1,技术员,word,y,2026-03-21 19:58:12
four_3_syllable_words,5,trial_28,2,免税店,word,y,2026-03-21 19:58:21
four_3_syllable_words,5,trial_28,3,菜市场,word,y,2026-03-21 19:58:31
four_3_syllable_words,5,trial_28,4,艺术品,word,y,2026-03-21 19:58:38
four_3_syllable_words,5,trial_28,cue,市,cue,y,2026-03-21 19:58:43
four_3_syllable_words,5,trial_29,1,保险箱,word,y,2026-03-21 19:58:53
four_3_syllable_words,5,trial_29,2,高利贷,word,y,2026-03-21 19:58:59
four_3_syllable_words,5,trial_29,3,纪念碑,word,y,2026-03-21 19:59:05
four_3_syllable_words,5,trial_29,4,参谋掌,word,y,2026-03-21 19:59:12
four_3_syllable_words,5,trial_29,cue,险,cue,y,2026-03-21 19:59:18
four_3_syllable_words,5,trial_30,1,普通话,word,y,2026-03-21 19:59:24
four_3_syllable_words,5,trial_30,2,艺术品,word,y,2026-03-21 19:59:31
four_3_syllable_words,5,trial_30,3,天花板,word,y,2026-03-21 19:59:39
four_3_syllable_words,5,trial_30,4,超声波,word,y,2026-03-21 19:59:47
four_3_syllable_words,5,trial_30,cue,声,cue,y,2026-03-21 19:59:50
four_3_syllable_words,5,trial_31,1,储蓄卡,word,y,2026-03-21 19:59:56
four_3_syllable_words,5,trial_31,2,收银台,word,y,2026-03-21 20:00:01
four_3_syllable_words,5,trial_31,3,教师节,word,y,2026-03-21 20:00:08
four_3_syllable_words,5,trial_31,4,穿山甲,word,y,2026-03-21 20:00:15
four_3_syllable_words,5,trial_31,cue,卡,cue,y,2026-03-21 20:00:18
four_3_syllable_words,5,trial_32,1,收银台,word,y,2026-03-21 20:00:24
four_3_syllable_words,5,trial_32,2,冷空气,word,y,2026-03-21 20:00:30
four_3_syllable_words,5,trial_32,3,玻璃杯,word,y,2026-03-21 20:00:38
four_3_syllable_words,5,trial_32,4,相对论,word,y,2026-03-21 20:00:46
four_3_syllable_words,5,trial_32,cue,台,cue,y,2026-03-21 20:00:52
four_3_syllable_words,5,trial_33,1,菜市场,word,y,2026-03-21 20:00:59
four_3_syllable_words,5,trial_33,2,打字员,word,y,2026-03-21 20:01:05
four_3_syllable_words,5,trial_33,3,营业员,word,y,2026-03-21 20:01:11
four_3_syllable_words,5,trial_33,4,出租车,word,y,2026-03-21 20:01:19
four_3_syllable_words,5,trial_33,cue,营,cue,y,2026-03-21 20:01:24
four_3_syllable_words,5,trial_34,1,防火墙,word,y,2026-03-21 20:01:30
four_3_syllable_words,5,trial_34,2,接待室,word,y,2026-03-21 20:01:35
four_3_syllable_words,5,trial_34,3,穿山甲,word,y,2026-03-21 20:01:43
four_3_syllable_words,5,trial_34,4,合唱团,word,y,2026-03-21 20:01:49
four_3_syllable_words,5,trial_34,cue,接,cue,y,2026-03-21 20:01:53
four_3_syllable_words,5,trial_35,1,电动车,word,y,2026-03-21 20:01:58
four_3_syllable_words,5,trial_35,2,国务院,word,y,2026-03-21 20:02:05
four_3_syllable_words,5,trial_35,3,荧光屏,word,n,2026-03-21 20:02:11
four_3_syllable_words,5,trial_35,4,魔术师,word,y,2026-03-21 20:02:24
four_3_syllable_words,5,trial_35,cue,车,cue,y,2026-03-21 20:02:28
four_3_syllable_words,5,trial_36,1,党中央,word,y,2026-03-21 20:02:36
four_3_syllable_words,5,trial_36,2,旅游团,word,y,2026-03-21 20:02:42
four_3_syllable_words,5,trial_36,3,宇航员,word,y,2026-03-21 20:02:49
four_3_syllable_words,5,trial_36,4,荧光屏,word,n,2026-03-21 20:02:58
four_3_syllable_words,5,trial_36,cue,屏,cue,n,2026-03-21 20:03:00
four_3_syllable_words,5,trial_37,1,感染源,word,y,2026-03-21 20:03:05
four_3_syllable_words,5,trial_37,2,保温杯,word,y,2026-03-21 20:03:10
four_3_syllable_words,5,trial_37,3,参谋掌,word,y,2026-03-21 20:03:15
four_3_syllable_words,5,trial_37,4,放大镜,word,y,2026-03-21 20:03:21
four_3_syllable_words,5,trial_37,cue,镜,cue,y,2026-03-21 20:03:24
four_3_syllable_words,5,trial_38,1,公安局,word,y,2026-03-21 20:03:30
four_3_syllable_words,5,trial_38,2,淋巴结,word,y,2026-03-21 20:03:34
four_3_syllable_words,5,trial_38,3,呼吸道,word,y,2026-03-21 20:03:40
four_3_syllable_words,5,trial_38,4,神经元,word,y,2026-03-21 20:03:45
four_3_syllable_words,5,trial_38,cue,呼,cue,y,2026-03-21 20:03:49
four_3_syllable_words,5,trial_39,1,传感器,word,y,2026-03-21 20:03:54
four_3_syllable_words,5,trial_39,2,排球赛,word,y,2026-03-21 20:04:02
four_3_syllable_words,5,trial_39,3,招待所,word,y,2026-03-21 20:04:10
four_3_syllable_words,5,trial_39,4,签名册,word,y,2026-03-21 20:04:15
four_3_syllable_words,5,trial_39,cue,名,cue,y,2026-03-21 20:04:18
four_3_syllable_words,5,trial_40,1,科学家,word,y,2026-03-21 20:04:35
four_3_syllable_words,5,trial_40,2,建筑师,word,y,2026-03-21 20:04:40
four_3_syllable_words,5,trial_40,3,毕业证,word,y,2026-03-21 20:04:44
four_3_syllable_words,5,trial_40,4,收音机,word,y,2026-03-21 20:04:49
four_3_syllable_words,5,trial_40,cue,业,cue,y,2026-03-21 20:04:52
four_3_syllable_words,5,trial_41,1,联合国,word,n,2026-03-21 20:04:59
four_3_syllable_words,5,trial_41,2,新闻稿,word,y,2026-03-21 20:05:06
four_3_syllable_words,5,trial_41,3,传感器,word,y,2026-03-21 20:05:12
four_3_syllable_words,5,trial_41,4,自然界,word,y,2026-03-21 20:05:20
four_3_syllable_words,5,trial_41,cue,新,cue,y,2026-03-21 20:05:23
four_3_syllable_words,6,trial_1,1,冷空气,word,y,2026-03-21 20:05:29
four_3_syllable_words,6,trial_1,2,太阳能,word,y,2026-03-21 20:05:36
four_3_syllable_words,6,trial_1,3,责任感,word,y,2026-03-21 20:05:41
four_3_syllable_words,6,trial_1,4,国务院,word,n,2026-03-21 20:05:50
four_3_syllable_words,6,trial_1,cue,院,cue,y,2026-03-21 20:05:52
four_3_syllable_words,6,trial_2,1,建筑师,word,y,2026-03-21 20:05:57
four_3_syllable_words,6,trial_2,2,普通话,word,y,2026-03-21 20:06:02
four_3_syllable_words,6,trial_2,3,核电站,word,y,2026-03-21 20:06:07
four_3_syllable_words,6,trial_2,4,氨基酸,word,n,2026-03-21 20:06:12
four_3_syllable_words,6,trial_2,cue,酸,cue,n,2026-03-21 20:06:14
four_3_syllable_words,6,trial_3,1,煤气灶,word,y,2026-03-21 20:06:19
four_3_syllable_words,6,trial_3,2,办事处,word,y,2026-03-21 20:06:24
four_3_syllable_words,6,trial_3,3,检察官,word,y,2026-03-21 20:06:29
four_3_syllable_words,6,trial_3,4,黑板报,word,y,2026-03-21 20:06:35
four_3_syllable_words,6,trial_3,cue,办,cue,y,2026-03-21 20:06:38
four_3_syllable_words,6,trial_4,1,防火墙,word,y,2026-03-21 20:06:43
four_3_syllable_words,6,trial_4,2,参考书,word,y,2026-03-21 20:06:50
four_3_syllable_words,6,trial_4,3,录音机,word,y,2026-03-21 20:06:55
four_3_syllable_words,6,trial_4,4,理工科,word,y,2026-03-21 20:07:00
four_3_syllable_words,6,trial_4,cue,墙,cue,y,2026-03-21 20:07:03
four_3_syllable_words,6,trial_5,1,障碍物,word,y,2026-03-21 20:07:10
four_3_syllable_words,6,trial_5,2,合唱团,word,y,2026-03-21 20:07:20
four_3_syllable_words,6,trial_5,3,公安局,word,y,2026-03-21 20:07:26
four_3_syllable_words,6,trial_5,4,录音机,word,y,2026-03-21 20:07:32
four_3_syllable_words,6,trial_5,cue,录,cue,y,2026-03-21 20:07:34
four_3_syllable_words,6,trial_6,1,金黄色,word,n,2026-03-21 20:07:39
four_3_syllable_words,6,trial_6,2,出租车,word,y,2026-03-21 20:07:44
four_3_syllable_words,6,trial_6,3,联合国,word,n,2026-03-21 20:07:48
four_3_syllable_words,6,trial_6,4,救护车,word,y,2026-03-21 20:07:53
four_3_syllable_words,6,trial_6,cue,色,cue,y,2026-03-21 20:07:56
four_3_syllable_words,6,trial_7,1,视网膜,word,y,2026-03-21 20:08:01
four_3_syllable_words,6,trial_7,2,耗奇心,word,y,2026-03-21 20:08:06
four_3_syllable_words,6,trial_7,3,保温杯,word,y,2026-03-21 20:08:11
four_3_syllable_words,6,trial_7,4,党中央,word,y,2026-03-21 20:08:17
four_3_syllable_words,6,trial_7,cue,保,cue,y,2026-03-21 20:08:19
four_3_syllable_words,6,trial_8,1,耗奇心,word,y,2026-03-21 20:08:24
four_3_syllable_words,6,trial_8,2,病原体,word,y,2026-03-21 20:08:30
four_3_syllable_words,6,trial_8,3,参考书,word,y,2026-03-21 20:08:35
four_3_syllable_words,6,trial_8,4,检察官,word,y,2026-03-21 20:08:40
four_3_syllable_words,6,trial_8,cue,考,cue,y,2026-03-21 20:08:44
four_3_syllable_words,6,trial_9,1,煤气灶,word,y,2026-03-21 20:08:49
four_3_syllable_words,6,trial_9,2,方程式,word,n,2026-03-21 20:08:56
four_3_syllable_words,6,trial_9,3,菜市场,word,y,2026-03-21 20:09:01
four_3_syllable_words,6,trial_9,4,传叫士,word,y,2026-03-21 20:09:06
four_3_syllable_words,6,trial_9,cue,传,cue,y,2026-03-21 20:09:09
four_3_syllable_words,6,trial_10,1,障碍物,word,y,2026-03-21 20:09:15
four_3_syllable_words,6,trial_10,2,广播剧,word,n,2026-03-21 20:09:21
four_3_syllable_words,6,trial_10,3,交通灯,word,n,2026-03-21 20:09:28
four_3_syllable_words,6,trial_10,4,检察官,word,y,2026-03-21 20:09:33
four_3_syllable_words,6,trial_10,cue,察,cue,y,2026-03-21 20:09:35
four_3_syllable_words,6,trial_11,1,病原体,word,y,2026-03-21 20:09:41
four_3_syllable_words,6,trial_11,2,工艺品,word,y,2026-03-21 20:09:47
four_3_syllable_words,6,trial_11,3,障碍物,word,y,2026-03-21 20:09:52
four_3_syllable_words,6,trial_11,4,冷空气,word,y,2026-03-21 20:09:57
four_3_syllable_words,6,trial_11,cue,工,cue,y,2026-03-21 20:10:00
four_3_syllable_words,6,trial_12,1,建设部,word,n,2026-03-21 20:10:05
four_3_syllable_words,6,trial_12,2,实验室,word,y,2026-03-21 20:10:11
four_3_syllable_words,6,trial_12,3,高血压,word,y,2026-03-21 20:10:17
four_3_syllable_words,6,trial_12,4,自来水,word,n,2026-03-21 20:10:22
four_3_syllable_words,6,trial_12,cue,自,cue,y,2026-03-21 20:10:25
four_3_syllable_words,6,trial_13,1,爆破队,word,n,2026-03-21 20:10:31
four_3_syllable_words,6,trial_13,2,储蓄卡,word,n,2026-03-21 20:10:36
four_3_syllable_words,6,trial_13,3,煤气灶,word,y,2026-03-21 20:10:40
four_3_syllable_words,6,trial_13,4,出版社,word,y,2026-03-21 20:10:46
four_3_syllable_words,6,trial_13,cue,队,cue,y,2026-03-21 20:10:51
four_3_syllable_words,6,trial_14,1,录音机,word,y,2026-03-21 20:10:57
four_3_syllable_words,6,trial_14,2,马铃薯,word,y,2026-03-21 20:11:03
four_3_syllable_words,6,trial_14,3,单细胞,word,y,2026-03-21 20:11:09
four_3_syllable_words,6,trial_14,4,护理员,word,n,2026-03-21 20:11:14
four_3_syllable_words,6,trial_14,cue,细,cue,y,2026-03-21 20:11:20
four_3_syllable_words,6,trial_15,1,风向标,word,y,2026-03-21 20:11:31
four_3_syllable_words,6,trial_15,2,生产线,word,y,2026-03-21 20:11:36
four_3_syllable_words,6,trial_15,3,发动机,word,y,2026-03-21 20:11:43
four_3_syllable_words,6,trial_15,4,相对论,word,y,2026-03-21 20:11:48
four_3_syllable_words,6,trial_15,cue,论,cue,y,2026-03-21 20:11:50
four_3_syllable_words,6,trial_16,1,连锁店,word,y,2026-03-21 20:11:55
four_3_syllable_words,6,trial_16,2,生产线,word,y,2026-03-21 20:12:01
four_3_syllable_words,6,trial_16,3,收音机,word,y,2026-03-21 20:12:07
four_3_syllable_words,6,trial_16,4,计算题,word,n,2026-03-21 20:12:13
four_3_syllable_words,6,trial_16,cue,收,cue,y,2026-03-21 20:12:16
four_3_syllable_words,6,trial_17,1,畜牧业,word,y,2026-03-21 20:12:21
four_3_syllable_words,6,trial_17,2,保温杯,word,y,2026-03-21 20:12:27
four_3_syllable_words,6,trial_17,3,护理员,word,y,2026-03-21 20:12:31
four_3_syllable_words,6,trial_17,4,紫外线,word,y,2026-03-21 20:12:37
four_3_syllable_words,6,trial_17,cue,牧,cue,y,2026-03-21 20:12:40
four_3_syllable_words,6,trial_18,1,核电站,word,y,2026-03-21 20:12:46
four_3_syllable_words,6,trial_18,2,创造力,word,y,2026-03-21 20:12:52
four_3_syllable_words,6,trial_18,3,摄影师,word,y,2026-03-21 20:12:58
four_3_syllable_words,6,trial_18,4,技术员,word,n,2026-03-21 20:13:04
four_3_syllable_words,6,trial_18,cue,力,cue,y,2026-03-21 20:13:08
four_3_syllable_words,6,trial_19,1,变压器,word,y,2026-03-21 20:13:14
four_3_syllable_words,6,trial_19,2,内分泌,word,y,2026-03-21 20:13:19
four_3_syllable_words,6,trial_19,3,计算题,word,y,2026-03-21 20:13:27
four_3_syllable_words,6,trial_19,4,研究生,word,y,2026-03-21 20:13:33
four_3_syllable_words,6,trial_19,cue,究,cue,y,2026-03-21 20:13:36
four_3_syllable_words,6,trial_20,1,紫外线,word,y,2026-03-21 20:13:41
four_3_syllable_words,6,trial_20,2,超声波,word,y,2026-03-21 20:13:48
four_3_syllable_words,6,trial_20,3,消费者,word,y,2026-03-21 20:13:56
four_3_syllable_words,6,trial_20,4,绘画展,word,n,2026-03-21 20:14:02
four_3_syllable_words,6,trial_20,cue,绘,cue,n,2026-03-21 20:14:04
four_3_syllable_words,6,trial_21,1,招待所,word,y,2026-03-21 20:14:11
four_3_syllable_words,6,trial_21,2,广告牌,word,n,2026-03-21 20:14:16
four_3_syllable_words,6,trial_21,3,传叫士,word,y,2026-03-21 20:14:22
four_3_syllable_words,6,trial_21,4,科学家,word,y,2026-03-21 20:14:27
four_3_syllable_words,6,trial_21,cue,牌,cue,n,2026-03-21 20:14:31
four_3_syllable_words,6,trial_22,1,出版社,word,y,2026-03-21 20:14:37
four_3_syllable_words,6,trial_22,2,录音机,word,y,2026-03-21 20:14:41
four_3_syllable_words,6,trial_22,3,菜市场,word,y,2026-03-21 20:14:46
four_3_syllable_words,6,trial_22,4,高利贷,word,y,2026-03-21 20:14:51
four_3_syllable_words,6,trial_22,cue,高,cue,y,2026-03-21 20:14:53
four_3_syllable_words,6,trial_23,1,超声波,word,y,2026-03-21 20:14:58
four_3_syllable_words,6,trial_23,2,收音机,word,y,2026-03-21 20:15:03
four_3_syllable_words,6,trial_23,3,实验室,word,y,2026-03-21 20:15:08
four_3_syllable_words,6,trial_23,4,科学馆,word,y,2026-03-21 20:15:13
four_3_syllable_words,6,trial_23,cue,波,cue,y,2026-03-21 20:15:17
four_3_syllable_words,6,trial_24,1,传感器,word,y,2026-03-21 20:15:22
four_3_syllable_words,6,trial_24,2,玻璃杯,word,n,2026-03-21 20:15:32
four_3_syllable_words,6,trial_24,3,出版社,word,y,2026-03-21 20:15:37
four_3_syllable_words,6,trial_24,4,放大镜,word,y,2026-03-21 20:15:42
four_3_syllable_words,6,trial_24,cue,器,cue,y,2026-03-21 20:15:46
four_3_syllable_words,6,trial_25,1,联合国,word,y,2026-03-21 20:15:51
four_3_syllable_words,6,trial_25,2,奴隶制,word,y,2026-03-21 20:15:56
four_3_syllable_words,6,trial_25,3,猫头鹰,word,y,2026-03-21 20:16:01
four_3_syllable_words,6,trial_25,4,责任感,word,y,2026-03-21 20:16:06
four_3_syllable_words,6,trial_25,cue,合,cue,y,2026-03-21 20:16:11
four_3_syllable_words,6,trial_26,1,西红柿,word,y,2026-03-21 20:16:17
four_3_syllable_words,6,trial_26,2,副作用,word,y,2026-03-21 20:16:22
four_3_syllable_words,6,trial_26,3,建设部,word,y,2026-03-21 20:16:29
four_3_syllable_words,6,trial_26,4,录音机,word,y,2026-03-21 20:16:35
four_3_syllable_words,6,trial_26,cue,建,cue,y,2026-03-21 20:16:38
four_3_syllable_words,6,trial_27,1,葡萄糖,word,n,2026-03-21 20:16:42
four_3_syllable_words,6,trial_27,2,建设部,word,y,2026-03-21 20:16:48
four_3_syllable_words,6,trial_27,3,绘画展,word,y,2026-03-21 20:16:56
four_3_syllable_words,6,trial_27,4,直辖市,word,n,2026-03-21 20:17:02
four_3_syllable_words,6,trial_27,cue,糖,cue,n,2026-03-21 20:17:07
four_3_syllable_words,6,trial_28,1,免疫力,word,y,2026-03-21 20:17:12
four_3_syllable_words,6,trial_28,2,计算题,word,y,2026-03-21 20:17:18
four_3_syllable_words,6,trial_28,3,技术员,word,n,2026-03-21 20:17:24
four_3_syllable_words,6,trial_28,4,奴隶制,word,y,2026-03-21 20:17:31
four_3_syllable_words,6,trial_28,cue,奴,cue,y,2026-03-21 20:17:35
four_3_syllable_words,6,trial_29,1,俱乐部,word,y,2026-03-21 20:17:41
four_3_syllable_words,6,trial_29,2,交响悦,word,y,2026-03-21 20:17:47
four_3_syllable_words,6,trial_29,3,建筑师,word,y,2026-03-21 20:17:53
four_3_syllable_words,6,trial_29,4,发动机,word,y,2026-03-21 20:18:00
four_3_syllable_words,6,trial_29,cue,部,cue,y,2026-03-21 20:18:04
four_3_syllable_words,6,trial_30,1,主人翁,word,y,2026-03-21 20:18:09
four_3_syllable_words,6,trial_30,2,紫外线,word,y,2026-03-21 20:18:18
four_3_syllable_words,6,trial_30,3,保温杯,word,y,2026-03-21 20:18:25
four_3_syllable_words,6,trial_30,4,同位素,word,y,2026-03-21 20:18:31
four_3_syllable_words,6,trial_30,cue,人,cue,y,2026-03-21 20:18:36
four_3_syllable_words,6,trial_31,1,公安局,word,y,2026-03-21 20:18:42
four_3_syllable_words,6,trial_31,2,化妆品,word,y,2026-03-21 20:18:48
four_3_syllable_words,6,trial_31,3,工艺品,word,y,2026-03-21 20:18:53
four_3_syllable_words,6,trial_31,4,超声波,word,y,2026-03-21 20:18:59
four_3_syllable_words,6,trial_31,cue,局,cue,y,2026-03-21 20:19:03
four_3_syllable_words,6,trial_32,1,风向标,word,y,2026-03-21 20:19:08
four_3_syllable_words,6,trial_32,2,电动车,word,y,2026-03-21 20:19:13
four_3_syllable_words,6,trial_32,3,西红柿,word,y,2026-03-21 20:19:18
four_3_syllable_words,6,trial_32,4,出版社,word,y,2026-03-21 20:19:24
four_3_syllable_words,6,trial_32,cue,向,cue,y,2026-03-21 20:19:27
four_3_syllable_words,6,trial_33,1,民主党,word,y,2026-03-21 20:19:32
four_3_syllable_words,6,trial_33,2,责任感,word,y,2026-03-21 20:19:37
four_3_syllable_words,6,trial_33,3,练习册,word,y,2026-03-21 20:19:43
four_3_syllable_words,6,trial_33,4,留学生,word,y,2026-03-21 20:19:48
four_3_syllable_words,6,trial_33,cue,练,cue,y,2026-03-21 20:19:52
four_3_syllable_words,6,trial_34,1,障碍物,word,y,2026-03-21 20:19:57
four_3_syllable_words,6,trial_34,2,研究生,word,y,2026-03-21 20:20:02
four_3_syllable_words,6,trial_34,3,耗奇心,word,y,2026-03-21 20:20:07
four_3_syllable_words,6,trial_34,4,人行道,word,y,2026-03-21 20:20:11
four_3_syllable_words,6,trial_34,cue,人,cue,y,2026-03-21 20:20:15
four_3_syllable_words,6,trial_35,1,青哨年,word,y,2026-03-21 20:20:20
four_3_syllable_words,6,trial_35,2,航天员,word,y,2026-03-21 20:20:25
four_3_syllable_words,6,trial_35,3,人行道,word,y,2026-03-21 20:20:30
four_3_syllable_words,6,trial_35,4,签名册,word,y,2026-03-21 20:20:35
four_3_syllable_words,6,trial_35,cue,航,cue,y,2026-03-21 20:20:39
four_3_syllable_words,6,trial_36,1,动物园,word,y,2026-03-21 20:20:44
four_3_syllable_words,6,trial_36,2,民主党,word,y,2026-03-21 20:20:51
four_3_syllable_words,6,trial_36,3,责任感,word,y,2026-03-21 20:20:56
four_3_syllable_words,6,trial_36,4,建筑师,word,y,2026-03-21 20:21:03
four_3_syllable_words,6,trial_36,cue,任,cue,y,2026-03-21 20:21:06
four_3_syllable_words,6,trial_37,1,面包机,word,y,2026-03-21 20:21:12
four_3_syllable_words,6,trial_37,2,宇航员,word,y,2026-03-21 20:21:18
four_3_syllable_words,6,trial_37,3,进行曲,word,n,2026-03-21 20:21:23
four_3_syllable_words,6,trial_37,4,排球赛,word,n,2026-03-21 20:21:28
four_3_syllable_words,6,trial_37,cue,包,cue,y,2026-03-21 20:21:32
four_3_syllable_words,6,trial_38,1,护理员,word,y,2026-03-21 20:21:39
four_3_syllable_words,6,trial_38,2,广播站,word,y,2026-03-21 20:21:44
four_3_syllable_words,6,trial_38,3,免疫力,word,y,2026-03-21 20:21:50
four_3_syllable_words,6,trial_38,4,技术员,word,y,2026-03-21 20:21:56
four_3_syllable_words,6,trial_38,cue,站,cue,y,2026-03-21 20:22:00
four_3_syllable_words,6,trial_39,1,锦标赛,word,y,2026-03-21 20:22:05
four_3_syllable_words,6,trial_39,2,储蓄卡,word,n,2026-03-21 20:22:11
four_3_syllable_words,6,trial_39,3,技术员,word,y,2026-03-21 20:22:17
four_3_syllable_words,6,trial_39,4,进行曲,word,n,2026-03-21 20:22:22
four_3_syllable_words,6,trial_39,cue,术,cue,y,2026-03-21 20:22:25
four_3_syllable_words,6,trial_40,1,男籽汉,word,n,2026-03-21 20:22:32
four_3_syllable_words,6,trial_40,2,变压器,word,y,2026-03-21 20:22:38
four_3_syllable_words,6,trial_40,3,交响悦,word,y,2026-03-21 20:22:43
four_3_syllable_words,6,trial_40,4,锦标赛,word,y,2026-03-21 20:22:48
four_3_syllable_words,6,trial_40,cue,赛,cue,y,2026-03-21 20:22:50
four_3_syllable_words,6,trial_41,1,多边形,word,y,2026-03-21 20:22:56
four_3_syllable_words,6,trial_41,2,摄影师,word,y,2026-03-21 20:23:01
four_3_syllable_words,6,trial_41,3,党中央,word,y,2026-03-21 20:23:06
four_3_syllable_words,6,trial_41,4,灵敏度,word,n,2026-03-21 20:23:12
four_3_syllable_words,6,trial_41,cue,摄,cue,y,2026-03-21 20:23:15
four_3_syllable_words,7,trial_1,1,重要性,word,y,2026-03-21 20:23:20
four_3_syllable_words,7,trial_1,2,出租车,word,y,2026-03-21 20:23:26
four_3_syllable_words,7,trial_1,3,化妆品,word,y,2026-03-21 20:23:31
four_3_syllable_words,7,trial_1,4,视网膜,word,y,2026-03-21 20:23:36
four_3_syllable_words,7,trial_1,cue,妆,cue,y,2026-03-21 20:23:39
four_3_syllable_words,7,trial_2,1,电动车,word,y,2026-03-21 20:23:44
four_3_syllable_words,7,trial_2,2,摄影师,word,y,2026-03-21 20:23:49
four_3_syllable_words,7,trial_2,3,风向标,word,y,2026-03-21 20:23:54
four_3_syllable_words,7,trial_2,4,航天员,word,y,2026-03-21 20:24:02
four_3_syllable_words,7,trial_2,cue,员,cue,y,2026-03-21 20:24:09
four_3_syllable_words,7,trial_3,1,内分泌,word,y,2026-03-21 20:24:15
four_3_syllable_words,7,trial_3,2,航天员,word,y,2026-03-21 20:24:21
four_3_syllable_words,7,trial_3,3,写字台,word,n,2026-03-21 20:24:28
four_3_syllable_words,7,trial_3,4,旅游团,word,n,2026-03-21 20:24:33
four_3_syllable_words,7,trial_3,cue,字,cue,y,2026-03-21 20:24:36
four_3_syllable_words,7,trial_4,1,氨基酸,word,n,2026-03-21 20:24:41
four_3_syllable_words,7,trial_4,2,灵敏度,word,y,2026-03-21 20:24:47
four_3_syllable_words,7,trial_4,3,接待室,word,y,2026-03-21 20:24:53
four_3_syllable_words,7,trial_4,4,视网膜,word,y,2026-03-21 20:24:58
four_3_syllable_words,7,trial_4,cue,待,cue,y,2026-03-21 20:25:01
four_3_syllable_words,7,trial_5,1,办事处,word,y,2026-03-21 20:25:07
four_3_syllable_words,7,trial_5,2,设计图,word,n,2026-03-21 20:25:12
four_3_syllable_words,7,trial_5,3,儿童节,word,y,2026-03-21 20:25:19
four_3_syllable_words,7,trial_5,4,婚姻法,word,y,2026-03-21 20:25:25
four_3_syllable_words,7,trial_5,cue,婚,cue,y,2026-03-21 20:25:28
four_3_syllable_words,7,trial_6,1,火车票,word,y,2026-03-21 20:25:33
four_3_syllable_words,7,trial_6,2,销售额,word,y,2026-03-21 20:25:41
four_3_syllable_words,7,trial_6,3,责任感,word,y,2026-03-21 20:25:45
four_3_syllable_words,7,trial_6,4,农业社,word,y,2026-03-21 20:25:51
four_3_syllable_words,7,trial_6,cue,销,cue,y,2026-03-21 20:25:53
four_3_syllable_words,7,trial_7,1,出租车,word,y,2026-03-21 20:25:58
four_3_syllable_words,7,trial_7,2,望远镜,word,y,2026-03-21 20:26:03
four_3_syllable_words,7,trial_7,3,副作用,word,y,2026-03-21 20:26:08
four_3_syllable_words,7,trial_7,4,合唱团,word,y,2026-03-21 20:26:13
four_3_syllable_words,7,trial_7,cue,副,cue,y,2026-03-21 20:26:16
four_3_syllable_words,7,trial_8,1,化妆品,word,y,2026-03-21 20:26:20
four_3_syllable_words,7,trial_8,2,广告牌,word,y,2026-03-21 20:26:25
four_3_syllable_words,7,trial_8,3,民主党,word,y,2026-03-21 20:26:31
four_3_syllable_words,7,trial_8,4,儿童节,word,y,2026-03-21 20:26:37
four_3_syllable_words,7,trial_8,cue,主,cue,y,2026-03-21 20:26:39
four_3_syllable_words,7,trial_9,1,检察官,word,y,2026-03-21 20:26:44
four_3_syllable_words,7,trial_9,2,抗生素,word,y,2026-03-21 20:26:49
four_3_syllable_words,7,trial_9,3,放大镜,word,y,2026-03-21 20:26:55
four_3_syllable_words,7,trial_9,4,锦标赛,word,y,2026-03-21 20:27:00
four_3_syllable_words,7,trial_9,cue,大,cue,y,2026-03-21 20:27:04
four_3_syllable_words,7,trial_10,1,营业员,word,y,2026-03-21 20:27:09
four_3_syllable_words,7,trial_10,2,录取线,word,y,2026-03-21 20:27:16
four_3_syllable_words,7,trial_10,3,暴风雨,word,y,2026-03-21 20:27:21
four_3_syllable_words,7,trial_10,4,玻璃杯,word,n,2026-03-21 20:27:28
four_3_syllable_words,7,trial_10,cue,杯,cue,y,2026-03-21 20:27:30
four_3_syllable_words,7,trial_11,1,面包机,word,y,2026-03-21 20:27:35
four_3_syllable_words,7,trial_11,2,催化剂,word,y,2026-03-21 20:27:40
four_3_syllable_words,7,trial_11,3,创造力,word,y,2026-03-21 20:27:44
four_3_syllable_words,7,trial_11,4,科学家,word,y,2026-03-21 20:27:48
four_3_syllable_words,7,trial_11,cue,科,cue,y,2026-03-21 20:27:51
four_3_syllable_words,7,trial_12,1,营业员,word,y,2026-03-21 20:27:56
four_3_syllable_words,7,trial_12,2,放大镜,word,y,2026-03-21 20:28:01
four_3_syllable_words,7,trial_12,3,高利贷,word,y,2026-03-21 20:28:06
four_3_syllable_words,7,trial_12,4,保温杯,word,y,2026-03-21 20:28:11
four_3_syllable_words,7,trial_12,cue,员,cue,y,2026-03-21 20:28:14
four_3_syllable_words,7,trial_13,1,研究生,word,y,2026-03-21 20:28:20
four_3_syllable_words,7,trial_13,2,自来水,word,y,2026-03-21 20:28:25
four_3_syllable_words,7,trial_13,3,灵敏度,word,y,2026-03-21 20:28:31
four_3_syllable_words,7,trial_13,4,普通话,word,y,2026-03-21 20:28:36
four_3_syllable_words,7,trial_13,cue,敏,cue,n,2026-03-21 20:28:40
four_3_syllable_words,7,trial_14,1,猫头鹰,word,y,2026-03-21 20:28:45
four_3_syllable_words,7,trial_14,2,录音机,word,y,2026-03-21 20:28:50
four_3_syllable_words,7,trial_14,3,介绍信,word,y,2026-03-21 20:28:55
four_3_syllable_words,7,trial_14,4,广播站,word,y,2026-03-21 20:29:00
four_3_syllable_words,7,trial_14,cue,头,cue,y,2026-03-21 20:29:04
four_3_syllable_words,7,trial_15,1,俱乐部,word,y,2026-03-21 20:29:09
four_3_syllable_words,7,trial_15,2,练习册,word,y,2026-03-21 20:29:14
four_3_syllable_words,7,trial_15,3,高血压,word,y,2026-03-21 20:29:21
four_3_syllable_words,7,trial_15,4,毕业证,word,y,2026-03-21 20:29:26
four_3_syllable_words,7,trial_15,cue,血,cue,y,2026-03-21 20:29:30
four_3_syllable_words,7,trial_16,1,发动机,word,y,2026-03-21 20:29:36
four_3_syllable_words,7,trial_16,2,高血压,word,y,2026-03-21 20:29:41
four_3_syllable_words,7,trial_16,3,直辖市,word,n,2026-03-21 20:29:47
four_3_syllable_words,7,trial_16,4,救护车,word,y,2026-03-21 20:29:52
four_3_syllable_words,7,trial_16,cue,机,cue,y,2026-03-21 20:29:56
four_3_syllable_words,7,trial_17,1,暴风雨,word,y,2026-03-21 20:30:01
four_3_syllable_words,7,trial_17,2,青哨年,word,y,2026-03-21 20:30:06
four_3_syllable_words,7,trial_17,3,菜市场,word,n,2026-03-21 20:30:11
four_3_syllable_words,7,trial_17,4,紫外线,word,y,2026-03-21 20:30:16
four_3_syllable_words,7,trial_17,cue,菜,cue,y,2026-03-21 20:30:19
four_3_syllable_words,7,trial_18,1,消费者,word,y,2026-03-21 20:30:24
four_3_syllable_words,7,trial_18,2,写字台,word,n,2026-03-21 20:30:30
four_3_syllable_words,7,trial_18,3,玻璃杯,word,y,2026-03-21 20:30:34
four_3_syllable_words,7,trial_18,4,儿童节,word,y,2026-03-21 20:30:39
four_3_syllable_words,7,trial_18,cue,儿,cue,y,2026-03-21 20:30:42
four_3_syllable_words,7,trial_19,1,畜牧业,word,y,2026-03-21 20:30:47
four_3_syllable_words,7,trial_19,2,保温杯,word,y,2026-03-21 20:30:53
four_3_syllable_words,7,trial_19,3,参考书,word,n,2026-03-21 20:30:59
four_3_syllable_words,7,trial_19,4,化妆品,word,y,2026-03-21 20:31:04
four_3_syllable_words,7,trial_19,cue,杯,cue,y,2026-03-21 20:31:07
four_3_syllable_words,7,trial_20,1,反动派,word,y,2026-03-21 20:31:12
four_3_syllable_words,7,trial_20,2,免税店,word,y,2026-03-21 20:31:18
four_3_syllable_words,7,trial_20,3,荧光屏,word,n,2026-03-21 20:31:24
four_3_syllable_words,7,trial_20,4,自然界,word,y,2026-03-21 20:31:29
four_3_syllable_words,7,trial_20,cue,自,cue,y,2026-03-21 20:31:31
four_3_syllable_words,7,trial_21,1,抗生素,word,y,2026-03-21 20:31:37
four_3_syllable_words,7,trial_21,2,介绍信,word,y,2026-03-21 20:31:42
four_3_syllable_words,7,trial_21,3,电冰箱,word,y,2026-03-21 20:31:48
four_3_syllable_words,7,trial_21,4,建设部,word,n,2026-03-21 20:31:53
four_3_syllable_words,7,trial_21,cue,介,cue,y,2026-03-21 20:31:56
four_3_syllable_words,7,trial_22,1,排球赛,word,y,2026-03-21 20:32:02
four_3_syllable_words,7,trial_22,2,畜牧业,word,y,2026-03-21 20:32:07
four_3_syllable_words,7,trial_22,3,代表团,word,y,2026-03-21 20:32:12
four_3_syllable_words,7,trial_22,4,黑板报,word,y,2026-03-21 20:32:17
four_3_syllable_words,7,trial_22,cue,表,cue,y,2026-03-21 20:32:21
four_3_syllable_words,7,trial_23,1,紫外线,word,y,2026-03-21 20:32:26
four_3_syllable_words,7,trial_23,2,猫头鹰,word,y,2026-03-21 20:32:32
four_3_syllable_words,7,trial_23,3,艺术品,word,y,2026-03-21 20:32:37
four_3_syllable_words,7,trial_23,4,设计图,word,y,2026-03-21 20:32:42
four_3_syllable_words,7,trial_23,cue,艺,cue,y,2026-03-21 20:32:47
four_3_syllable_words,7,trial_24,1,加工厂,word,y,2026-03-21 20:54:24
four_3_syllable_words,7,trial_24,2,风向标,word,y,2026-03-21 20:54:30
four_3_syllable_words,7,trial_24,3,排球赛,word,y,2026-03-21 20:54:36
four_3_syllable_words,7,trial_24,4,同位素,word,y,2026-03-21 20:54:41
four_3_syllable_words,7,trial_24,cue,排,cue,y,2026-03-21 20:54:48
four_3_syllable_words,7,trial_25,1,广告牌,word,y,2026-03-21 20:54:55
four_3_syllable_words,7,trial_25,2,冷空气,word,y,2026-03-21 20:55:00
four_3_syllable_words,7,trial_25,3,公安局,word,y,2026-03-21 20:55:05
four_3_syllable_words,7,trial_25,4,科学馆,word,y,2026-03-21 20:55:11
four_3_syllable_words,7,trial_25,cue,气,cue,n,2026-03-21 20:55:14
four_3_syllable_words,7,trial_26,1,面包机,word,y,2026-03-21 20:55:19
four_3_syllable_words,7,trial_26,2,传感器,word,y,2026-03-21 20:55:23
four_3_syllable_words,7,trial_26,3,核电站,word,y,2026-03-21 20:55:28
four_3_syllable_words,7,trial_26,4,副作用,word,y,2026-03-21 20:55:32
four_3_syllable_words,7,trial_26,cue,机,cue,y,2026-03-21 20:55:37
four_3_syllable_words,7,trial_27,1,俱乐部,word,y,2026-03-21 20:55:41
four_3_syllable_words,7,trial_27,2,太阳能,word,y,2026-03-21 20:55:46
four_3_syllable_words,7,trial_27,3,价值观,word,y,2026-03-21 20:55:51
four_3_syllable_words,7,trial_27,4,方程式,word,y,2026-03-21 20:55:55
four_3_syllable_words,7,trial_27,cue,乐,cue,y,2026-03-21 20:55:58
four_3_syllable_words,7,trial_28,1,银河系,word,y,2026-03-21 20:56:03
four_3_syllable_words,7,trial_28,2,自然界,word,y,2026-03-21 20:56:07
four_3_syllable_words,7,trial_28,3,招待所,word,y,2026-03-21 20:56:12
four_3_syllable_words,7,trial_28,4,合唱团,word,y,2026-03-21 20:56:16
four_3_syllable_words,7,trial_28,cue,系,cue,y,2026-03-21 20:56:19
four_3_syllable_words,7,trial_29,1,联合国,word,y,2026-03-21 20:56:24
four_3_syllable_words,7,trial_29,2,参考书,word,y,2026-03-21 20:56:28
four_3_syllable_words,7,trial_29,3,反动派,word,y,2026-03-21 20:56:33
four_3_syllable_words,7,trial_29,4,煤气灶,word,y,2026-03-21 20:56:41
four_3_syllable_words,7,trial_29,cue,书,cue,y,2026-03-21 20:56:47
four_3_syllable_words,7,trial_30,1,科学馆,word,y,2026-03-21 20:56:54
four_3_syllable_words,7,trial_30,2,氨基酸,word,y,2026-03-21 20:56:59
four_3_syllable_words,7,trial_30,3,自然界,word,y,2026-03-21 20:57:04
four_3_syllable_words,7,trial_30,4,内分泌,word,y,2026-03-21 20:57:09
four_3_syllable_words,7,trial_30,cue,然,cue,y,2026-03-21 20:57:11
four_3_syllable_words,7,trial_31,1,出租车,word,y,2026-03-21 20:57:16
four_3_syllable_words,7,trial_31,2,银河系,word,y,2026-03-21 20:57:20
four_3_syllable_words,7,trial_31,3,核电站,word,y,2026-03-21 20:57:25
four_3_syllable_words,7,trial_31,4,葡萄糖,word,y,2026-03-21 20:57:31
four_3_syllable_words,7,trial_31,cue,核,cue,y,2026-03-21 20:57:33
four_3_syllable_words,7,trial_32,1,农业社,word,y,2026-03-21 20:57:39
four_3_syllable_words,7,trial_32,2,气象站,word,y,2026-03-21 20:57:43
four_3_syllable_words,7,trial_32,3,收音机,word,y,2026-03-21 20:57:48
four_3_syllable_words,7,trial_32,4,广告牌,word,y,2026-03-21 20:57:55
four_3_syllable_words,7,trial_32,cue,业,cue,y,2026-03-21 20:57:59
four_3_syllable_words,7,trial_33,1,介绍信,word,y,2026-03-21 20:58:07
four_3_syllable_words,7,trial_33,2,发动机,word,y,2026-03-21 20:58:12
four_3_syllable_words,7,trial_33,3,笔记本,word,n,2026-03-21 20:58:18
four_3_syllable_words,7,trial_33,4,摄影师,word,y,2026-03-21 20:58:24
four_3_syllable_words,7,trial_33,cue,师,cue,y,2026-03-21 20:58:26
four_3_syllable_words,7,trial_34,1,青哨年,word,y,2026-03-21 20:58:32
four_3_syllable_words,7,trial_34,2,穿山甲,word,y,2026-03-21 20:58:39
four_3_syllable_words,7,trial_34,3,联合国,word,y,2026-03-21 20:58:46
four_3_syllable_words,7,trial_34,4,加工厂,word,y,2026-03-21 20:58:51
four_3_syllable_words,7,trial_34,cue,加,cue,y,2026-03-21 20:58:58
four_3_syllable_words,7,trial_35,1,海平面,word,y,2026-03-21 20:59:09
four_3_syllable_words,7,trial_35,2,新闻稿,word,y,2026-03-21 20:59:14
four_3_syllable_words,7,trial_35,3,紫外线,word,y,2026-03-21 20:59:20
four_3_syllable_words,7,trial_35,4,视网膜,word,y,2026-03-21 20:59:27
four_3_syllable_words,7,trial_35,cue,视,cue,y,2026-03-21 20:59:32
four_3_syllable_words,7,trial_36,1,防火墙,word,y,2026-03-21 20:59:38
four_3_syllable_words,7,trial_36,2,海平面,word,y,2026-03-21 20:59:43
four_3_syllable_words,7,trial_36,3,创造力,word,y,2026-03-21 20:59:51
four_3_syllable_words,7,trial_36,4,航天员,word,y,2026-03-21 20:59:58
four_3_syllable_words,7,trial_36,cue,火,cue,y,2026-03-21 21:00:19
four_3_syllable_words,7,trial_37,1,科学家,word,y,2026-03-21 21:00:24
four_3_syllable_words,7,trial_37,2,营业员,word,y,2026-03-21 21:00:29
four_3_syllable_words,7,trial_37,3,感染源,word,y,2026-03-21 21:00:35
four_3_syllable_words,7,trial_37,4,方程式,word,y,2026-03-21 21:00:41
four_3_syllable_words,7,trial_37,cue,程,cue,y,2026-03-21 21:00:46
four_3_syllable_words,7,trial_38,1,猫头鹰,word,y,2026-03-21 21:00:54
four_3_syllable_words,7,trial_38,2,排球赛,word,y,2026-03-21 21:01:05
four_3_syllable_words,7,trial_38,3,储蓄卡,word,y,2026-03-21 21:01:11
four_3_syllable_words,7,trial_38,4,艺术品,word,y,2026-03-21 21:01:17
four_3_syllable_words,7,trial_38,cue,术,cue,y,2026-03-21 21:01:19
four_3_syllable_words,7,trial_39,1,反动派,word,y,2026-03-21 21:01:25
four_3_syllable_words,7,trial_39,2,风向标,word,y,2026-03-21 21:01:43
four_3_syllable_words,7,trial_39,3,毕业证,word,y,2026-03-21 21:01:53
four_3_syllable_words,7,trial_39,4,图书馆,word,y,2026-03-21 21:02:29
four_3_syllable_words,7,trial_39,cue,馆,cue,y,2026-03-21 21:02:39
four_3_syllable_words,7,trial_40,1,绘画展,word,y,2026-03-21 21:02:51
four_3_syllable_words,7,trial_40,2,营业员,word,y,2026-03-21 21:03:07
four_3_syllable_words,7,trial_40,3,蒸馏水,word,y,2026-03-21 21:03:13
four_3_syllable_words,7,trial_40,4,广播剧,word,n,2026-03-21 21:03:22
four_3_syllable_words,7,trial_40,cue,播,cue,y,2026-03-21 21:03:36
four_3_syllable_words,7,trial_41,1,火车票,word,y,2026-03-21 21:03:43
four_3_syllable_words,7,trial_41,2,西红柿,word,y,2026-03-21 21:03:48
four_3_syllable_words,7,trial_41,3,科学家,word,y,2026-03-21 21:03:55
four_3_syllable_words,7,trial_41,4,男籽汉,word,y,2026-03-21 21:04:00
four_3_syllable_words,7,trial_41,cue,汉,cue,y,2026-03-21 21:04:03
four_3_syllable_words,8,trial_1,1,加工厂,word,y,2026-03-21 21:04:10
four_3_syllable_words,8,trial_1,2,工艺品,word,y,2026-03-21 21:04:15
four_3_syllable_words,8,trial_1,3,纪念碑,word,y,2026-03-21 21:04:20
four_3_syllable_words,8,trial_1,4,爆破队,word,y,2026-03-21 21:04:30
four_3_syllable_words,8,trial_1,cue,念,cue,y,2026-03-21 21:04:35
four_3_syllable_words,8,trial_2,1,科学馆,word,y,2026-03-21 21:04:41
four_3_syllable_words,8,trial_2,2,消费者,word,y,2026-03-21 21:04:47
four_3_syllable_words,8,trial_2,3,航天员,word,y,2026-03-21 21:04:54
four_3_syllable_words,8,trial_2,4,保险箱,word,y,2026-03-21 21:05:01
four_3_syllable_words,8,trial_2,cue,保,cue,y,2026-03-21 21:05:04
four_3_syllable_words,8,trial_3,1,连锁店,word,y,2026-03-21 21:05:12
four_3_syllable_words,8,trial_3,2,紫外线,word,y,2026-03-21 21:05:17
four_3_syllable_words,8,trial_3,3,运输车,word,y,2026-03-21 21:05:23
four_3_syllable_words,8,trial_3,4,民主党,word,y,2026-03-21 21:05:33
four_3_syllable_words,8,trial_3,cue,输,cue,y,2026-03-21 21:05:36
four_3_syllable_words,8,trial_4,1,工艺品,word,y,2026-03-21 21:05:41
four_3_syllable_words,8,trial_4,2,俱乐部,word,y,2026-03-21 21:05:46
four_3_syllable_words,8,trial_4,3,介绍信,word,y,2026-03-21 21:05:53
four_3_syllable_words,8,trial_4,4,爆破队,word,y,2026-03-21 21:05:57
four_3_syllable_words,8,trial_4,cue,爆,cue,y,2026-03-21 21:06:00
four_3_syllable_words,8,trial_5,1,灵敏度,word,n,2026-03-21 21:06:05
four_3_syllable_words,8,trial_5,2,方程式,word,y,2026-03-21 21:06:09
four_3_syllable_words,8,trial_5,3,副作用,word,y,2026-03-21 21:06:14
four_3_syllable_words,8,trial_5,4,传感器,word,y,2026-03-21 21:06:21
four_3_syllable_words,8,trial_5,cue,方,cue,y,2026-03-21 21:06:24
four_3_syllable_words,8,trial_6,1,练习册,word,y,2026-03-21 21:06:29
four_3_syllable_words,8,trial_6,2,建筑师,word,y,2026-03-21 21:06:35
four_3_syllable_words,8,trial_6,3,单细胞,word,y,2026-03-21 21:06:40
four_3_syllable_words,8,trial_6,4,社会学,word,y,2026-03-21 21:06:45
four_3_syllable_words,8,trial_6,cue,建,cue,y,2026-03-21 21:06:48
four_3_syllable_words,8,trial_7,1,手榴弹,word,n,2026-03-21 21:06:53
four_3_syllable_words,8,trial_7,2,动物园,word,y,2026-03-21 21:06:58
four_3_syllable_words,8,trial_7,3,紫外线,word,y,2026-03-21 21:07:04
four_3_syllable_words,8,trial_7,4,煤气灶,word,y,2026-03-21 21:07:10
four_3_syllable_words,8,trial_7,cue,外,cue,y,2026-03-21 21:07:13
four_3_syllable_words,8,trial_8,1,广播剧,word,y,2026-03-21 21:07:17
four_3_syllable_words,8,trial_8,2,病原体,word,y,2026-03-21 21:07:22
four_3_syllable_words,8,trial_8,3,新闻稿,word,y,2026-03-21 21:07:27
four_3_syllable_words,8,trial_8,4,穿山甲,word,y,2026-03-21 21:07:35
four_3_syllable_words,8,trial_8,cue,闻,cue,y,2026-03-21 21:07:39
four_3_syllable_words,8,trial_9,1,望远镜,word,y,2026-03-21 21:07:44
four_3_syllable_words,8,trial_9,2,风向标,word,y,2026-03-21 21:07:53
four_3_syllable_words,8,trial_9,3,广告牌,word,y,2026-03-21 21:07:58
four_3_syllable_words,8,trial_9,4,摄影师,word,y,2026-03-21 21:08:02
four_3_syllable_words,8,trial_9,cue,风,cue,y,2026-03-21 21:08:05
four_3_syllable_words,8,trial_10,1,会议室,word,y,2026-03-21 21:08:10
four_3_syllable_words,8,trial_10,2,救护车,word,y,2026-03-21 21:08:17
four_3_syllable_words,8,trial_10,3,办事处,word,n,2026-03-21 21:08:27
four_3_syllable_words,8,trial_10,4,传感器,word,y,2026-03-21 21:08:37
four_3_syllable_words,8,trial_10,cue,议,cue,y,2026-03-21 21:08:42
four_3_syllable_words,8,trial_11,1,乒乓球,word,y,2026-03-21 21:08:47
four_3_syllable_words,8,trial_11,2,建设部,word,y,2026-03-21 21:08:53
four_3_syllable_words,8,trial_11,3,免税店,word,y,2026-03-21 21:09:02
four_3_syllable_words,8,trial_11,4,社会学,word,y,2026-03-21 21:09:07
four_3_syllable_words,8,trial_11,cue,球,cue,y,2026-03-21 21:09:09
four_3_syllable_words,8,trial_12,1,黑板报,word,y,2026-03-21 21:09:14
four_3_syllable_words,8,trial_12,2,防火墙,word,y,2026-03-21 21:09:19
four_3_syllable_words,8,trial_12,3,交通灯,word,y,2026-03-21 21:09:24
four_3_syllable_words,8,trial_12,4,传叫士,word,y,2026-03-21 21:09:33
four_3_syllable_words,8,trial_12,cue,防,cue,y,2026-03-21 21:09:36
four_3_syllable_words,8,trial_13,1,普通话,word,y,2026-03-21 21:09:45
four_3_syllable_words,8,trial_13,2,风向标,word,y,2026-03-21 21:09:52
four_3_syllable_words,8,trial_13,3,自来水,word,y,2026-03-21 21:10:02
four_3_syllable_words,8,trial_13,4,发动机,word,y,2026-03-21 21:10:09
four_3_syllable_words,8,trial_13,cue,发,cue,y,2026-03-21 21:10:13
four_3_syllable_words,8,trial_14,1,黑板报,word,y,2026-03-21 21:10:18
four_3_syllable_words,8,trial_14,2,紫外线,word,y,2026-03-21 21:10:28
four_3_syllable_words,8,trial_14,3,民主党,word,y,2026-03-21 21:10:38
four_3_syllable_words,8,trial_14,4,进行曲,word,n,2026-03-21 21:10:49
four_3_syllable_words,8,trial_14,cue,线,cue,y,2026-03-21 21:10:53
four_3_syllable_words,8,trial_15,1,护理员,word,y,2026-03-21 21:10:58
four_3_syllable_words,8,trial_15,2,录音机,word,y,2026-03-21 21:11:05
four_3_syllable_words,8,trial_15,3,神经元,word,y,2026-03-21 21:11:13
four_3_syllable_words,8,trial_15,4,灵敏度,word,y,2026-03-21 21:11:20
four_3_syllable_words,8,trial_15,cue,理,cue,y,2026-03-21 21:11:27
four_3_syllable_words,8,trial_16,1,反动派,word,y,2026-03-21 21:11:33
four_3_syllable_words,8,trial_16,2,收音机,word,y,2026-03-21 21:11:40
four_3_syllable_words,8,trial_16,3,保温杯,word,y,2026-03-21 21:11:48
four_3_syllable_words,8,trial_16,4,摄影师,word,y,2026-03-21 21:11:53
four_3_syllable_words,8,trial_16,cue,影,cue,y,2026-03-21 21:11:57
four_3_syllable_words,8,trial_17,1,补习班,word,y,2026-03-21 21:12:04
four_3_syllable_words,8,trial_17,2,设计图,word,y,2026-03-21 21:12:09
four_3_syllable_words,8,trial_17,3,办事处,word,y,2026-03-21 21:12:15
four_3_syllable_words,8,trial_17,4,高利贷,word,y,2026-03-21 21:12:19
four_3_syllable_words,8,trial_17,cue,设,cue,y,2026-03-21 21:12:22
four_3_syllable_words,8,trial_18,1,传叫士,word,y,2026-03-21 21:12:29
four_3_syllable_words,8,trial_18,2,西红柿,word,y,2026-03-21 21:12:40
four_3_syllable_words,8,trial_18,3,病原体,word,y,2026-03-21 21:12:47
four_3_syllable_words,8,trial_18,4,穿山甲,word,y,2026-03-21 21:12:57
four_3_syllable_words,8,trial_18,cue,柿,cue,y,2026-03-21 21:13:07
four_3_syllable_words,8,trial_19,1,猫头鹰,word,y,2026-03-21 21:13:13
four_3_syllable_words,8,trial_19,2,男籽汉,word,y,2026-03-21 21:13:20
four_3_syllable_words,8,trial_19,3,科学馆,word,y,2026-03-21 21:13:27
four_3_syllable_words,8,trial_19,4,建筑师,word,y,2026-03-21 21:13:33
four_3_syllable_words,8,trial_19,cue,筑,cue,y,2026-03-21 21:13:40
four_3_syllable_words,8,trial_20,1,抗生素,word,y,2026-03-21 21:13:49
four_3_syllable_words,8,trial_20,2,补习班,word,y,2026-03-21 21:13:56
four_3_syllable_words,8,trial_20,3,变压器,word,y,2026-03-21 21:14:02
four_3_syllable_words,8,trial_20,4,黑板报,word,y,2026-03-21 21:14:06
four_3_syllable_words,8,trial_20,cue,压,cue,y,2026-03-21 21:14:09
four_3_syllable_words,8,trial_21,1,放映厅,word,y,2026-03-21 21:14:15
four_3_syllable_words,8,trial_21,2,玻璃杯,word,y,2026-03-21 21:14:21
four_3_syllable_words,8,trial_21,3,参谋掌,word,y,2026-03-21 21:14:30
four_3_syllable_words,8,trial_21,4,创造力,word,y,2026-03-21 21:14:37
four_3_syllable_words,8,trial_21,cue,厅,cue,y,2026-03-21 21:14:39
four_3_syllable_words,8,trial_22,1,男籽汉,word,y,2026-03-21 21:14:44
four_3_syllable_words,8,trial_22,2,设计图,word,y,2026-03-21 21:14:49
four_3_syllable_words,8,trial_22,3,猫头鹰,word,y,2026-03-21 21:14:53
four_3_syllable_words,8,trial_22,4,保险箱,word,y,2026-03-21 21:14:58
four_3_syllable_words,8,trial_22,cue,籽,cue,n,2026-03-21 21:15:03
four_3_syllable_words,8,trial_23,1,传叫士,word,n,2026-03-21 21:15:14
four_3_syllable_words,8,trial_23,2,生产线,word,y,2026-03-21 21:15:18
four_3_syllable_words,8,trial_23,3,打字员,word,y,2026-03-21 21:15:24
four_3_syllable_words,8,trial_23,4,连锁店,word,y,2026-03-21 21:15:29
four_3_syllable_words,8,trial_23,cue,字,cue,y,2026-03-21 21:15:32
four_3_syllable_words,8,trial_24,1,放映厅,word,y,2026-03-21 21:15:38
four_3_syllable_words,8,trial_24,2,参考书,word,y,2026-03-21 21:15:43
four_3_syllable_words,8,trial_24,3,同位素,word,y,2026-03-21 21:15:48
four_3_syllable_words,8,trial_24,4,招待所,word,y,2026-03-21 21:15:54
four_3_syllable_words,8,trial_24,cue,待,cue,y,2026-03-21 21:15:56
four_3_syllable_words,8,trial_25,1,传叫士,word,y,2026-03-21 21:16:01
four_3_syllable_words,8,trial_25,2,魔术师,word,y,2026-03-21 21:16:07
four_3_syllable_words,8,trial_25,3,录取线,word,y,2026-03-21 21:16:12
four_3_syllable_words,8,trial_25,4,儿童节,word,y,2026-03-21 21:16:17
four_3_syllable_words,8,trial_25,cue,取,cue,y,2026-03-21 21:16:20
four_3_syllable_words,8,trial_26,1,望远镜,word,y,2026-03-21 21:16:25
four_3_syllable_words,8,trial_26,2,催化剂,word,y,2026-03-21 21:16:32
four_3_syllable_words,8,trial_26,3,排球赛,word,y,2026-03-21 21:16:37
four_3_syllable_words,8,trial_26,4,计算题,word,y,2026-03-21 21:16:46
four_3_syllable_words,8,trial_26,cue,算,cue,y,2026-03-21 21:16:51
four_3_syllable_words,8,trial_27,1,手榴弹,word,n,2026-03-21 21:16:58
four_3_syllable_words,8,trial_27,2,参考书,word,y,2026-03-21 21:17:02
four_3_syllable_words,8,trial_27,3,爆破队,word,y,2026-03-21 21:17:09
four_3_syllable_words,8,trial_27,4,旅游团,word,y,2026-03-21 21:17:15
four_3_syllable_words,8,trial_27,cue,团,cue,y,2026-03-21 21:17:16
four_3_syllable_words,8,trial_28,1,纪念碑,word,y,2026-03-21 21:17:21
four_3_syllable_words,8,trial_28,2,储蓄卡,word,y,2026-03-21 21:17:30
four_3_syllable_words,8,trial_28,3,暴风雨,word,y,2026-03-21 21:17:37
four_3_syllable_words,8,trial_28,4,补习班,word,y,2026-03-21 21:17:42
four_3_syllable_words,8,trial_28,cue,习,cue,y,2026-03-21 21:17:45
four_3_syllable_words,8,trial_29,1,进行曲,word,n,2026-03-21 21:17:53
four_3_syllable_words,8,trial_29,2,农业社,word,y,2026-03-21 21:18:02
four_3_syllable_words,8,trial_29,3,煤气灶,word,y,2026-03-21 21:18:09
four_3_syllable_words,8,trial_29,4,补习班,word,y,2026-03-21 21:18:14
four_3_syllable_words,8,trial_29,cue,班,cue,y,2026-03-21 21:18:19
four_3_syllable_words,8,trial_30,1,方程式,word,y,2026-03-21 21:18:24
four_3_syllable_words,8,trial_30,2,进行曲,word,n,2026-03-21 21:18:30
four_3_syllable_words,8,trial_30,3,社会学,word,y,2026-03-21 21:18:36
four_3_syllable_words,8,trial_30,4,录音机,word,y,2026-03-21 21:18:43
four_3_syllable_words,8,trial_30,cue,曲,cue,n,2026-03-21 21:18:49
four_3_syllable_words,8,trial_31,1,煤气灶,word,y,2026-03-21 21:18:56
four_3_syllable_words,8,trial_31,2,公安局,word,y,2026-03-21 21:19:01
four_3_syllable_words,8,trial_31,3,婚姻法,word,y,2026-03-21 21:19:07
four_3_syllable_words,8,trial_31,4,进行曲,word,n,2026-03-21 21:19:14
four_3_syllable_words,8,trial_31,cue,姻,cue,y,2026-03-21 21:19:18
four_3_syllable_words,8,trial_32,1,联合国,word,y,2026-03-21 21:19:23
four_3_syllable_words,8,trial_32,2,交响悦,word,y,2026-03-21 21:19:31
four_3_syllable_words,8,trial_32,3,创造力,word,y,2026-03-21 21:19:38
four_3_syllable_words,8,trial_32,4,民主党,word,y,2026-03-21 21:19:43
four_3_syllable_words,8,trial_32,cue,创,cue,y,2026-03-21 21:19:46
four_3_syllable_words,8,trial_33,1,冷空气,word,y,2026-03-21 21:19:51
four_3_syllable_words,8,trial_33,2,技术员,word,y,2026-03-21 21:20:05
four_3_syllable_words,8,trial_33,3,写字台,word,y,2026-03-21 21:20:12
four_3_syllable_words,8,trial_33,4,副作用,word,y,2026-03-21 21:20:18
four_3_syllable_words,8,trial_33,cue,空,cue,y,2026-03-21 21:20:23
four_3_syllable_words,8,trial_34,1,抗生素,word,y,2026-03-21 21:20:29
four_3_syllable_words,8,trial_34,2,自然界,word,y,2026-03-21 21:20:38
four_3_syllable_words,8,trial_34,3,病原体,word,y,2026-03-21 21:20:44
four_3_syllable_words,8,trial_34,4,排球赛,word,y,2026-03-21 21:20:50
four_3_syllable_words,8,trial_34,cue,病,cue,y,2026-03-21 21:20:56
four_3_syllable_words,8,trial_35,1,内分泌,word,y,2026-03-21 21:21:06
four_3_syllable_words,8,trial_35,2,营业员,word,y,2026-03-21 21:21:14
four_3_syllable_words,8,trial_35,3,纪念碑,word,y,2026-03-21 21:21:21
four_3_syllable_words,8,trial_35,4,马铃薯,word,y,2026-03-21 21:21:34
four_3_syllable_words,8,trial_35,cue,泌,cue,n,2026-03-21 21:21:38
four_3_syllable_words,8,trial_36,1,超声波,word,y,2026-03-21 21:21:45
four_3_syllable_words,8,trial_36,2,宇航员,word,y,2026-03-21 21:21:51
four_3_syllable_words,8,trial_36,3,科学馆,word,y,2026-03-21 21:21:56
four_3_syllable_words,8,trial_36,4,出版社,word,y,2026-03-21 21:22:03
four_3_syllable_words,8,trial_36,cue,版,cue,y,2026-03-21 21:22:11
four_3_syllable_words,8,trial_37,1,护理员,word,y,2026-03-21 21:22:17
four_3_syllable_words,8,trial_37,2,纪念碑,word,y,2026-03-21 21:22:24
four_3_syllable_words,8,trial_37,3,免疫力,word,y,2026-03-21 21:22:29
four_3_syllable_words,8,trial_37,4,相对论,word,y,2026-03-21 21:22:35
four_3_syllable_words,8,trial_37,cue,疫,cue,y,2026-03-21 21:22:40
four_3_syllable_words,8,trial_38,1,练习册,word,y,2026-03-21 21:22:46
four_3_syllable_words,8,trial_38,2,同位素,word,y,2026-03-21 21:22:52
four_3_syllable_words,8,trial_38,3,写字台,word,y,2026-03-21 21:23:03
four_3_syllable_words,8,trial_38,4,创造力,word,y,2026-03-21 21:23:08
four_3_syllable_words,8,trial_38,cue,造,cue,y,2026-03-21 21:23:14
four_3_syllable_words,8,trial_39,1,责任感,word,y,2026-03-21 21:23:20
four_3_syllable_words,8,trial_39,2,保温杯,word,y,2026-03-21 21:23:25
four_3_syllable_words,8,trial_39,3,天花板,word,y,2026-03-21 21:23:32
four_3_syllable_words,8,trial_39,4,青哨年,word,y,2026-03-21 21:23:39
four_3_syllable_words,8,trial_39,cue,年,cue,y,2026-03-21 21:23:47
four_3_syllable_words,8,trial_40,1,荧光屏,word,y,2026-03-21 21:23:53
four_3_syllable_words,8,trial_40,2,纪念碑,word,y,2026-03-21 21:23:59
four_3_syllable_words,8,trial_40,3,理工科,word,y,2026-03-21 21:24:04
four_3_syllable_words,8,trial_40,4,电动车,word,y,2026-03-21 21:24:10
four_3_syllable_words,8,trial_40,cue,理,cue,y,2026-03-21 21:24:14
four_3_syllable_words,8,trial_41,1,障碍物,word,y,2026-03-21 21:24:22
four_3_syllable_words,8,trial_41,2,超声波,word,y,2026-03-21 21:24:29
four_3_syllable_words,8,trial_41,3,手榴弹,word,n,2026-03-21 21:24:34
four_3_syllable_words,8,trial_41,4,发动机,word,y,2026-03-21 21:24:40
four_3_syllable_words,8,trial_41,cue,碍,cue,y,2026-03-21 21:24:43
four_3_syllable_words,9,trial_1,1,广播剧,word,y,2026-03-21 21:24:49
four_3_syllable_words,9,trial_1,2,社会学,word,y,2026-03-21 21:24:55
four_3_syllable_words,9,trial_1,3,毕业证,word,y,2026-03-21 21:25:00
four_3_syllable_words,9,trial_1,4,志愿军,word,y,2026-03-21 21:25:06
four_3_syllable_words,9,trial_1,cue,军,cue,y,2026-03-21 21:25:10
four_3_syllable_words,9,trial_2,1,招待所,word,y,2026-03-21 21:25:15
four_3_syllable_words,9,trial_2,2,补习班,word,y,2026-03-21 21:25:21
four_3_syllable_words,9,trial_2,3,社会学,word,y,2026-03-21 21:25:26
four_3_syllable_words,9,trial_2,4,相对论,word,y,2026-03-21 21:25:30
four_3_syllable_words,9,trial_2,cue,所,cue,y,2026-03-21 21:25:35
four_3_syllable_words,9,trial_3,1,金黄色,word,y,2026-03-21 21:25:42
four_3_syllable_words,9,trial_3,2,录取线,word,y,2026-03-21 21:25:47
four_3_syllable_words,9,trial_3,3,合唱团,word,y,2026-03-21 21:25:53
four_3_syllable_words,9,trial_3,4,党中央,word,y,2026-03-21 21:25:58
four_3_syllable_words,9,trial_3,cue,中,cue,y,2026-03-21 21:26:00
four_3_syllable_words,9,trial_4,1,淋巴结,word,y,2026-03-21 21:26:05
four_3_syllable_words,9,trial_4,2,呼吸道,word,y,2026-03-21 21:26:10
four_3_syllable_words,9,trial_4,3,传感器,word,y,2026-03-21 21:26:17
four_3_syllable_words,9,trial_4,4,研究生,word,y,2026-03-21 21:26:23
four_3_syllable_words,9,trial_4,cue,生,cue,y,2026-03-21 21:26:25
four_3_syllable_words,9,trial_5,1,接待室,word,y,2026-03-21 21:26:30
four_3_syllable_words,9,trial_5,2,联合国,word,y,2026-03-21 21:26:38
four_3_syllable_words,9,trial_5,3,广播站,word,y,2026-03-21 21:26:44
four_3_syllable_words,9,trial_5,4,火车票,word,y,2026-03-21 21:26:54
four_3_syllable_words,9,trial_5,cue,火,cue,y,2026-03-21 21:26:58
four_3_syllable_words,9,trial_6,1,检察官,word,y,2026-03-21 21:27:06
four_3_syllable_words,9,trial_6,2,招待所,word,y,2026-03-21 21:27:13
four_3_syllable_words,9,trial_6,3,出版社,word,y,2026-03-21 21:27:17
four_3_syllable_words,9,trial_6,4,签名册,word,y,2026-03-21 21:27:22
four_3_syllable_words,9,trial_6,cue,签,cue,y,2026-03-21 21:27:24
four_3_syllable_words,9,trial_7,1,责任感,word,y,2026-03-21 21:27:29
four_3_syllable_words,9,trial_7,2,打字员,word,y,2026-03-21 21:27:34
four_3_syllable_words,9,trial_7,3,放映厅,word,y,2026-03-21 21:27:43
four_3_syllable_words,9,trial_7,4,国务院,word,y,2026-03-21 21:27:49
four_3_syllable_words,9,trial_7,cue,打,cue,y,2026-03-21 21:27:55
four_3_syllable_words,9,trial_8,1,电冰箱,word,y,2026-03-21 21:28:00
four_3_syllable_words,9,trial_8,2,淋巴结,word,y,2026-03-21 21:28:06
four_3_syllable_words,9,trial_8,3,黑板报,word,y,2026-03-21 21:28:11
four_3_syllable_words,9,trial_8,4,介绍信,word,y,2026-03-21 21:28:17
four_3_syllable_words,9,trial_8,cue,板,cue,y,2026-03-21 21:28:23
four_3_syllable_words,9,trial_9,1,内分泌,word,y,2026-03-21 21:28:29
four_3_syllable_words,9,trial_9,2,电冰箱,word,y,2026-03-21 21:28:37
four_3_syllable_words,9,trial_9,3,社会学,word,y,2026-03-21 21:28:44
four_3_syllable_words,9,trial_9,4,打字员,word,y,2026-03-21 21:28:50
four_3_syllable_words,9,trial_9,cue,箱,cue,n,2026-03-21 21:28:58
four_3_syllable_words,9,trial_10,1,补习班,word,y,2026-03-21 21:29:01
four_3_syllable_words,9,trial_10,2,设计图,word,y,2026-03-21 21:29:06
four_3_syllable_words,9,trial_10,3,救护车,word,y,2026-03-21 21:29:12
four_3_syllable_words,9,trial_10,4,望远镜,word,y,2026-03-21 21:29:19
four_3_syllable_words,9,trial_10,cue,救,cue,y,2026-03-21 21:29:23
four_3_syllable_words,9,trial_11,1,高血压,word,y,2026-03-21 21:29:30
four_3_syllable_words,9,trial_11,2,交响悦,word,y,2026-03-21 21:29:37
four_3_syllable_words,9,trial_11,3,金黄色,word,y,2026-03-21 21:29:43
four_3_syllable_words,9,trial_11,4,畜牧业,word,y,2026-03-21 21:29:49
four_3_syllable_words,9,trial_11,cue,金,cue,y,2026-03-21 21:29:57
four_3_syllable_words,9,trial_12,1,免税店,word,y,2026-03-21 21:30:02
four_3_syllable_words,9,trial_12,2,化妆品,word,y,2026-03-21 21:30:06
four_3_syllable_words,9,trial_12,3,收音机,word,y,2026-03-21 21:30:11
four_3_syllable_words,9,trial_12,4,婚姻法,word,y,2026-03-21 21:30:19
four_3_syllable_words,9,trial_12,cue,品,cue,y,2026-03-21 21:30:23
four_3_syllable_words,9,trial_13,1,救护车,word,y,2026-03-21 21:30:27
four_3_syllable_words,9,trial_13,2,广播站,word,y,2026-03-21 21:30:36
four_3_syllable_words,9,trial_13,3,黑板报,word,y,2026-03-21 21:30:44
four_3_syllable_words,9,trial_13,4,录取线,word,y,2026-03-21 21:30:51
four_3_syllable_words,9,trial_13,cue,车,cue,y,2026-03-21 21:30:54
four_3_syllable_words,9,trial_14,1,志愿军,word,y,2026-03-21 21:31:02
four_3_syllable_words,9,trial_14,2,穿山甲,word,y,2026-03-21 21:31:07
four_3_syllable_words,9,trial_14,3,锦标赛,word,y,2026-03-21 21:31:11
four_3_syllable_words,9,trial_14,4,菜市场,word,y,2026-03-21 21:31:16
four_3_syllable_words,9,trial_14,cue,场,cue,y,2026-03-21 21:31:19
four_3_syllable_words,9,trial_15,1,重要性,word,y,2026-03-21 21:31:26
four_3_syllable_words,9,trial_15,2,运输车,word,y,2026-03-21 21:31:34
four_3_syllable_words,9,trial_15,3,科学馆,word,y,2026-03-21 21:31:39
four_3_syllable_words,9,trial_15,4,销售额,word,y,2026-03-21 21:31:44
four_3_syllable_words,9,trial_15,cue,要,cue,y,2026-03-21 21:31:46
four_3_syllable_words,9,trial_16,1,出版社,word,y,2026-03-21 21:31:51
four_3_syllable_words,9,trial_16,2,建设部,word,y,2026-03-21 21:31:57
four_3_syllable_words,9,trial_16,3,参考书,word,y,2026-03-21 21:32:02
four_3_syllable_words,9,trial_16,4,葡萄糖,word,y,2026-03-21 21:32:07
four_3_syllable_words,9,trial_16,cue,参,cue,y,2026-03-21 21:32:11
four_3_syllable_words,9,trial_17,1,氨基酸,word,y,2026-03-21 21:32:18
four_3_syllable_words,9,trial_17,2,发动机,word,y,2026-03-21 21:32:23
four_3_syllable_words,9,trial_17,3,电动车,word,y,2026-03-21 21:32:28
four_3_syllable_words,9,trial_17,4,建筑师,word,y,2026-03-21 21:32:34
four_3_syllable_words,9,trial_17,cue,电,cue,y,2026-03-21 21:32:37
four_3_syllable_words,9,trial_18,1,男籽汉,word,n,2026-03-21 21:32:42
four_3_syllable_words,9,trial_18,2,教师节,word,y,2026-03-21 21:32:47
four_3_syllable_words,9,trial_18,3,鼓风机,word,y,2026-03-21 21:32:53
four_3_syllable_words,9,trial_18,4,传叫士,word,y,2026-03-21 21:32:57
four_3_syllable_words,9,trial_18,cue,叫,cue,y,2026-03-21 21:33:00
four_3_syllable_words,9,trial_19,1,直辖市,word,y,2026-03-21 21:33:06
four_3_syllable_words,9,trial_19,2,办事处,word,y,2026-03-21 21:33:11
four_3_syllable_words,9,trial_19,3,计算题,word,y,2026-03-21 21:33:16
four_3_syllable_words,9,trial_19,4,猫头鹰,word,y,2026-03-21 21:33:21
four_3_syllable_words,9,trial_19,cue,辖,cue,y,2026-03-21 21:33:23
four_3_syllable_words,9,trial_20,1,传感器,word,y,2026-03-21 21:33:28
four_3_syllable_words,9,trial_20,2,男籽汉,word,y,2026-03-21 21:33:33
four_3_syllable_words,9,trial_20,3,婚姻法,word,y,2026-03-21 21:33:38
four_3_syllable_words,9,trial_20,4,交响悦,word,y,2026-03-21 21:33:44
four_3_syllable_words,9,trial_20,cue,响,cue,y,2026-03-21 21:33:47
four_3_syllable_words,9,trial_21,1,荧光屏,word,n,2026-03-21 21:33:53
four_3_syllable_words,9,trial_21,2,免税店,word,y,2026-03-21 21:33:57
four_3_syllable_words,9,trial_21,3,出版社,word,y,2026-03-21 21:34:02
four_3_syllable_words,9,trial_21,4,救护车,word,n,2026-03-21 21:34:10
four_3_syllable_words,9,trial_21,cue,店,cue,y,2026-03-21 21:34:13
four_3_syllable_words,9,trial_22,1,理工科,word,y,2026-03-21 21:34:19
four_3_syllable_words,9,trial_22,2,神经元,word,y,2026-03-21 21:34:24
four_3_syllable_words,9,trial_22,3,练习册,word,y,2026-03-21 21:34:28
four_3_syllable_words,9,trial_22,4,障碍物,word,y,2026-03-21 21:34:35
four_3_syllable_words,9,trial_22,cue,工,cue,y,2026-03-21 21:34:37
four_3_syllable_words,9,trial_23,1,锦标赛,word,y,2026-03-21 21:34:43
four_3_syllable_words,9,trial_23,2,主人翁,word,y,2026-03-21 21:34:50
four_3_syllable_words,9,trial_23,3,自来水,word,y,2026-03-21 21:34:57
four_3_syllable_words,9,trial_23,4,科学家,word,y,2026-03-21 21:35:02
four_3_syllable_words,9,trial_23,cue,标,cue,y,2026-03-21 21:35:04
four_3_syllable_words,9,trial_24,1,鼓风机,word,y,2026-03-21 21:35:11
four_3_syllable_words,9,trial_24,2,蒸馏水,word,y,2026-03-21 21:35:17
four_3_syllable_words,9,trial_24,3,储蓄卡,word,y,2026-03-21 21:35:23
four_3_syllable_words,9,trial_24,4,国务院,word,y,2026-03-21 21:35:29
four_3_syllable_words,9,trial_24,cue,蒸,cue,y,2026-03-21 21:35:32
four_3_syllable_words,9,trial_25,1,留学生,word,y,2026-03-21 21:35:38
four_3_syllable_words,9,trial_25,2,传叫士,word,y,2026-03-21 21:35:44
four_3_syllable_words,9,trial_25,3,加工厂,word,y,2026-03-21 21:35:50
four_3_syllable_words,9,trial_25,4,葡萄糖,word,n,2026-03-21 21:35:56
four_3_syllable_words,9,trial_25,cue,士,cue,y,2026-03-21 21:36:00
four_3_syllable_words,9,trial_26,1,生产线,word,y,2026-03-21 21:36:04
four_3_syllable_words,9,trial_26,2,天花板,word,y,2026-03-21 21:36:12
four_3_syllable_words,9,trial_26,3,参考书,word,n,2026-03-21 21:36:19
four_3_syllable_words,9,trial_26,4,幼儿园,word,y,2026-03-21 21:36:25
four_3_syllable_words,9,trial_26,cue,线,cue,y,2026-03-21 21:36:28
four_3_syllable_words,9,trial_27,1,合唱团,word,y,2026-03-21 21:36:33
four_3_syllable_words,9,trial_27,2,蒸馏水,word,y,2026-03-21 21:36:38
four_3_syllable_words,9,trial_27,3,绘画展,word,y,2026-03-21 21:36:43
four_3_syllable_words,9,trial_27,4,儿童节,word,y,2026-03-21 21:36:47
four_3_syllable_words,9,trial_27,cue,唱,cue,y,2026-03-21 21:36:50
four_3_syllable_words,9,trial_28,1,图书馆,word,y,2026-03-21 21:36:56
four_3_syllable_words,9,trial_28,2,理工科,word,y,2026-03-21 21:37:07
four_3_syllable_words,9,trial_28,3,风向标,word,y,2026-03-21 21:37:13
four_3_syllable_words,9,trial_28,4,爆破队,word,y,2026-03-21 21:37:18
four_3_syllable_words,9,trial_28,cue,科,cue,y,2026-03-21 21:37:20
four_3_syllable_words,9,trial_29,1,催化剂,word,y,2026-03-21 21:37:26
four_3_syllable_words,9,trial_29,2,宇航员,word,y,2026-03-21 21:37:32
four_3_syllable_words,9,trial_29,3,菜市场,word,y,2026-03-21 21:37:37
four_3_syllable_words,9,trial_29,4,理工科,word,y,2026-03-21 21:37:42
four_3_syllable_words,9,trial_29,cue,员,cue,y,2026-03-21 21:37:46
four_3_syllable_words,9,trial_30,1,鼓风机,word,y,2026-03-21 21:37:51
four_3_syllable_words,9,trial_30,2,冷空气,word,y,2026-03-21 21:38:03
four_3_syllable_words,9,trial_30,3,航天员,word,y,2026-03-21 21:38:08
four_3_syllable_words,9,trial_30,4,传叫士,word,y,2026-03-21 21:38:16
four_3_syllable_words,9,trial_30,cue,机,cue,y,2026-03-21 21:38:18
four_3_syllable_words,9,trial_31,1,核电站,word,y,2026-03-21 21:38:23
four_3_syllable_words,9,trial_31,2,合唱团,word,y,2026-03-21 21:38:29
four_3_syllable_words,9,trial_31,3,望远镜,word,y,2026-03-21 21:38:36
four_3_syllable_words,9,trial_31,4,单细胞,word,y,2026-03-21 21:38:46
four_3_syllable_words,9,trial_31,cue,远,cue,y,2026-03-21 21:38:49
four_3_syllable_words,9,trial_32,1,绘画展,word,y,2026-03-21 21:38:54
four_3_syllable_words,9,trial_32,2,交通灯,word,y,2026-03-21 21:38:59
four_3_syllable_words,9,trial_32,3,耗奇心,word,y,2026-03-21 21:39:05
four_3_syllable_words,9,trial_32,4,免税店,word,y,2026-03-21 21:39:13
four_3_syllable_words,9,trial_32,cue,税,cue,y,2026-03-21 21:39:15
four_3_syllable_words,9,trial_33,1,广播站,word,y,2026-03-21 21:39:22
four_3_syllable_words,9,trial_33,2,护理员,word,y,2026-03-21 21:39:28
four_3_syllable_words,9,trial_33,3,乘务员,word,y,2026-03-21 21:39:33
four_3_syllable_words,9,trial_33,4,生产线,word,y,2026-03-21 21:39:39
four_3_syllable_words,9,trial_33,cue,乘,cue,y,2026-03-21 21:39:42
four_3_syllable_words,9,trial_34,1,玻璃杯,word,y,2026-03-21 21:39:47
four_3_syllable_words,9,trial_34,2,国务院,word,y,2026-03-21 21:39:53
four_3_syllable_words,9,trial_34,3,联合国,word,y,2026-03-21 21:39:58
four_3_syllable_words,9,trial_34,4,理工科,word,y,2026-03-21 21:40:03
four_3_syllable_words,9,trial_34,cue,国,cue,y,2026-03-21 21:40:05
four_3_syllable_words,9,trial_35,1,青哨年,word,y,2026-03-21 21:40:12
four_3_syllable_words,9,trial_35,2,录音机,word,y,2026-03-21 21:40:17
four_3_syllable_words,9,trial_35,3,直辖市,word,y,2026-03-21 21:40:22
four_3_syllable_words,9,trial_35,4,呼吸道,word,y,2026-03-21 21:40:27
four_3_syllable_words,9,trial_35,cue,直,cue,y,2026-03-21 21:40:31
four_3_syllable_words,9,trial_36,1,教师节,word,y,2026-03-21 21:40:37
four_3_syllable_words,9,trial_36,2,录音机,word,y,2026-03-21 21:40:41
four_3_syllable_words,9,trial_36,3,面包机,word,y,2026-03-21 21:40:46
four_3_syllable_words,9,trial_36,4,婚姻法,word,y,2026-03-21 21:40:51
four_3_syllable_words,9,trial_36,cue,面,cue,y,2026-03-21 21:40:54
four_3_syllable_words,9,trial_37,1,耗奇心,word,y,2026-03-21 21:41:00
four_3_syllable_words,9,trial_37,2,银河系,word,y,2026-03-21 21:41:08
four_3_syllable_words,9,trial_37,3,太阳能,word,y,2026-03-21 21:41:15
four_3_syllable_words,9,trial_37,4,免税店,word,y,2026-03-21 21:41:19
four_3_syllable_words,9,trial_37,cue,奇,cue,y,2026-03-21 21:41:25
four_3_syllable_words,9,trial_38,1,检察官,word,y,2026-03-21 21:41:32
four_3_syllable_words,9,trial_38,2,补习班,word,y,2026-03-21 21:41:36
four_3_syllable_words,9,trial_38,3,交通灯,word,y,2026-03-21 21:41:41
four_3_syllable_words,9,trial_38,4,魔术师,word,y,2026-03-21 21:41:46
four_3_syllable_words,9,trial_38,cue,交,cue,y,2026-03-21 21:41:49
four_3_syllable_words,9,trial_39,1,计算题,word,y,2026-03-21 21:41:54
four_3_syllable_words,9,trial_39,2,放大镜,word,y,2026-03-21 21:41:59
four_3_syllable_words,9,trial_39,3,人行道,word,y,2026-03-21 21:42:03
four_3_syllable_words,9,trial_39,4,实验室,word,y,2026-03-21 21:42:10
four_3_syllable_words,9,trial_39,cue,验,cue,y,2026-03-21 21:42:12
four_3_syllable_words,9,trial_40,1,猫头鹰,word,y,2026-03-21 21:42:18
four_3_syllable_words,9,trial_40,2,淋巴结,word,y,2026-03-21 21:42:25
four_3_syllable_words,9,trial_40,3,消费者,word,y,2026-03-21 21:42:29
four_3_syllable_words,9,trial_40,4,同位素,word,y,2026-03-21 21:42:33
four_3_syllable_words,9,trial_40,cue,淋,cue,y,2026-03-21 21:42:35
four_3_syllable_words,9,trial_41,1,毕业证,word,y,2026-03-21 21:42:40
four_3_syllable_words,9,trial_41,2,手榴弹,word,n,2026-03-21 21:42:45
four_3_syllable_words,9,trial_41,3,接待室,word,y,2026-03-21 21:42:52
four_3_syllable_words,9,trial_41,4,催化剂,word,y,2026-03-21 21:42:59
four_3_syllable_words,9,trial_41,cue,弹,cue,n,2026-03-21 21:43:05
